Date,Store ID,Product ID,Category,Region,Inventory Level,Units Sold,Units Ordered,Price,Discount,Weather Condition,Promotion,Competitor Pricing,Seasonality,Epidemic,Demand
2022-01-01,S001,P0001,Electronics,North,195,102,252,72.72,5,Snowy,0,85.73,Winter,0,115
2022-01-01,S001,P0002,Clothing,North,117,117,249,80.16,15,Snowy,1,92.02,Winter,0,229
2022-01-01,S001,P0003,Clothing,North,247,114,612,62.94,10,Snowy,1,60.08,Winter,0,157
2022-01-01,S001,P0004,Electronics,North,139,45,102,87.63,10,Snowy,0,85.19,Winter,0,52
2022-01-01,S001,P0005,Groceries,North,152,65,271,54.41,0,Snowy,0,51.63,Winter,0,59
2022-01-01,S001,P0006,Toys,North,209,60,0,35.53,0,Snowy,0,40.01,Winter,0,55
2022-01-01,S001,P0007,Groceries,North,118,81,335,23.27,5,Snowy,0,24.78,Winter,0,94
2022-01-01,S001,P0008,Electronics,North,244,42,0,37.79,5,Snowy,0,44.85,Winter,0,61
2022-01-01,S001,P0009,Clothing,North,115,88,139,94.2,5,Snowy,0,108.7,Winter,0,129
2022-01-01,S001,P0010,Furniture,North,192,70,300,113.35,10,Snowy,0,129.98,Winter,0,69
2022-01-01,S001,P0011,Furniture,North,215,51,142,156.34,0,Snowy,0,188.96,Winter,0,64
2022-01-01,S001,P0012,Groceries,North,289,121,215,84.48,0,Snowy,0,92.02,Winter,0,104
2022-01-01,S001,P0013,Toys,North,279,113,0,33.1,5,Snowy,0,39.11,Winter,0,110
2022-01-01,S001,P0014,Groceries,North,252,121,479,80.13,10,Snowy,1,92.24,Winter,0,165
2022-01-01,S001,P0015,Toys,North,119,55,74,14.39,5,Snowy,0,13.59,Winter,0,64
2022-01-01,S001,P0016,Groceries,North,103,78,372,38.79,10,Snowy,0,35.14,Winter,0,115
2022-01-01,S001,P0017,Toys,North,128,59,0,21.21,0,Snowy,0,22.73,Winter,0,75
2022-01-01,S001,P0018,Groceries,North,281,78,0,54.4,5,Snowy,0,54.1,Winter,0,66
2022-01-01,S001,P0019,Furniture,North,281,61,0,95.56,10,Snowy,0,103.05,Winter,0,58
2022-01-01,S001,P0020,Furniture,North,266,36,0,100.47,5,Snowy,0,115.24,Winter,0,43
2022-01-01,S002,P0001,Groceries,South,102,102,331,90.89,0,Cloudy,0,81.87,Winter,0,118
2022-01-01,S002,P0002,Toys,South,193,119,192,25.68,25,Cloudy,1,30.95,Winter,0,105
2022-01-01,S002,P0003,Groceries,South,187,167,596,95.17,10,Cloudy,1,84.24,Winter,0,171
2022-01-01,S002,P0004,Groceries,South,160,111,339,39.54,10,Cloudy,0,46.57,Winter,0,110
2022-01-01,S002,P0005,Electronics,South,155,103,334,92.35,0,Cloudy,0,104.72,Winter,0,94
2022-01-01,S002,P0006,Clothing,South,198,79,0,64.0,5,Cloudy,0,57.37,Winter,0,88
2022-01-01,S002,P0007,Toys,South,233,89,226,25.47,10,Cloudy,0,30.08,Winter,0,93
2022-01-01,S002,P0008,Groceries,South,124,124,99,25.63,5,Cloudy,0,29.79,Winter,0,112
2022-01-01,S002,P0009,Groceries,South,131,131,260,64.84,10,Cloudy,0,68.68,Winter,0,145
2022-01-01,S002,P0010,Groceries,South,242,118,194,117.17,5,Cloudy,0,106.37,Winter,0,195
2022-01-01,S002,P0011,Groceries,South,206,49,191,84.71,10,Cloudy,0,76.07,Winter,0,79
2022-01-01,S002,P0012,Electronics,South,197,78,413,78.86,0,Cloudy,0,69.84,Winter,0,122
2022-01-01,S002,P0013,Groceries,South,152,93,331,21.76,10,Cloudy,0,21.12,Winter,0,109
2022-01-01,S002,P0014,Electronics,South,153,69,289,100.18,10,Cloudy,1,108.96,Winter,0,63
2022-01-01,S002,P0015,Clothing,South,106,70,457,65.19,10,Cloudy,0,64.23,Winter,0,96
2022-01-01,S002,P0016,Clothing,South,113,113,323,111.87,5,Cloudy,0,118.76,Winter,0,194
2022-01-01,S002,P0017,Toys,South,153,72,196,18.89,5,Cloudy,0,18.27,Winter,0,65
2022-01-01,S002,P0018,Clothing,South,126,69,86,27.67,0,Cloudy,0,26.08,Winter,0,79
2022-01-01,S002,P0019,Clothing,South,164,82,391,83.09,10,Cloudy,0,74.12,Winter,0,96
2022-01-01,S002,P0020,Furniture,South,126,43,132,125.8,0,Cloudy,0,110.88,Winter,0,53
2022-01-01,S003,P0001,Toys,East,182,109,193,16.85,10,Sunny,0,15.48,Winter,0,112
2022-01-01,S003,P0002,Groceries,East,290,56,236,50.42,10,Sunny,1,45.94,Winter,0,82
2022-01-01,S003,P0003,Electronics,East,122,122,127,83.17,20,Sunny,1,72.09,Winter,0,126
2022-01-01,S003,P0004,Groceries,East,203,122,518,26.29,5,Sunny,0,30.05,Winter,0,158
2022-01-01,S003,P0005,Toys,East,253,40,212,19.8,5,Sunny,0,17.3,Winter,0,57
2022-01-01,S003,P0006,Toys,East,227,106,0,44.64,0,Sunny,0,50.46,Winter,0,136
2022-01-01,S003,P0007,Groceries,East,247,123,552,18.65,0,Sunny,0,21.62,Winter,0,142
2022-01-01,S003,P0008,Clothing,East,297,61,0,113.01,0,Sunny,0,126.44,Winter,0,89
2022-01-01,S003,P0009,Groceries,East,226,96,0,56.32,5,Sunny,0,66.33,Winter,0,126
2022-01-01,S003,P0010,Groceries,East,167,70,127,36.21,10,Sunny,0,39.87,Winter,0,106
2022-01-01,S003,P0011,Electronics,East,159,157,293,131.16,10,Sunny,0,139.75,Winter,0,149
2022-01-01,S003,P0012,Furniture,East,126,58,131,105.94,0,Sunny,0,103.35,Winter,0,80
2022-01-01,S003,P0013,Groceries,East,105,105,743,86.78,10,Sunny,0,78.8,Winter,0,176
2022-01-01,S003,P0014,Groceries,East,271,27,0,61.69,25,Sunny,1,53.36,Winter,0,44
2022-01-01,S003,P0015,Groceries,East,166,131,500,98.46,10,Sunny,0,104.52,Winter,0,133
2022-01-01,S003,P0016,Electronics,East,292,80,0,94.11,10,Sunny,0,107.33,Winter,0,108
2022-01-01,S003,P0017,Furniture,East,204,53,380,112.23,10,Sunny,0,133.9,Winter,0,82
2022-01-01,S003,P0018,Furniture,East,289,56,316,134.95,5,Sunny,0,125.53,Winter,0,75
2022-01-01,S003,P0019,Groceries,East,201,109,0,59.71,0,Sunny,0,70.74,Winter,0,123
2022-01-01,S003,P0020,Clothing,East,250,41,270,65.81,5,Sunny,0,57.66,Winter,0,61
2022-01-01,S004,P0001,Groceries,West,215,85,287,10.47,0,Snowy,0,11.51,Winter,0,81
2022-01-01,S004,P0002,Groceries,West,283,67,0,19.12,10,Snowy,1,20.62,Winter,0,112
2022-01-01,S004,P0003,Furniture,West,161,92,407,134.16,20,Snowy,1,117.74,Winter,0,114
2022-01-01,S004,P0004,Groceries,West,168,88,252,51.64,0,Snowy,0,57.32,Winter,0,86
2022-01-01,S004,P0005,Clothing,West,289,197,0,89.23,10,Snowy,0,77.73,Winter,0,183
2022-01-01,S004,P0006,Groceries,West,206,48,162,35.33,0,Snowy,0,34.77,Winter,0,73
2022-01-01,S004,P0007,Groceries,West,185,43,253,24.34,5,Snowy,0,26.46,Winter,0,65
2022-01-01,S004,P0008,Furniture,West,281,59,0,100.64,0,Snowy,0,118.02,Winter,0,80
2022-01-01,S004,P0009,Clothing,West,206,106,299,110.47,5,Snowy,0,122.04,Winter,0,98
2022-01-01,S004,P0010,Groceries,West,223,120,597,30.02,0,Snowy,0,29.15,Winter,0,128
2022-01-01,S004,P0011,Clothing,West,195,60,293,52.89,0,Snowy,0,62.29,Winter,0,61
2022-01-01,S004,P0012,Electronics,West,111,111,113,118.15,0,Snowy,0,133.46,Winter,0,103
2022-01-01,S004,P0013,Groceries,West,136,104,385,20.24,10,Snowy,0,18.9,Winter,0,110
2022-01-01,S004,P0014,Furniture,West,110,52,122,148.46,10,Snowy,1,178.25,Winter,0,70
2022-01-01,S004,P0015,Furniture,West,249,42,0,86.47,5,Snowy,0,81.87,Winter,0,44
2022-01-01,S004,P0016,Furniture,West,155,74,218,110.39,10,Snowy,0,101.16,Winter,0,71
2022-01-01,S004,P0017,Clothing,West,232,65,0,84.83,10,Snowy,0,94.7,Winter,0,85
2022-01-01,S004,P0018,Furniture,West,165,64,0,141.31,10,Snowy,0,150.73,Winter,0,67
2022-01-01,S004,P0019,Clothing,West,146,125,103,56.86,10,Snowy,0,64.61,Winter,0,111
2022-01-01,S004,P0020,Furniture,West,290,52,0,124.97,10,Snowy,0,110.39,Winter,0,76
2022-01-01,S005,P0001,Groceries,North,182,75,198,11.46,5,Snowy,0,9.92,Winter,0,84
2022-01-01,S005,P0002,Electronics,North,131,131,474,48.68,10,Snowy,1,51.85,Winter,0,186
2022-01-01,S005,P0003,Toys,North,247,145,0,29.57,20,Snowy,1,26.3,Winter,0,143
2022-01-01,S005,P0004,Groceries,North,195,143,114,7.45,10,Snowy,0,8.33,Winter,0,121
2022-01-01,S005,P0005,Groceries,North,187,126,344,20.02,0,Snowy,0,18.12,Winter,0,148
2022-01-01,S005,P0006,Groceries,North,280,59,300,53.49,5,Snowy,0,52.34,Winter,0,67
2022-01-01,S005,P0007,Groceries,North,297,74,0,82.73,0,Snowy,0,79.8,Winter,0,85
2022-01-01,S005,P0008,Groceries,North,229,165,0,73.42,0,Snowy,0,84.61,Winter,0,149
2022-01-01,S005,P0009,Groceries,North,270,59,268,94.75,0,Snowy,0,112.34,Winter,0,94
2022-01-01,S005,P0010,Groceries,North,132,132,436,70.86,0,Snowy,0,63.54,Winter,0,136
2022-01-01,S005,P0011,Electronics,North,220,17,0,62.12,0,Snowy,0,55.78,Winter,0,15
2022-01-01,S005,P0012,Furniture,North,230,71,371,133.86,5,Snowy,0,118.2,Winter,0,84
2022-01-01,S005,P0013,Groceries,North,145,82,328,71.03,10,Snowy,0,78.02,Winter,0,116
2022-01-01,S005,P0014,Furniture,North,193,63,219,161.18,10,Snowy,1,156.66,Winter,0,82
2022-01-01,S005,P0015,Groceries,North,132,108,203,44.36,10,Snowy,0,52.84,Winter,0,93
2022-01-01,S005,P0016,Toys,North,131,59,191,32.84,0,Snowy,0,39.5,Winter,0,76
2022-01-01,S005,P0017,Toys,North,159,89,73,33.04,10,Snowy,0,37.53,Winter,0,88
2022-01-01,S005,P0018,Clothing,North,245,68,0,22.41,0,Snowy,0,22.24,Winter,0,88
2022-01-01,S005,P0019,Furniture,North,202,42,0,119.15,10,Snowy,0,102.4,Winter,0,47
2022-01-01,S005,P0020,Toys,North,131,79,105,28.66,10,Snowy,0,34.32,Winter,0,104
2022-01-02,S001,P0001,Electronics,North,93,71,0,65.63,5,Snowy,0,73.66,Winter,0,84
2022-01-02,S001,P0002,Clothing,North,249,116,0,74.44,10,Snowy,0,87.66,Winter,0,175
2022-01-02,S001,P0003,Clothing,North,133,130,0,66.15,0,Snowy,0,74.15,Winter,0,156
2022-01-02,S001,P0004,Electronics,North,94,82,183,91.64,10,Snowy,0,105.17,Winter,0,78
2022-01-02,S001,P0005,Groceries,North,87,87,487,63.35,0,Snowy,0,61.2,Winter,0,103
2022-01-02,S001,P0006,Toys,North,149,77,172,36.93,5,Snowy,0,32.24,Winter,0,65
2022-01-02,S001,P0007,Groceries,North,37,37,497,27.22,0,Snowy,0,31.11,Winter,0,127
2022-01-02,S001,P0008,Electronics,North,202,37,0,37.38,5,Snowy,0,42.34,Winter,0,58
2022-01-02,S001,P0009,Clothing,North,166,133,107,93.21,10,Snowy,0,83.66,Winter,0,126
2022-01-02,S001,P0010,Furniture,North,122,105,498,129.03,10,Snowy,1,139.76,Winter,0,107
2022-01-02,S001,P0011,Furniture,North,164,152,264,175.19,10,Snowy,1,187.65,Winter,0,130
2022-01-02,S001,P0012,Groceries,North,168,168,397,96.27,10,Snowy,1,109.41,Winter,0,187
2022-01-02,S001,P0013,Toys,North,166,73,90,32.72,10,Snowy,0,28.94,Winter,0,107
2022-01-02,S001,P0014,Groceries,North,131,81,0,70.94,0,Snowy,0,66.18,Winter,0,75
2022-01-02,S001,P0015,Toys,North,138,117,109,15.17,10,Snowy,1,16.81,Winter,0,110
2022-01-02,S001,P0016,Groceries,North,25,25,0,35.58,0,Snowy,0,30.98,Winter,0,59
2022-01-02,S001,P0017,Toys,North,69,33,50,17.76,10,Snowy,0,16.08,Winter,0,42
2022-01-02,S001,P0018,Groceries,North,203,172,155,66.33,10,Snowy,0,56.8,Winter,0,144
2022-01-02,S001,P0019,Furniture,North,220,35,0,93.29,10,Snowy,0,99.51,Winter,0,52
2022-01-02,S001,P0020,Furniture,North,230,93,432,119.87,10,Snowy,0,111.8,Winter,0,92
2022-01-02,S002,P0001,Groceries,South,0,0,350,86.71,10,Cloudy,0,85.0,Winter,0,137
2022-01-02,S002,P0002,Toys,South,74,61,0,31.7,0,Cloudy,0,36.09,Winter,0,82
2022-01-02,S002,P0003,Groceries,South,20,20,0,66.64,10,Cloudy,0,61.22,Winter,0,58
2022-01-02,S002,P0004,Groceries,South,49,40,0,36.7,5,Cloudy,0,35.23,Winter,0,59
2022-01-02,S002,P0005,Electronics,South,52,52,412,98.83,5,Cloudy,0,94.92,Winter,0,115
2022-01-02,S002,P0006,Clothing,South,119,116,137,66.76,10,Cloudy,0,59.62,Winter,0,117
2022-01-02,S002,P0007,Toys,South,144,95,0,30.0,0,Cloudy,0,28.44,Winter,0,95
2022-01-02,S002,P0008,Groceries,South,99,99,153,29.35,0,Cloudy,0,34.68,Winter,0,140
2022-01-02,S002,P0009,Groceries,South,0,0,263,74.78,0,Cloudy,0,83.48,Winter,0,158
2022-01-02,S002,P0010,Groceries,South,318,179,0,101.56,25,Cloudy,1,98.18,Winter,0,234
2022-01-02,S002,P0011,Groceries,South,157,135,474,91.4,15,Cloudy,1,109.66,Winter,0,137
2022-01-02,S002,P0012,Electronics,South,119,75,511,65.63,15,Cloudy,1,56.85,Winter,0,115
2022-01-02,S002,P0013,Groceries,South,59,45,0,20.47,0,Cloudy,0,22.07,Winter,0,75
2022-01-02,S002,P0014,Electronics,South,84,84,564,134.04,10,Cloudy,0,124.77,Winter,0,135
2022-01-02,S002,P0015,Clothing,South,36,36,604,65.22,20,Cloudy,1,71.11,Winter,0,152
2022-01-02,S002,P0016,Clothing,South,0,0,260,107.38,0,Cloudy,0,114.77,Winter,0,159
2022-01-02,S002,P0017,Toys,South,81,63,323,18.69,10,Cloudy,0,20.42,Winter,0,92
2022-01-02,S002,P0018,Clothing,South,143,74,87,26.16,5,Cloudy,0,31.4,Winter,0,92
2022-01-02,S002,P0019,Clothing,South,82,66,439,93.88,0,Cloudy,0,85.41,Winter,0,101
2022-01-02,S002,P0020,Furniture,South,83,77,214,134.4,0,Cloudy,0,124.57,Winter,0,70
2022-01-02,S003,P0001,Toys,East,73,73,0,15.76,5,Cloudy,0,16.81,Winter,0,91
2022-01-02,S003,P0002,Groceries,East,234,175,548,63.12,10,Cloudy,0,55.32,Winter,0,154
2022-01-02,S003,P0003,Electronics,East,127,125,160,109.88,0,Cloudy,0,107.36,Winter,0,145
2022-01-02,S003,P0004,Groceries,East,81,39,0,19.9,0,Cloudy,0,22.28,Winter,0,56
2022-01-02,S003,P0005,Toys,East,213,59,0,20.05,10,Cloudy,0,17.73,Winter,0,75
2022-01-02,S003,P0006,Toys,East,121,70,96,40.69,0,Cloudy,0,39.79,Winter,0,91
2022-01-02,S003,P0007,Groceries,East,124,124,0,16.3,10,Cloudy,0,19.56,Winter,0,132
2022-01-02,S003,P0008,Clothing,East,236,121,306,132.2,5,Cloudy,0,148.43,Winter,0,156
2022-01-02,S003,P0009,Groceries,East,130,78,86,52.56,10,Cloudy,0,51.15,Winter,0,105
2022-01-02,S003,P0010,Groceries,East,224,92,0,32.73,20,Cloudy,1,32.0,Winter,0,96
2022-01-02,S003,P0011,Electronics,East,2,2,386,113.61,25,Cloudy,1,126.49,Winter,0,163
2022-01-02,S003,P0012,Furniture,East,68,62,224,90.21,15,Cloudy,1,106.9,Winter,0,95
2022-01-02,S003,P0013,Groceries,East,0,0,0,69.14,0,Cloudy,0,72.85,Winter,0,83
2022-01-02,S003,P0014,Groceries,East,244,52,0,84.21,0,Cloudy,0,83.63,Winter,0,50
2022-01-02,S003,P0015,Groceries,East,35,35,622,100.93,20,Cloudy,1,120.1,Winter,0,185
2022-01-02,S003,P0016,Electronics,East,212,126,289,126.78,0,Cloudy,0,110.11,Winter,0,156
2022-01-02,S003,P0017,Furniture,East,151,37,0,107.38,5,Cloudy,0,92.46,Winter,0,42
2022-01-02,S003,P0018,Furniture,East,233,65,0,127.98,10,Cloudy,0,148.9,Winter,0,90
2022-01-02,S003,P0019,Groceries,East,92,92,95,56.72,5,Cloudy,0,55.93,Winter,0,107
2022-01-02,S003,P0020,Clothing,East,209,60,0,73.57,5,Cloudy,0,62.9,Winter,0,92
2022-01-02,S004,P0001,Groceries,West,130,130,734,12.67,10,Sunny,0,11.95,Winter,0,160
2022-01-02,S004,P0002,Groceries,West,216,121,225,23.71,0,Sunny,0,21.48,Winter,0,131
2022-01-02,S004,P0003,Furniture,West,69,69,0,142.86,5,Sunny,0,134.09,Winter,0,81
2022-01-02,S004,P0004,Groceries,West,80,20,0,38.88,5,Sunny,0,44.68,Winter,0,26
2022-01-02,S004,P0005,Clothing,West,92,92,152,83.84,10,Sunny,0,88.73,Winter,0,178
2022-01-02,S004,P0006,Groceries,West,158,149,268,40.95,5,Sunny,0,34.97,Winter,0,134
2022-01-02,S004,P0007,Groceries,West,142,142,563,36.85,0,Sunny,0,35.75,Winter,0,164
2022-01-02,S004,P0008,Furniture,West,222,28,0,84.29,5,Sunny,0,90.72,Winter,0,46
2022-01-02,S004,P0009,Clothing,West,100,100,494,120.17,10,Sunny,0,135.44,Winter,0,142
2022-01-02,S004,P0010,Groceries,West,103,103,0,23.81,20,Sunny,1,26.5,Winter,0,142
2022-01-02,S004,P0011,Clothing,West,135,130,688,64.39,25,Sunny,1,58.88,Winter,0,205
2022-01-02,S004,P0012,Electronics,West,113,90,71,94.35,15,Sunny,1,102.02,Winter,0,84
2022-01-02,S004,P0013,Groceries,West,32,32,501,24.95,0,Sunny,0,23.75,Winter,0,144
2022-01-02,S004,P0014,Furniture,West,58,58,185,175.28,0,Sunny,0,193.4,Winter,0,87
2022-01-02,S004,P0015,Furniture,West,207,72,200,74.92,20,Sunny,1,82.61,Winter,0,65
2022-01-02,S004,P0016,Furniture,West,81,67,0,122.71,0,Sunny,0,148.34,Winter,0,86
2022-01-02,S004,P0017,Clothing,West,167,99,149,117.24,0,Sunny,0,111.57,Winter,0,138
2022-01-02,S004,P0018,Furniture,West,101,94,104,169.09,5,Sunny,0,163.21,Winter,0,87
2022-01-02,S004,P0019,Clothing,West,124,124,162,66.93,5,Sunny,0,79.53,Winter,0,148
2022-01-02,S004,P0020,Furniture,West,238,56,0,114.9,5,Sunny,0,133.94,Winter,0,53
2022-01-02,S005,P0001,Groceries,North,107,81,0,11.7,0,Snowy,0,10.06,Winter,0,75
2022-01-02,S005,P0002,Electronics,North,0,0,0,40.81,10,Snowy,0,38.43,Winter,0,106
2022-01-02,S005,P0003,Toys,North,102,87,109,29.13,10,Snowy,0,28.91,Winter,0,100
2022-01-02,S005,P0004,Groceries,North,166,77,109,7.79,10,Snowy,0,7.23,Winter,0,119
2022-01-02,S005,P0005,Groceries,North,61,61,0,15.31,10,Snowy,0,13.22,Winter,0,95
2022-01-02,S005,P0006,Groceries,North,221,122,540,56.83,10,Snowy,0,60.46,Winter,0,116
2022-01-02,S005,P0007,Groceries,North,223,3,0,56.72,0,Snowy,0,64.26,Winter,0,4
2022-01-02,S005,P0008,Groceries,North,64,64,103,58.77,10,Snowy,0,55.01,Winter,0,94
2022-01-02,S005,P0009,Groceries,North,211,80,0,103.03,0,Snowy,0,88.63,Winter,0,104
2022-01-02,S005,P0010,Groceries,North,0,0,629,72.29,10,Snowy,1,64.1,Winter,0,182
2022-01-02,S005,P0011,Electronics,North,203,51,260,57.17,20,Snowy,1,64.73,Winter,0,62
2022-01-02,S005,P0012,Furniture,North,159,117,439,131.02,10,Snowy,1,157.89,Winter,0,110
2022-01-02,S005,P0013,Groceries,North,63,63,319,75.5,5,Snowy,0,89.57,Winter,0,118
2022-01-02,S005,P0014,Furniture,North,130,47,0,160.24,5,Snowy,0,152.98,Winter,0,65
2022-01-02,S005,P0015,Groceries,North,24,24,192,45.46,15,Snowy,1,49.28,Winter,0,118
2022-01-02,S005,P0016,Toys,North,72,72,209,35.13,0,Snowy,0,34.06,Winter,0,81
2022-01-02,S005,P0017,Toys,North,143,61,0,31.63,5,Snowy,0,35.51,Winter,0,60
2022-01-02,S005,P0018,Clothing,North,177,177,239,28.59,10,Snowy,0,27.16,Winter,0,211
2022-01-02,S005,P0019,Furniture,North,160,37,113,119.41,10,Snowy,0,139.55,Winter,0,61
2022-01-02,S005,P0020,Toys,North,157,56,0,26.62,10,Snowy,0,23.56,Winter,0,68
2022-01-03,S001,P0001,Electronics,North,274,142,229,68.55,15,Snowy,1,80.73,Winter,0,132
2022-01-03,S001,P0002,Clothing,North,133,92,118,78.32,0,Snowy,0,77.58,Winter,0,137
2022-01-03,S001,P0003,Clothing,North,3,3,0,51.3,10,Snowy,1,56.0,Winter,0,106
2022-01-03,S001,P0004,Electronics,North,114,55,0,91.74,5,Snowy,0,105.94,Winter,0,63
2022-01-03,S001,P0005,Groceries,North,0,0,761,58.17,25,Snowy,1,57.29,Winter,0,172
2022-01-03,S001,P0006,Toys,North,72,72,281,36.37,15,Snowy,1,36.01,Winter,0,92
2022-01-03,S001,P0007,Groceries,North,0,0,0,23.81,5,Snowy,0,25.21,Winter,0,101
2022-01-03,S001,P0008,Electronics,North,165,56,0,42.35,0,Snowy,0,38.38,Winter,0,64
2022-01-03,S001,P0009,Clothing,North,140,88,109,98.1,0,Snowy,0,86.64,Winter,0,109
2022-01-03,S001,P0010,Furniture,North,17,17,0,138.64,0,Snowy,0,124.61,Winter,0,82
2022-01-03,S001,P0011,Furniture,North,154,62,0,152.23,10,Snowy,0,175.99,Winter,0,86
2022-01-03,S001,P0012,Groceries,North,215,165,0,88.83,20,Snowy,1,97.64,Winter,0,201
2022-01-03,S001,P0013,Toys,North,183,47,0,29.75,0,Snowy,0,35.18,Winter,0,64
2022-01-03,S001,P0014,Groceries,North,50,50,0,81.49,5,Snowy,0,79.61,Winter,0,134
2022-01-03,S001,P0015,Toys,North,130,92,80,16.43,0,Snowy,0,14.9,Winter,0,86
2022-01-03,S001,P0016,Groceries,North,0,0,553,45.61,15,Snowy,1,40.77,Winter,0,193
2022-01-03,S001,P0017,Toys,North,86,59,94,22.74,0,Snowy,0,21.56,Winter,0,80
2022-01-03,S001,P0018,Groceries,North,186,134,115,72.12,0,Snowy,0,65.71,Winter,0,137
2022-01-03,S001,P0019,Furniture,North,185,48,0,104.22,10,Snowy,0,95.66,Winter,0,68
2022-01-03,S001,P0020,Furniture,North,137,85,0,94.75,25,Snowy,1,86.97,Winter,0,77
2022-01-03,S002,P0001,Groceries,South,0,0,0,84.32,20,Cloudy,1,92.33,Winter,0,189
2022-01-03,S002,P0002,Toys,South,205,64,166,33.62,5,Cloudy,0,30.87,Winter,0,100
2022-01-03,S002,P0003,Groceries,South,0,0,0,69.5,10,Cloudy,1,79.43,Winter,0,84
2022-01-03,S002,P0004,Groceries,South,9,9,0,37.8,0,Cloudy,0,37.38,Winter,0,53
2022-01-03,S002,P0005,Electronics,South,0,0,0,103.86,10,Cloudy,1,91.4,Winter,0,150
2022-01-03,S002,P0006,Clothing,South,140,140,172,67.06,25,Cloudy,1,64.59,Winter,0,184
2022-01-03,S002,P0007,Toys,South,49,49,300,27.9,0,Cloudy,0,33.63,Winter,0,89
2022-01-03,S002,P0008,Groceries,South,153,126,155,30.53,0,Cloudy,0,36.87,Winter,0,154
2022-01-03,S002,P0009,Groceries,South,260,134,0,68.23,10,Cloudy,0,64.5,Winter,0,145
2022-01-03,S002,P0010,Groceries,South,139,116,107,86.08,10,Cloudy,0,81.12,Winter,0,105
2022-01-03,S002,P0011,Groceries,South,22,22,0,109.82,0,Cloudy,0,124.57,Winter,0,144
2022-01-03,S002,P0012,Electronics,South,44,44,0,70.05,20,Cloudy,1,59.81,Winter,0,158
2022-01-03,S002,P0013,Groceries,South,14,14,0,18.11,10,Cloudy,0,21.08,Winter,0,70
2022-01-03,S002,P0014,Electronics,South,0,0,0,125.35,10,Cloudy,0,120.17,Winter,0,113
2022-01-03,S002,P0015,Clothing,South,0,0,0,74.64,10,Cloudy,0,83.24,Winter,0,158
2022-01-03,S002,P0016,Clothing,South,323,113,0,69.5,25,Cloudy,1,74.88,Winter,0,109
2022-01-03,S002,P0017,Toys,South,18,18,0,20.44,0,Cloudy,0,23.47,Winter,0,87
2022-01-03,S002,P0018,Clothing,South,156,96,121,29.14,10,Cloudy,0,24.82,Winter,0,127
2022-01-03,S002,P0019,Clothing,South,16,16,0,96.98,5,Cloudy,0,109.82,Winter,0,145
2022-01-03,S002,P0020,Furniture,South,6,6,0,82.98,25,Cloudy,1,73.24,Winter,0,22
2022-01-03,S003,P0001,Toys,East,193,117,316,18.83,10,Cloudy,1,20.46,Winter,0,168
2022-01-03,S003,P0002,Groceries,East,59,59,0,60.46,0,Cloudy,0,57.57,Winter,0,104
2022-01-03,S003,P0003,Electronics,East,162,162,197,102.13,10,Cloudy,1,118.42,Winter,0,175
2022-01-03,S003,P0004,Groceries,East,42,42,0,20.88,10,Cloudy,0,24.94,Winter,0,99
2022-01-03,S003,P0005,Toys,East,154,48,0,17.78,15,Cloudy,1,21.3,Winter,0,72
2022-01-03,S003,P0006,Toys,East,147,27,0,28.63,15,Cloudy,1,25.6,Winter,0,40
2022-01-03,S003,P0007,Groceries,East,0,0,0,16.06,5,Cloudy,0,19.09,Winter,0,109
2022-01-03,S003,P0008,Clothing,East,115,114,0,123.69,10,Cloudy,0,119.72,Winter,0,134
2022-01-03,S003,P0009,Groceries,East,138,126,156,56.93,10,Cloudy,0,48.4,Winter,0,131
2022-01-03,S003,P0010,Groceries,East,132,127,173,52.41,5,Cloudy,0,48.68,Winter,0,200
2022-01-03,S003,P0011,Electronics,East,293,62,0,105.49,5,Cloudy,0,125.46,Winter,0,65
2022-01-03,S003,P0012,Furniture,East,137,137,306,93.48,25,Cloudy,1,98.69,Winter,0,148
2022-01-03,S003,P0013,Groceries,East,0,0,681,94.01,0,Cloudy,0,89.45,Winter,0,166
2022-01-03,S003,P0014,Groceries,East,192,64,244,89.29,5,Cloudy,0,95.52,Winter,0,95
2022-01-03,S003,P0015,Groceries,East,0,0,0,81.54,0,Cloudy,0,91.17,Winter,0,47
2022-01-03,S003,P0016,Electronics,East,86,86,0,87.62,25,Cloudy,1,76.74,Winter,0,127
2022-01-03,S003,P0017,Furniture,East,114,51,0,114.31,0,Cloudy,0,127.68,Winter,0,58
2022-01-03,S003,P0018,Furniture,East,168,43,0,125.69,5,Cloudy,0,151.98,Winter,0,70
2022-01-03,S003,P0019,Groceries,East,95,95,139,65.05,0,Cloudy,0,58.48,Winter,0,134
2022-01-03,S003,P0020,Clothing,East,149,149,753,77.03,20,Cloudy,1,84.13,Winter,0,184
2022-01-03,S004,P0001,Groceries,West,0,0,0,12.83,15,Sunny,1,15.38,Winter,0,207
2022-01-03,S004,P0002,Groceries,West,95,75,0,18.58,10,Sunny,0,17.47,Winter,0,88
2022-01-03,S004,P0003,Furniture,West,0,0,374,126.27,20,Sunny,1,149.23,Winter,0,111
2022-01-03,S004,P0004,Groceries,West,60,54,229,55.0,0,Sunny,0,52.98,Winter,0,90
2022-01-03,S004,P0005,Clothing,West,152,125,123,71.68,15,Sunny,1,63.8,Winter,0,125
2022-01-03,S004,P0006,Groceries,West,171,92,0,29.24,25,Sunny,1,33.69,Winter,0,118
2022-01-03,S004,P0007,Groceries,West,0,0,0,29.23,0,Sunny,0,28.51,Winter,0,88
2022-01-03,S004,P0008,Furniture,West,194,86,0,98.36,10,Sunny,0,96.97,Winter,0,89
2022-01-03,S004,P0009,Clothing,West,0,0,0,128.21,0,Sunny,0,149.55,Winter,0,129
2022-01-03,S004,P0010,Groceries,West,0,0,0,25.38,10,Sunny,0,26.82,Winter,0,124
2022-01-03,S004,P0011,Clothing,West,5,5,0,69.83,10,Sunny,0,66.82,Winter,0,166
2022-01-03,S004,P0012,Electronics,West,94,94,163,114.62,25,Sunny,1,112.97,Winter,0,173
2022-01-03,S004,P0013,Groceries,West,0,0,0,22.69,0,Sunny,0,19.79,Winter,0,113
2022-01-03,S004,P0014,Furniture,West,122,61,0,151.73,10,Sunny,0,148.19,Winter,0,62
2022-01-03,S004,P0015,Furniture,West,135,67,0,85.0,10,Sunny,0,97.01,Winter,0,67
2022-01-03,S004,P0016,Furniture,West,14,14,365,116.65,10,Sunny,1,139.43,Winter,0,102
2022-01-03,S004,P0017,Clothing,West,217,98,144,105.0,5,Sunny,0,120.75,Winter,0,136
2022-01-03,S004,P0018,Furniture,West,111,111,133,185.13,10,Sunny,0,183.17,Winter,0,133
2022-01-03,S004,P0019,Clothing,West,162,82,0,55.99,0,Sunny,0,67.46,Winter,0,75
2022-01-03,S004,P0020,Furniture,West,182,71,204,111.07,25,Sunny,1,95.71,Winter,0,95
2022-01-03,S005,P0001,Groceries,North,224,98,190,10.87,15,Snowy,1,11.79,Winter,0,117
2022-01-03,S005,P0002,Electronics,North,0,0,0,38.42,10,Snowy,0,41.22,Winter,0,104
2022-01-03,S005,P0003,Toys,North,124,99,141,29.53,10,Snowy,1,33.0,Winter,0,120
2022-01-03,S005,P0004,Groceries,North,198,48,0,6.37,10,Snowy,0,6.14,Winter,0,60
2022-01-03,S005,P0005,Groceries,North,344,126,0,15.19,20,Snowy,1,14.86,Winter,0,130
2022-01-03,S005,P0006,Groceries,North,99,99,0,57.2,20,Snowy,1,66.25,Winter,0,159
2022-01-03,S005,P0007,Groceries,North,220,57,136,77.66,5,Snowy,0,76.61,Winter,0,81
2022-01-03,S005,P0008,Groceries,North,103,38,58,54.45,5,Snowy,0,50.65,Winter,0,58
2022-01-03,S005,P0009,Groceries,North,131,69,0,98.97,0,Snowy,0,104.66,Winter,0,108
2022-01-03,S005,P0010,Groceries,North,0,0,0,67.22,10,Snowy,0,74.94,Winter,0,174
2022-01-03,S005,P0011,Electronics,North,152,73,0,75.78,10,Snowy,0,72.22,Winter,0,93
2022-01-03,S005,P0012,Furniture,North,42,42,0,143.23,10,Snowy,1,138.45,Winter,0,122
2022-01-03,S005,P0013,Groceries,North,0,0,0,74.98,0,Snowy,0,83.33,Winter,0,100
2022-01-03,S005,P0014,Furniture,North,83,83,319,178.05,0,Snowy,0,202.29,Winter,0,95
2022-01-03,S005,P0015,Groceries,North,203,80,0,50.38,5,Snowy,0,54.94,Winter,0,116
2022-01-03,S005,P0016,Toys,North,0,0,614,41.54,10,Snowy,1,36.53,Winter,0,171
2022-01-03,S005,P0017,Toys,North,82,82,130,40.18,0,Snowy,0,45.01,Winter,0,115
2022-01-03,S005,P0018,Clothing,North,239,65,0,18.73,10,Snowy,0,16.1,Winter,0,67
2022-01-03,S005,P0019,Furniture,North,123,78,0,129.42,5,Snowy,0,137.11,Winter,0,68
2022-01-03,S005,P0020,Toys,North,101,50,73,25.7,10,Snowy,1,27.74,Winter,0,72
2022-01-04,S001,P0001,Electronics,North,132,42,0,61.66,10,Snowy,0,54.88,Winter,0,67
2022-01-04,S001,P0002,Clothing,North,159,113,102,69.87,0,Snowy,0,81.54,Winter,0,116
2022-01-04,S001,P0003,Clothing,North,0,0,0,46.51,20,Snowy,1,41.33,Winter,0,96
2022-01-04,S001,P0004,Electronics,North,242,58,0,88.09,5,Snowy,0,100.36,Winter,0,52
2022-01-04,S001,P0005,Groceries,North,0,0,0,52.34,20,Snowy,1,61.75,Winter,0,129
2022-01-04,S001,P0006,Toys,North,0,0,0,37.81,10,Snowy,0,32.55,Winter,0,86
2022-01-04,S001,P0007,Groceries,North,0,0,0,25.59,20,Snowy,1,30.25,Winter,0,185
2022-01-04,S001,P0008,Electronics,North,109,109,141,43.67,10,Snowy,0,48.84,Winter,0,119
2022-01-04,S001,P0009,Clothing,North,161,88,115,81.46,15,Snowy,1,70.34,Winter,0,101
2022-01-04,S001,P0010,Furniture,North,0,0,0,133.12,0,Snowy,0,125.09,Winter,0,71
2022-01-04,S001,P0011,Furniture,North,356,54,0,151.43,10,Snowy,0,148.93,Winter,0,70
2022-01-04,S001,P0012,Groceries,North,447,65,0,75.21,10,Snowy,1,87.92,Winter,0,101
2022-01-04,S001,P0013,Toys,North,136,79,147,28.99,25,Snowy,1,25.69,Winter,0,126
2022-01-04,S001,P0014,Groceries,North,479,147,368,76.99,10,Snowy,1,73.32,Winter,0,133
2022-01-04,S001,P0015,Toys,North,118,81,74,15.01,0,Snowy,0,16.1,Winter,0,75
2022-01-04,S001,P0016,Groceries,North,372,100,0,40.46,0,Snowy,0,47.46,Winter,0,111
2022-01-04,S001,P0017,Toys,North,121,59,0,18.23,10,Snowy,1,21.61,Winter,0,62
2022-01-04,S001,P0018,Groceries,North,167,63,117,57.88,10,Snowy,1,51.61,Winter,0,100
2022-01-04,S001,P0019,Furniture,North,137,49,0,109.44,5,Snowy,0,131.36,Winter,0,80
2022-01-04,S001,P0020,Furniture,North,52,52,424,127.11,10,Snowy,0,111.71,Winter,0,110
2022-01-04,S002,P0001,Groceries,South,331,172,0,103.11,0,Cloudy,0,123.5,Winter,0,180
2022-01-04,S002,P0002,Toys,South,141,90,0,29.92,10,Cloudy,0,35.78,Winter,0,96
2022-01-04,S002,P0003,Groceries,South,596,166,0,68.92,25,Cloudy,1,75.44,Winter,0,139
2022-01-04,S002,P0004,Groceries,South,339,92,0,37.63,10,Cloudy,0,32.53,Winter,0,80
2022-01-04,S002,P0005,Electronics,South,0,0,0,74.22,15,Cloudy,1,73.52,Winter,0,64
2022-01-04,S002,P0006,Clothing,South,172,98,0,71.52,0,Cloudy,0,65.75,Winter,0,106
2022-01-04,S002,P0007,Toys,South,226,96,0,28.57,10,Cloudy,1,27.1,Winter,0,112
2022-01-04,S002,P0008,Groceries,South,182,96,0,26.73,0,Cloudy,0,29.55,Winter,0,109
2022-01-04,S002,P0009,Groceries,South,389,110,262,63.42,20,Cloudy,1,60.75,Winter,0,161
2022-01-04,S002,P0010,Groceries,South,130,77,99,81.42,10,Cloudy,0,71.67,Winter,0,88
2022-01-04,S002,P0011,Groceries,South,191,106,0,94.34,10,Cloudy,0,105.72,Winter,0,128
2022-01-04,S002,P0012,Electronics,South,0,0,0,74.94,10,Cloudy,1,72.04,Winter,0,140
2022-01-04,S002,P0013,Groceries,South,331,47,0,16.91,20,Cloudy,1,14.67,Winter,0,69
2022-01-04,S002,P0014,Electronics,South,0,0,0,124.24,15,Cloudy,1,142.52,Winter,0,146
2022-01-04,S002,P0015,Clothing,South,0,0,0,65.07,5,Cloudy,0,72.43,Winter,0,95
2022-01-04,S002,P0016,Clothing,South,470,117,0,93.55,5,Cloudy,0,105.37,Winter,0,129
2022-01-04,S002,P0017,Toys,South,196,95,0,17.01,25,Cloudy,1,20.16,Winter,0,119
2022-01-04,S002,P0018,Clothing,South,181,181,206,34.99,10,Cloudy,1,38.26,Winter,0,214
2022-01-04,S002,P0019,Clothing,South,0,0,0,95.83,10,Cloudy,0,111.25,Winter,0,160
2022-01-04,S002,P0020,Furniture,South,132,90,255,143.16,5,Cloudy,0,136.86,Winter,0,104
2022-01-04,S003,P0001,Toys,East,76,76,0,15.15,10,Sunny,0,16.99,Winter,0,95
2022-01-04,S003,P0002,Groceries,East,236,122,0,65.96,0,Sunny,0,64.74,Winter,0,132
2022-01-04,S003,P0003,Electronics,East,197,145,182,110.35,10,Sunny,1,95.07,Winter,0,185
2022-01-04,S003,P0004,Groceries,East,518,56,0,19.87,5,Sunny,0,19.62,Winter,0,55
2022-01-04,S003,P0005,Toys,East,106,106,680,21.41,20,Sunny,1,22.92,Winter,0,149
2022-01-04,S003,P0006,Toys,East,120,71,125,40.83,0,Sunny,0,45.75,Winter,0,107
2022-01-04,S003,P0007,Groceries,East,0,0,670,16.12,20,Sunny,1,18.73,Winter,0,170
2022-01-04,S003,P0008,Clothing,East,307,174,357,131.49,10,Sunny,0,119.27,Winter,0,156
2022-01-04,S003,P0009,Groceries,East,168,86,0,43.15,25,Sunny,1,50.59,Winter,0,116
2022-01-04,S003,P0010,Groceries,East,178,129,157,42.18,5,Sunny,0,45.73,Winter,0,138
2022-01-04,S003,P0011,Electronics,East,617,114,0,142.09,0,Sunny,0,165.96,Winter,0,140
2022-01-04,S003,P0012,Furniture,East,224,62,0,87.64,20,Sunny,1,76.28,Winter,0,90
2022-01-04,S003,P0013,Groceries,East,0,0,0,66.9,25,Sunny,1,71.48,Winter,0,166
2022-01-04,S003,P0014,Groceries,East,128,128,688,101.6,25,Sunny,1,110.1,Winter,0,227
2022-01-04,S003,P0015,Groceries,East,0,0,0,132.02,5,Sunny,0,118.88,Winter,0,203
2022-01-04,S003,P0016,Electronics,East,289,126,233,105.97,5,Sunny,0,104.6,Winter,0,112
2022-01-04,S003,P0017,Furniture,East,63,63,498,138.36,10,Sunny,1,149.04,Winter,0,148
2022-01-04,S003,P0018,Furniture,East,125,87,486,123.23,20,Sunny,1,138.76,Winter,0,115
2022-01-04,S003,P0019,Groceries,East,139,116,83,55.43,0,Sunny,0,63.92,Winter,0,99
2022-01-04,S003,P0020,Clothing,East,0,0,0,80.2,0,Sunny,0,73.82,Winter,0,103
2022-01-04,S004,P0001,Groceries,West,0,0,0,10.55,0,Cloudy,0,11.27,Winter,0,83
2022-01-04,S004,P0002,Groceries,West,245,133,357,24.76,0,Cloudy,0,26.42,Winter,0,164
2022-01-04,S004,P0003,Furniture,West,407,173,0,165.54,10,Cloudy,1,157.42,Winter,0,144
2022-01-04,S004,P0004,Groceries,West,258,87,0,46.09,10,Cloudy,0,55.06,Winter,0,84
2022-01-04,S004,P0005,Clothing,West,150,92,172,81.79,10,Cloudy,1,75.44,Winter,0,150
2022-01-04,S004,P0006,Groceries,West,347,118,0,35.73,5,Cloudy,0,38.12,Winter,0,107
2022-01-04,S004,P0007,Groceries,West,0,0,0,25.97,20,Cloudy,1,22.56,Winter,0,120
2022-01-04,S004,P0008,Furniture,West,108,68,63,93.91,5,Cloudy,0,111.72,Winter,0,75
2022-01-04,S004,P0009,Clothing,West,299,201,0,143.79,15,Cloudy,1,165.24,Winter,0,235
2022-01-04,S004,P0010,Groceries,West,0,0,0,23.58,0,Cloudy,0,21.79,Winter,0,57
2022-01-04,S004,P0011,Clothing,West,0,0,0,55.29,10,Cloudy,0,60.87,Winter,0,104
2022-01-04,S004,P0012,Electronics,West,163,80,0,97.47,25,Cloudy,1,96.97,Winter,0,117
2022-01-04,S004,P0013,Groceries,West,385,165,0,21.87,20,Cloudy,1,23.8,Winter,0,198
2022-01-04,S004,P0014,Furniture,West,246,23,0,110.34,25,Cloudy,1,106.7,Winter,0,28
2022-01-04,S004,P0015,Furniture,West,68,68,300,103.84,0,Cloudy,0,121.47,Winter,0,94
2022-01-04,S004,P0016,Furniture,West,218,92,0,114.25,5,Cloudy,0,127.49,Winter,0,80
2022-01-04,S004,P0017,Clothing,West,263,35,0,67.23,20,Cloudy,1,78.11,Winter,0,54
2022-01-04,S004,P0018,Furniture,West,133,123,96,155.02,20,Cloudy,1,150.33,Winter,0,113
2022-01-04,S004,P0019,Clothing,West,80,80,89,53.04,10,Cloudy,0,51.94,Winter,0,75
2022-01-04,S004,P0020,Furniture,West,111,111,329,158.31,5,Cloudy,0,181.3,Winter,0,150
2022-01-04,S005,P0001,Groceries,North,126,58,0,12.03,0,Snowy,0,11.04,Winter,0,83
2022-01-04,S005,P0002,Electronics,North,474,77,0,39.78,0,Snowy,0,47.27,Winter,0,83
2022-01-04,S005,P0003,Toys,North,166,43,0,22.64,15,Snowy,1,24.37,Winter,0,59
2022-01-04,S005,P0004,Groceries,North,150,82,93,7.04,10,Snowy,0,6.13,Winter,0,88
2022-01-04,S005,P0005,Groceries,North,218,183,268,18.83,10,Snowy,1,18.76,Winter,0,164
2022-01-04,S005,P0006,Groceries,North,0,0,0,53.05,10,Snowy,0,52.1,Winter,0,80
2022-01-04,S005,P0007,Groceries,North,163,140,274,87.87,15,Snowy,1,75.2,Winter,0,157
2022-01-04,S005,P0008,Groceries,North,123,120,193,72.27,5,Snowy,0,79.04,Winter,0,162
2022-01-04,S005,P0009,Groceries,North,330,160,482,83.39,25,Snowy,1,100.61,Winter,0,146
2022-01-04,S005,P0010,Groceries,North,436,102,0,67.01,0,Snowy,0,57.47,Winter,0,118
2022-01-04,S005,P0011,Electronics,North,79,79,374,85.83,0,Snowy,0,73.3,Winter,0,99
2022-01-04,S005,P0012,Furniture,North,0,0,0,96.76,15,Snowy,1,111.69,Winter,0,41
2022-01-04,S005,P0013,Groceries,North,328,189,0,77.38,15,Snowy,1,84.55,Winter,0,165
2022-01-04,S005,P0014,Furniture,North,219,76,0,150.93,20,Snowy,1,142.02,Winter,0,97
2022-01-04,S005,P0015,Groceries,North,315,66,0,49.18,0,Snowy,0,57.91,Winter,0,92
2022-01-04,S005,P0016,Toys,North,191,105,0,36.59,0,Snowy,0,32.47,Winter,0,93
2022-01-04,S005,P0017,Toys,North,130,78,122,29.38,25,Snowy,1,32.52,Winter,0,107
2022-01-04,S005,P0018,Clothing,North,174,69,0,19.53,15,Snowy,1,20.94,Winter,0,112
2022-01-04,S005,P0019,Furniture,North,158,37,0,126.83,0,Snowy,0,113.21,Winter,0,37
2022-01-04,S005,P0020,Toys,North,124,93,108,33.42,5,Snowy,0,31.07,Winter,0,119
2022-01-05,S001,P0001,Electronics,North,319,129,0,59.56,25,Snowy,1,57.34,Winter,0,110
2022-01-05,S001,P0002,Clothing,North,148,77,85,57.54,10,Snowy,0,63.99,Winter,0,89
2022-01-05,S001,P0003,Clothing,North,612,156,0,61.64,0,Snowy,0,69.67,Winter,0,131
2022-01-05,S001,P0004,Electronics,North,184,38,0,76.08,25,Snowy,1,75.04,Winter,0,62
2022-01-05,S001,P0005,Groceries,North,271,91,0,57.21,15,Snowy,1,53.28,Winter,0,122
2022-01-05,S001,P0006,Toys,North,172,143,0,35.63,25,Snowy,1,34.75,Winter,0,125
2022-01-05,S001,P0007,Groceries,North,335,97,0,28.84,0,Snowy,0,33.46,Winter,0,147
2022-01-05,S001,P0008,Electronics,North,141,57,0,39.03,10,Snowy,1,42.99,Winter,0,85
2022-01-05,S001,P0009,Clothing,North,188,130,167,92.22,10,Snowy,1,105.32,Winter,0,140
2022-01-05,S001,P0010,Furniture,North,300,86,0,117.69,15,Snowy,1,113.38,Winter,0,82
2022-01-05,S001,P0011,Furniture,North,302,62,0,137.69,25,Snowy,1,120.07,Winter,0,95
2022-01-05,S001,P0012,Groceries,North,382,111,0,65.96,25,Snowy,1,58.69,Winter,0,101
2022-01-05,S001,P0013,Toys,North,204,44,0,30.86,0,Snowy,0,34.03,Winter,0,74
2022-01-05,S001,P0014,Groceries,North,332,86,0,73.34,15,Snowy,1,72.81,Winter,0,136
2022-01-05,S001,P0015,Toys,North,111,40,0,11.68,10,Snowy,0,13.69,Winter,0,37
2022-01-05,S001,P0016,Groceries,North,272,140,0,43.67,20,Snowy,1,40.52,Winter,0,200
2022-01-05,S001,P0017,Toys,North,62,36,52,17.91,10,Snowy,0,19.32,Winter,0,57
2022-01-05,S001,P0018,Groceries,North,221,109,119,57.56,20,Snowy,1,52.64,Winter,0,136
2022-01-05,S001,P0019,Furniture,North,88,66,50,89.13,15,Snowy,1,102.26,Winter,0,55
2022-01-05,S001,P0020,Furniture,North,0,0,0,122.84,20,Snowy,1,110.93,Winter,0,137
2022-01-05,S002,P0001,Groceries,South,509,132,371,80.86,20,Snowy,1,69.75,Winter,0,154
2022-01-05,S002,P0002,Toys,South,217,81,139,30.8,5,Snowy,0,29.74,Winter,0,74
2022-01-05,S002,P0003,Groceries,South,430,93,0,75.8,0,Snowy,0,88.98,Winter,0,79
2022-01-05,S002,P0004,Groceries,South,247,65,210,31.95,15,Snowy,1,37.15,Winter,0,65
2022-01-05,S002,P0005,Electronics,South,334,107,0,95.04,15,Snowy,1,113.93,Winter,0,157
2022-01-05,S002,P0006,Clothing,South,74,74,115,63.82,10,Snowy,1,68.88,Winter,0,119
2022-01-05,S002,P0007,Toys,South,130,69,0,22.96,10,Snowy,0,25.89,Winter,0,64
2022-01-05,S002,P0008,Groceries,South,86,86,140,23.51,25,Snowy,1,20.93,Winter,0,145
2022-01-05,S002,P0009,Groceries,South,279,243,521,86.08,10,Snowy,1,81.81,Winter,0,236
2022-01-05,S002,P0010,Groceries,South,152,53,0,73.77,15,Snowy,1,70.27,Winter,0,76
2022-01-05,S002,P0011,Groceries,South,559,206,568,120.94,10,Snowy,1,114.78,Winter,0,201
2022-01-05,S002,P0012,Electronics,South,413,60,0,56.28,15,Snowy,1,61.95,Winter,0,84
2022-01-05,S002,P0013,Groceries,South,284,66,0,19.27,10,Snowy,0,18.88,Winter,0,73
2022-01-05,S002,P0014,Electronics,South,289,171,0,126.06,20,Snowy,1,111.81,Winter,0,155
2022-01-05,S002,P0015,Clothing,South,457,76,0,69.42,0,Snowy,0,68.34,Winter,0,84
2022-01-05,S002,P0016,Clothing,South,353,173,264,80.89,25,Snowy,1,89.91,Winter,0,161
2022-01-05,S002,P0017,Toys,South,424,52,0,18.76,10,Snowy,0,17.08,Winter,0,78
2022-01-05,S002,P0018,Clothing,South,206,120,0,22.23,25,Snowy,1,25.93,Winter,0,115
2022-01-05,S002,P0019,Clothing,South,391,96,0,68.86,20,Snowy,1,76.1,Winter,0,90
2022-01-05,S002,P0020,Furniture,South,256,79,0,122.57,10,Snowy,1,137.11,Winter,0,89
2022-01-05,S003,P0001,Toys,East,316,141,409,18.5,20,Sunny,1,18.46,Winter,0,187
2022-01-05,S003,P0002,Groceries,East,662,154,0,65.99,0,Sunny,0,62.46,Winter,0,133
2022-01-05,S003,P0003,Electronics,East,234,172,226,121.31,10,Sunny,0,114.6,Winter,0,224
2022-01-05,S003,P0004,Groceries,East,462,162,398,22.18,20,Sunny,1,22.13,Winter,0,140
2022-01-05,S003,P0005,Toys,East,212,69,0,19.88,20,Sunny,1,17.89,Winter,0,107
2022-01-05,S003,P0006,Toys,East,174,62,0,35.38,10,Sunny,1,38.95,Winter,0,96
2022-01-05,S003,P0007,Groceries,East,552,67,0,14.15,10,Sunny,0,14.98,Winter,0,87
2022-01-05,S003,P0008,Clothing,East,133,124,0,123.56,25,Sunny,1,113.39,Winter,0,202
2022-01-05,S003,P0009,Groceries,East,82,82,209,64.79,15,Sunny,1,75.07,Winter,0,221
2022-01-05,S003,P0010,Groceries,East,206,114,166,40.8,15,Sunny,1,38.86,Winter,0,148
2022-01-05,S003,P0011,Electronics,East,503,243,0,130.31,25,Sunny,1,146.68,Winter,0,217
2022-01-05,S003,P0012,Furniture,East,468,175,0,100.54,20,Sunny,1,118.36,Winter,0,151
2022-01-05,S003,P0013,Groceries,East,743,72,0,68.96,5,Sunny,0,73.84,Winter,0,97
2022-01-05,S003,P0014,Groceries,East,0,0,0,96.42,20,Sunny,1,108.79,Winter,0,179
2022-01-05,S003,P0015,Groceries,East,500,90,0,94.15,0,Sunny,0,99.85,Winter,0,86
2022-01-05,S003,P0016,Electronics,East,163,152,404,100.22,25,Sunny,1,85.84,Winter,0,175
2022-01-05,S003,P0017,Furniture,East,380,90,0,128.92,0,Sunny,0,112.17,Winter,0,77
2022-01-05,S003,P0018,Furniture,East,354,86,0,122.47,20,Sunny,1,121.36,Winter,0,97
2022-01-05,S003,P0019,Groceries,East,106,106,317,69.98,25,Sunny,1,74.67,Winter,0,307
2022-01-05,S003,P0020,Clothing,East,270,146,0,71.56,25,Sunny,1,78.7,Winter,0,180
2022-01-05,S004,P0001,Groceries,West,287,88,0,9.25,20,Cloudy,1,10.18,Winter,0,111
2022-01-05,S004,P0002,Groceries,West,112,87,0,23.6,0,Cloudy,0,23.4,Winter,0,130
2022-01-05,S004,P0003,Furniture,West,234,54,0,121.52,10,Cloudy,0,117.9,Winter,0,52
2022-01-05,S004,P0004,Groceries,West,171,60,0,47.66,15,Cloudy,1,40.55,Winter,0,95
2022-01-05,S004,P0005,Clothing,West,230,157,0,80.18,10,Cloudy,1,88.3,Winter,0,162
2022-01-05,S004,P0006,Groceries,West,229,55,0,28.72,20,Cloudy,1,25.42,Winter,0,78
2022-01-05,S004,P0007,Groceries,West,253,81,0,28.22,5,Cloudy,0,25.1,Winter,0,93
2022-01-05,S004,P0008,Furniture,West,103,74,96,89.39,20,Cloudy,1,88.36,Winter,0,96
2022-01-05,S004,P0009,Clothing,West,592,115,0,96.07,20,Cloudy,1,107.21,Winter,0,107
2022-01-05,S004,P0010,Groceries,West,597,218,784,29.29,20,Cloudy,1,31.07,Winter,0,222
2022-01-05,S004,P0011,Clothing,West,293,146,0,61.57,15,Cloudy,1,72.03,Winter,0,159
2022-01-05,S004,P0012,Electronics,West,83,83,131,111.58,20,Cloudy,1,131.13,Winter,0,158
2022-01-05,S004,P0013,Groceries,West,721,83,0,20.75,5,Cloudy,0,23.49,Winter,0,117
2022-01-05,S004,P0014,Furniture,West,223,46,0,119.71,25,Cloudy,1,119.28,Winter,0,48
2022-01-05,S004,P0015,Furniture,West,200,53,0,89.97,5,Cloudy,0,88.43,Winter,0,54
2022-01-05,S004,P0016,Furniture,West,126,83,0,107.39,20,Cloudy,1,91.29,Winter,0,97
2022-01-05,S004,P0017,Clothing,West,228,114,188,131.36,0,Cloudy,0,130.43,Winter,0,180
2022-01-05,S004,P0018,Furniture,West,106,106,119,147.45,20,Cloudy,1,176.11,Winter,0,114
2022-01-05,S004,P0019,Clothing,West,89,54,96,43.1,25,Cloudy,1,47.26,Winter,0,83
2022-01-05,S004,P0020,Furniture,West,204,99,0,120.97,15,Cloudy,1,117.68,Winter,0,83
2022-01-05,S005,P0001,Groceries,North,258,163,339,13.08,10,Snowy,1,14.13,Winter,0,161
2022-01-05,S005,P0002,Electronics,North,397,86,0,40.3,0,Snowy,0,42.73,Winter,0,86
2022-01-05,S005,P0003,Toys,North,123,71,104,29.04,10,Snowy,0,28.91,Winter,0,99
2022-01-05,S005,P0004,Groceries,North,161,106,117,7.01,10,Snowy,1,8.17,Winter,0,102
2022-01-05,S005,P0005,Groceries,North,35,35,0,10.42,25,Snowy,1,11.06,Winter,0,53
2022-01-05,S005,P0006,Groceries,North,300,121,0,52.86,15,Snowy,1,60.89,Winter,0,111
2022-01-05,S005,P0007,Groceries,North,159,127,0,77.36,10,Snowy,0,88.65,Winter,0,112
2022-01-05,S005,P0008,Groceries,North,196,117,0,59.97,15,Snowy,1,59.38,Winter,0,118
2022-01-05,S005,P0009,Groceries,North,170,74,0,73.22,25,Snowy,1,80.3,Winter,0,103
2022-01-05,S005,P0010,Groceries,North,963,144,0,53.57,25,Snowy,1,61.18,Winter,0,157
2022-01-05,S005,P0011,Electronics,North,0,0,0,76.89,10,Snowy,1,86.57,Winter,0,114
2022-01-05,S005,P0012,Furniture,North,371,66,0,123.61,10,Snowy,1,111.52,Winter,0,77
2022-01-05,S005,P0013,Groceries,North,458,37,0,66.97,0,Snowy,0,64.97,Winter,0,54
2022-01-05,S005,P0014,Furniture,North,143,60,0,133.69,20,Snowy,1,154.85,Winter,0,77
2022-01-05,S005,P0015,Groceries,North,249,105,194,45.39,10,Snowy,0,53.16,Winter,0,100
2022-01-05,S005,P0016,Toys,North,295,92,0,33.68,15,Snowy,1,40.17,Winter,0,134
2022-01-05,S005,P0017,Toys,North,174,71,0,37.15,0,Snowy,0,32.24,Winter,0,76
2022-01-05,S005,P0018,Clothing,North,105,34,0,13.19,25,Snowy,1,14.95,Winter,0,37
2022-01-05,S005,P0019,Furniture,North,121,84,176,124.92,15,Snowy,1,123.38,Winter,0,75
2022-01-05,S005,P0020,Toys,North,139,65,118,25.81,20,Snowy,1,28.69,Winter,0,108
2022-01-06,S001,P0001,Electronics,North,190,98,308,84.03,0,Sunny,0,95.54,Winter,0,146
2022-01-06,S001,P0002,Clothing,North,156,86,103,55.73,20,Sunny,1,67.09,Winter,0,115
2022-01-06,S001,P0003,Clothing,North,456,97,442,62.85,5,Sunny,0,61.5,Winter,0,138
2022-01-06,S001,P0004,Electronics,North,146,41,115,76.7,25,Sunny,1,69.92,Winter,0,65
2022-01-06,S001,P0005,Groceries,North,667,71,0,55.13,10,Sunny,0,54.53,Winter,0,92
2022-01-06,S001,P0006,Toys,North,310,130,440,44.53,10,Sunny,0,38.82,Winter,0,138
2022-01-06,S001,P0007,Groceries,North,735,110,0,28.44,0,Sunny,0,27.95,Winter,0,125
2022-01-06,S001,P0008,Electronics,North,84,84,108,47.69,5,Sunny,0,43.48,Winter,0,114
2022-01-06,S001,P0009,Clothing,North,225,152,151,100.31,10,Sunny,1,109.87,Winter,0,170
2022-01-06,S001,P0010,Furniture,North,712,37,0,118.84,0,Sunny,0,135.43,Winter,0,54
2022-01-06,S001,P0011,Furniture,North,240,96,197,135.85,25,Sunny,1,115.6,Winter,0,91
2022-01-06,S001,P0012,Groceries,North,271,100,0,79.21,5,Sunny,0,70.24,Winter,0,85
2022-01-06,S001,P0013,Toys,North,160,142,181,33.78,15,Sunny,1,37.71,Winter,0,154
2022-01-06,S001,P0014,Groceries,North,246,138,0,88.88,5,Sunny,0,83.07,Winter,0,165
2022-01-06,S001,P0015,Toys,North,71,71,91,16.63,0,Sunny,0,19.71,Winter,0,106
2022-01-06,S001,P0016,Groceries,North,685,71,0,36.35,5,Sunny,0,40.11,Winter,0,94
2022-01-06,S001,P0017,Toys,North,78,78,138,24.24,10,Sunny,0,21.31,Winter,0,132
2022-01-06,S001,P0018,Groceries,North,231,123,0,60.31,10,Sunny,0,58.34,Winter,0,112
2022-01-06,S001,P0019,Furniture,North,72,72,69,110.01,5,Sunny,0,121.77,Winter,0,82
2022-01-06,S001,P0020,Furniture,North,432,157,0,129.63,10,Sunny,0,149.36,Winter,0,133
2022-01-06,S002,P0001,Groceries,South,377,128,0,89.44,0,Snowy,0,84.9,Winter,0,113
2022-01-06,S002,P0002,Toys,South,136,69,214,31.48,10,Snowy,1,29.66,Winter,0,96
2022-01-06,S002,P0003,Groceries,South,337,97,0,70.03,10,Snowy,0,79.27,Winter,0,86
2022-01-06,S002,P0004,Groceries,South,182,110,0,37.81,10,Snowy,1,40.19,Winter,0,97
2022-01-06,S002,P0005,Electronics,South,639,55,0,75.35,10,Snowy,0,72.02,Winter,0,53
2022-01-06,S002,P0006,Clothing,South,115,115,148,68.69,10,Snowy,0,63.47,Winter,0,127
2022-01-06,S002,P0007,Toys,South,361,85,0,26.4,10,Snowy,0,24.37,Winter,0,88
2022-01-06,S002,P0008,Groceries,South,140,77,0,22.32,10,Snowy,0,26.84,Winter,0,86
2022-01-06,S002,P0009,Groceries,South,298,113,0,54.33,25,Snowy,1,50.38,Winter,0,129
2022-01-06,S002,P0010,Groceries,South,99,91,140,94.6,5,Snowy,0,89.83,Winter,0,118
2022-01-06,S002,P0011,Groceries,South,353,152,0,92.11,20,Snowy,1,89.74,Winter,0,143
2022-01-06,S002,P0012,Electronics,South,864,70,0,68.15,5,Snowy,0,58.85,Winter,0,92
2022-01-06,S002,P0013,Groceries,South,218,108,544,24.89,10,Snowy,1,24.8,Winter,0,154
2022-01-06,S002,P0014,Electronics,South,682,33,0,98.21,0,Snowy,0,115.59,Winter,0,31
2022-01-06,S002,P0015,Clothing,South,985,117,0,74.99,0,Snowy,0,72.16,Winter,0,107
2022-01-06,S002,P0016,Clothing,South,180,30,0,71.37,0,Snowy,0,75.28,Winter,0,37
2022-01-06,S002,P0017,Toys,South,372,33,0,17.88,5,Snowy,0,15.35,Winter,0,51
2022-01-06,S002,P0018,Clothing,South,86,86,87,30.2,0,Snowy,0,28.21,Winter,0,105
2022-01-06,S002,P0019,Clothing,South,734,139,0,93.63,0,Snowy,0,111.08,Winter,0,116
2022-01-06,S002,P0020,Furniture,South,177,88,0,134.79,10,Snowy,0,130.59,Winter,0,102
2022-01-06,S003,P0001,Toys,East,175,77,0,18.13,0,Snowy,0,20.24,Winter,0,118
2022-01-06,S003,P0002,Groceries,East,508,138,477,59.42,10,Snowy,1,62.8,Winter,0,150
2022-01-06,S003,P0003,Electronics,East,288,118,0,92.85,5,Snowy,0,103.91,Winter,0,123
2022-01-06,S003,P0004,Groceries,East,300,82,0,18.16,25,Snowy,1,16.66,Winter,0,96
2022-01-06,S003,P0005,Toys,East,143,54,0,20.51,5,Snowy,0,24.65,Winter,0,81
2022-01-06,S003,P0006,Toys,East,112,112,143,40.33,5,Snowy,0,43.71,Winter,0,120
2022-01-06,S003,P0007,Groceries,East,485,160,0,20.64,5,Snowy,0,18.91,Winter,0,179
2022-01-06,S003,P0008,Clothing,East,366,107,0,107.83,5,Snowy,0,123.78,Winter,0,90
2022-01-06,S003,P0009,Groceries,East,209,130,0,51.96,20,Snowy,1,44.71,Winter,0,140
2022-01-06,S003,P0010,Groceries,East,258,81,0,38.09,10,Snowy,0,34.35,Winter,0,106
2022-01-06,S003,P0011,Electronics,East,260,174,295,137.01,10,Snowy,1,127.76,Winter,0,146
2022-01-06,S003,P0012,Furniture,East,293,72,0,103.88,0,Snowy,0,96.14,Winter,0,74
2022-01-06,S003,P0013,Groceries,East,671,121,0,85.35,10,Snowy,1,99.35,Winter,0,189
2022-01-06,S003,P0014,Groceries,East,244,111,0,90.22,5,Snowy,0,107.41,Winter,0,98
2022-01-06,S003,P0015,Groceries,East,1032,59,0,86.56,5,Snowy,0,102.23,Winter,0,77
2022-01-06,S003,P0016,Electronics,East,244,87,0,97.0,10,Snowy,0,104.18,Winter,0,118
2022-01-06,S003,P0017,Furniture,East,290,82,0,134.1,0,Snowy,0,126.81,Winter,0,88
2022-01-06,S003,P0018,Furniture,East,268,50,0,133.88,5,Snowy,0,120.9,Winter,0,73
2022-01-06,S003,P0019,Groceries,East,317,62,0,54.36,0,Snowy,0,65.4,Winter,0,94
2022-01-06,S003,P0020,Clothing,East,124,108,0,81.78,0,Snowy,0,91.62,Winter,0,125
2022-01-06,S004,P0001,Groceries,West,933,85,0,10.92,10,Snowy,0,11.72,Winter,0,126
2022-01-06,S004,P0002,Groceries,West,382,191,334,20.33,20,Snowy,1,22.59,Winter,0,174
2022-01-06,S004,P0003,Furniture,West,554,46,0,130.95,0,Snowy,0,116.47,Winter,0,44
2022-01-06,S004,P0004,Groceries,West,340,70,304,39.0,25,Snowy,1,44.3,Winter,0,88
2022-01-06,S004,P0005,Clothing,West,73,72,94,66.6,10,Snowy,0,66.46,Winter,0,84
2022-01-06,S004,P0006,Groceries,West,174,122,232,37.63,0,Snowy,0,40.22,Winter,0,107
2022-01-06,S004,P0007,Groceries,West,735,70,0,26.73,0,Snowy,0,31.82,Winter,0,77
2022-01-06,S004,P0008,Furniture,West,125,89,85,98.17,5,Snowy,0,105.3,Winter,0,88
2022-01-06,S004,P0009,Clothing,West,477,220,506,131.78,15,Snowy,1,149.1,Winter,0,198
2022-01-06,S004,P0010,Groceries,West,379,88,0,26.05,0,Snowy,0,27.81,Winter,0,99
2022-01-06,S004,P0011,Clothing,West,835,93,0,55.64,10,Snowy,1,61.42,Winter,0,106
2022-01-06,S004,P0012,Electronics,West,131,61,0,106.65,5,Snowy,0,93.14,Winter,0,73
2022-01-06,S004,P0013,Groceries,West,638,98,0,17.55,15,Snowy,1,16.72,Winter,0,84
2022-01-06,S004,P0014,Furniture,West,177,56,0,163.95,0,Snowy,0,162.92,Winter,0,55
2022-01-06,S004,P0015,Furniture,West,147,81,0,115.41,0,Snowy,0,106.24,Winter,0,111
2022-01-06,S004,P0016,Furniture,West,408,77,0,107.81,10,Snowy,0,118.17,Winter,0,79
2022-01-06,S004,P0017,Clothing,West,302,74,0,84.09,5,Snowy,0,90.47,Winter,0,68
2022-01-06,S004,P0018,Furniture,West,119,44,67,144.32,10,Snowy,0,138.62,Winter,0,58
2022-01-06,S004,P0019,Clothing,West,131,80,112,63.78,0,Snowy,0,56.09,Winter,0,98
2022-01-06,S004,P0020,Furniture,West,434,37,0,115.81,0,Snowy,0,133.35,Winter,0,42
2022-01-06,S005,P0001,Groceries,North,95,95,0,14.59,0,Sunny,0,15.61,Winter,0,163
2022-01-06,S005,P0002,Electronics,North,311,84,389,37.21,20,Sunny,1,33.72,Winter,0,114
2022-01-06,S005,P0003,Toys,North,156,111,116,33.01,5,Sunny,0,35.42,Winter,0,139
2022-01-06,S005,P0004,Groceries,North,172,162,120,8.44,10,Sunny,1,7.58,Winter,0,146
2022-01-06,S005,P0005,Groceries,North,268,82,0,15.43,10,Sunny,0,14.73,Winter,0,97
2022-01-06,S005,P0006,Groceries,North,719,198,652,73.71,5,Sunny,0,80.71,Winter,0,190
2022-01-06,S005,P0007,Groceries,North,306,130,275,103.96,0,Sunny,0,95.26,Winter,0,159
2022-01-06,S005,P0008,Groceries,North,79,79,135,69.43,5,Sunny,0,77.03,Winter,0,148
2022-01-06,S005,P0009,Groceries,North,96,87,0,89.43,10,Sunny,1,96.6,Winter,0,109
2022-01-06,S005,P0010,Groceries,North,819,80,0,58.62,5,Sunny,0,68.66,Winter,0,108
2022-01-06,S005,P0011,Electronics,North,260,100,0,67.74,25,Sunny,1,77.94,Winter,0,132
2022-01-06,S005,P0012,Furniture,North,744,52,0,128.7,0,Sunny,0,143.66,Winter,0,73
2022-01-06,S005,P0013,Groceries,North,421,185,514,76.03,20,Sunny,1,90.91,Winter,0,182
2022-01-06,S005,P0014,Furniture,North,402,58,0,162.12,5,Sunny,0,191.46,Winter,0,83
2022-01-06,S005,P0015,Groceries,North,144,144,333,57.1,10,Sunny,0,67.76,Winter,0,178
2022-01-06,S005,P0016,Toys,North,817,51,0,31.42,5,Sunny,0,36.64,Winter,0,78
2022-01-06,S005,P0017,Toys,North,103,103,116,37.89,5,Sunny,0,45.54,Winter,0,113
2022-01-06,S005,P0018,Clothing,North,71,71,127,26.78,0,Sunny,0,24.02,Winter,0,145
2022-01-06,S005,P0019,Furniture,North,37,37,130,134.65,5,Sunny,0,154.07,Winter,0,79
2022-01-06,S005,P0020,Toys,North,192,105,0,33.11,5,Sunny,0,29.13,Winter,0,116
2022-01-07,S001,P0001,Electronics,North,92,92,0,66.07,10,Snowy,0,63.57,Winter,0,87
2022-01-07,S001,P0002,Clothing,North,173,96,0,58.58,10,Snowy,0,63.45,Winter,0,94
2022-01-07,S001,P0003,Clothing,North,359,51,0,43.04,15,Snowy,1,49.62,Winter,0,71
2022-01-07,S001,P0004,Electronics,North,105,65,0,99.27,0,Snowy,0,91.37,Winter,0,57
2022-01-07,S001,P0005,Groceries,North,1357,64,0,56.02,10,Snowy,0,47.81,Winter,0,97
2022-01-07,S001,P0006,Toys,North,180,85,0,46.2,0,Snowy,0,40.13,Winter,0,115
2022-01-07,S001,P0007,Groceries,North,625,87,0,25.04,10,Snowy,1,26.46,Winter,0,134
2022-01-07,S001,P0008,Electronics,North,108,108,110,46.73,5,Snowy,0,53.28,Winter,0,124
2022-01-07,S001,P0009,Clothing,North,224,94,0,96.57,5,Snowy,0,96.17,Winter,0,120
2022-01-07,S001,P0010,Furniture,North,675,36,0,114.83,5,Snowy,0,111.12,Winter,0,45
2022-01-07,S001,P0011,Furniture,North,144,59,0,163.3,5,Snowy,0,155.39,Winter,0,76
2022-01-07,S001,P0012,Groceries,North,171,56,131,61.32,20,Snowy,1,70.34,Winter,0,76
2022-01-07,S001,P0013,Toys,North,199,44,0,23.68,25,Snowy,1,23.5,Winter,0,66
2022-01-07,S001,P0014,Groceries,North,476,109,0,60.19,20,Snowy,1,65.11,Winter,0,108
2022-01-07,S001,P0015,Toys,North,91,91,95,16.24,5,Snowy,0,14.01,Winter,0,98
2022-01-07,S001,P0016,Groceries,North,614,148,0,38.9,20,Snowy,1,42.05,Winter,0,175
2022-01-07,S001,P0017,Toys,North,138,79,118,22.03,10,Snowy,0,20.69,Winter,0,102
2022-01-07,S001,P0018,Groceries,North,108,108,134,50.74,25,Snowy,1,55.32,Winter,0,132
2022-01-07,S001,P0019,Furniture,North,69,55,55,104.86,0,Snowy,0,111.23,Winter,0,55
2022-01-07,S001,P0020,Furniture,North,275,111,0,122.03,20,Snowy,1,108.97,Winter,0,135
2022-01-07,S002,P0001,Groceries,South,249,96,0,84.54,10,Cloudy,0,91.97,Winter,0,146
2022-01-07,S002,P0002,Toys,South,206,57,0,31.44,0,Cloudy,0,27.0,Winter,0,66
2022-01-07,S002,P0003,Groceries,South,240,72,244,59.13,25,Cloudy,1,54.77,Winter,0,75
2022-01-07,S002,P0004,Groceries,South,72,69,250,41.02,5,Cloudy,0,37.35,Winter,0,90
2022-01-07,S002,P0005,Electronics,South,584,112,0,101.71,0,Cloudy,0,101.33,Winter,0,108
2022-01-07,S002,P0006,Clothing,South,148,148,134,74.21,0,Cloudy,0,87.19,Winter,0,134
2022-01-07,S002,P0007,Toys,South,276,200,492,32.05,20,Cloudy,1,31.94,Winter,0,195
2022-01-07,S002,P0008,Groceries,South,63,63,102,25.23,10,Cloudy,0,29.11,Winter,0,124
2022-01-07,S002,P0009,Groceries,South,706,132,0,70.5,0,Cloudy,0,63.7,Winter,0,120
2022-01-07,S002,P0010,Groceries,South,148,110,120,95.48,0,Cloudy,0,106.6,Winter,0,121
2022-01-07,S002,P0011,Groceries,South,201,185,0,109.02,5,Cloudy,0,131.59,Winter,0,160
2022-01-07,S002,P0012,Electronics,South,794,129,0,61.38,15,Cloudy,1,70.19,Winter,0,110
2022-01-07,S002,P0013,Groceries,South,110,92,0,22.95,10,Cloudy,1,22.65,Winter,0,126
2022-01-07,S002,P0014,Electronics,South,649,98,708,114.8,25,Cloudy,1,133.09,Winter,0,163
2022-01-07,S002,P0015,Clothing,South,868,135,0,73.85,5,Cloudy,0,70.93,Winter,0,118
2022-01-07,S002,P0016,Clothing,South,414,93,0,79.33,25,Cloudy,1,68.51,Winter,0,136
2022-01-07,S002,P0017,Toys,South,339,144,442,21.92,10,Cloudy,0,21.41,Winter,0,126
2022-01-07,S002,P0018,Clothing,South,87,87,140,29.06,15,Cloudy,1,26.69,Winter,0,145
2022-01-07,S002,P0019,Clothing,South,595,141,770,107.35,5,Cloudy,0,128.83,Winter,0,183
2022-01-07,S002,P0020,Furniture,South,344,150,498,152.69,15,Cloudy,1,137.76,Winter,0,163
2022-01-07,S003,P0001,Toys,East,507,54,0,15.15,0,Sunny,0,16.67,Winter,0,65
2022-01-07,S003,P0002,Groceries,East,370,146,0,65.52,0,Sunny,0,75.75,Winter,0,148
2022-01-07,S003,P0003,Electronics,East,170,168,198,102.47,20,Sunny,1,122.65,Winter,0,224
2022-01-07,S003,P0004,Groceries,East,218,143,0,26.11,0,Sunny,0,30.75,Winter,0,137
2022-01-07,S003,P0005,Toys,East,89,89,0,27.96,0,Sunny,0,24.48,Winter,0,146
2022-01-07,S003,P0006,Toys,East,143,86,91,39.91,5,Sunny,0,35.93,Winter,0,100
2022-01-07,S003,P0007,Groceries,East,325,204,0,19.27,20,Sunny,1,16.62,Winter,0,220
2022-01-07,S003,P0008,Clothing,East,259,90,200,118.62,10,Sunny,0,105.96,Winter,0,120
2022-01-07,S003,P0009,Groceries,East,79,79,202,72.47,5,Sunny,0,70.46,Winter,0,200
2022-01-07,S003,P0010,Groceries,East,177,106,159,46.84,5,Sunny,0,46.05,Winter,0,157
2022-01-07,S003,P0011,Electronics,East,86,61,0,113.78,5,Sunny,0,125.32,Winter,0,86
2022-01-07,S003,P0012,Furniture,East,221,58,0,67.81,25,Sunny,1,77.88,Winter,0,51
2022-01-07,S003,P0013,Groceries,East,1231,115,0,72.09,15,Sunny,1,62.68,Winter,0,130
2022-01-07,S003,P0014,Groceries,East,821,266,0,101.16,25,Sunny,1,112.75,Winter,0,225
2022-01-07,S003,P0015,Groceries,East,973,39,0,77.03,10,Sunny,0,84.04,Winter,0,59
2022-01-07,S003,P0016,Electronics,East,561,148,0,93.94,15,Sunny,1,110.05,Winter,0,126
2022-01-07,S003,P0017,Furniture,East,208,41,0,114.85,0,Sunny,0,136.76,Winter,0,59
2022-01-07,S003,P0018,Furniture,East,218,44,0,112.33,15,Sunny,1,102.59,Winter,0,56
2022-01-07,S003,P0019,Groceries,East,255,195,0,67.97,5,Sunny,0,67.29,Winter,0,168
2022-01-07,S003,P0020,Clothing,East,769,169,891,108.81,10,Sunny,1,93.08,Winter,0,259
2022-01-07,S004,P0001,Groceries,West,848,99,0,11.13,5,Cloudy,0,13.29,Winter,0,115
2022-01-07,S004,P0002,Groceries,West,191,84,0,18.74,5,Cloudy,0,22.29,Winter,0,89
2022-01-07,S004,P0003,Furniture,West,508,119,0,123.07,25,Cloudy,1,111.21,Winter,0,107
2022-01-07,S004,P0004,Groceries,West,270,81,0,52.71,0,Cloudy,0,50.35,Winter,0,77
2022-01-07,S004,P0005,Clothing,West,95,65,80,69.57,0,Cloudy,0,80.17,Winter,0,81
2022-01-07,S004,P0006,Groceries,West,52,52,0,39.93,0,Cloudy,0,35.71,Winter,0,109
2022-01-07,S004,P0007,Groceries,West,665,61,0,20.88,25,Cloudy,1,20.15,Winter,0,74
2022-01-07,S004,P0008,Furniture,West,121,38,0,79.73,5,Cloudy,0,92.01,Winter,0,33
2022-01-07,S004,P0009,Clothing,West,257,93,0,126.5,10,Cloudy,0,109.95,Winter,0,142
2022-01-07,S004,P0010,Groceries,West,291,158,0,27.59,5,Cloudy,0,31.24,Winter,0,134
2022-01-07,S004,P0011,Clothing,West,742,106,0,62.28,5,Cloudy,0,73.82,Winter,0,125
2022-01-07,S004,P0012,Electronics,West,70,70,128,91.49,25,Cloudy,1,100.84,Winter,0,113
2022-01-07,S004,P0013,Groceries,West,540,175,611,20.53,25,Cloudy,1,18.47,Winter,0,178
2022-01-07,S004,P0014,Furniture,West,121,111,306,199.44,10,Cloudy,1,236.04,Winter,0,164
2022-01-07,S004,P0015,Furniture,West,366,62,0,92.93,0,Cloudy,0,111.43,Winter,0,63
2022-01-07,S004,P0016,Furniture,West,331,76,0,103.51,10,Cloudy,1,114.49,Winter,0,67
2022-01-07,S004,P0017,Clothing,West,228,185,152,112.69,10,Cloudy,0,98.09,Winter,0,162
2022-01-07,S004,P0018,Furniture,West,142,90,72,143.49,20,Cloudy,1,142.13,Winter,0,90
2022-01-07,S004,P0019,Clothing,West,163,157,167,65.01,10,Cloudy,0,69.22,Winter,0,156
2022-01-07,S004,P0020,Furniture,West,397,147,0,145.76,10,Cloudy,1,155.54,Winter,0,140
2022-01-07,S005,P0001,Groceries,North,339,109,0,13.61,0,Snowy,0,14.72,Winter,0,138
2022-01-07,S005,P0002,Electronics,North,227,34,0,30.41,10,Snowy,0,36.04,Winter,0,39
2022-01-07,S005,P0003,Toys,North,161,68,105,26.19,15,Snowy,1,30.49,Winter,0,101
2022-01-07,S005,P0004,Groceries,North,130,82,83,8.0,0,Snowy,0,7.63,Winter,0,94
2022-01-07,S005,P0005,Groceries,North,186,61,151,16.62,0,Snowy,0,15.85,Winter,0,88
2022-01-07,S005,P0006,Groceries,North,521,96,0,61.21,0,Snowy,0,57.12,Winter,0,91
2022-01-07,S005,P0007,Groceries,North,176,70,0,62.93,15,Snowy,1,70.71,Winter,0,68
2022-01-07,S005,P0008,Groceries,North,135,135,122,72.5,0,Snowy,0,82.44,Winter,0,145
2022-01-07,S005,P0009,Groceries,North,491,124,504,112.68,5,Snowy,0,109.74,Winter,0,151
2022-01-07,S005,P0010,Groceries,North,739,104,0,62.64,5,Snowy,0,55.06,Winter,0,113
2022-01-07,S005,P0011,Electronics,North,160,32,0,59.46,10,Snowy,0,68.22,Winter,0,42
2022-01-07,S005,P0012,Furniture,North,692,117,0,139.61,10,Snowy,1,148.24,Winter,0,130
2022-01-07,S005,P0013,Groceries,North,236,176,0,76.85,20,Snowy,1,74.22,Winter,0,166
2022-01-07,S005,P0014,Furniture,North,344,82,344,134.38,25,Snowy,1,143.16,Winter,0,97
2022-01-07,S005,P0015,Groceries,North,194,47,0,38.42,10,Snowy,0,41.84,Winter,0,53
2022-01-07,S005,P0016,Toys,North,766,95,0,33.14,15,Snowy,1,29.56,Winter,0,112
2022-01-07,S005,P0017,Toys,North,116,61,56,32.86,5,Snowy,0,31.87,Winter,0,57
2022-01-07,S005,P0018,Clothing,North,127,77,114,18.28,20,Snowy,1,20.61,Winter,0,110
2022-01-07,S005,P0019,Furniture,North,176,107,0,141.26,5,Snowy,0,166.27,Winter,0,93
2022-01-07,S005,P0020,Toys,North,87,87,134,34.15,15,Snowy,1,33.81,Winter,0,165
2022-01-08,S001,P0001,Electronics,North,308,96,248,68.56,10,Snowy,1,80.99,Winter,0,113
2022-01-08,S001,P0002,Clothing,North,77,77,208,76.3,15,Snowy,1,90.66,Winter,0,208
2022-01-08,S001,P0003,Clothing,North,308,109,0,54.15,15,Snowy,1,58.19,Winter,0,142
2022-01-08,S001,P0004,Electronics,North,155,32,0,69.37,20,Snowy,1,78.42,Winter,0,36
2022-01-08,S001,P0005,Groceries,North,1293,95,0,53.57,5,Snowy,0,59.53,Winter,0,83
2022-01-08,S001,P0006,Toys,North,95,90,0,35.55,20,Snowy,1,37.46,Winter,0,119
2022-01-08,S001,P0007,Groceries,North,538,174,650,25.99,10,Snowy,1,31.25,Winter,0,147
2022-01-08,S001,P0008,Electronics,North,110,69,97,41.98,10,Snowy,1,49.25,Winter,0,107
2022-01-08,S001,P0009,Clothing,North,130,83,105,88.19,5,Snowy,0,80.62,Winter,0,92
2022-01-08,S001,P0010,Furniture,North,639,74,0,135.63,0,Snowy,0,126.7,Winter,0,76
2022-01-08,S001,P0011,Furniture,North,282,63,0,125.42,25,Snowy,1,135.96,Winter,0,83
2022-01-08,S001,P0012,Groceries,North,115,105,162,76.44,5,Snowy,0,90.0,Winter,0,90
2022-01-08,S001,P0013,Toys,North,155,55,0,26.67,10,Snowy,0,31.05,Winter,0,62
2022-01-08,S001,P0014,Groceries,North,367,75,348,55.78,25,Snowy,1,58.86,Winter,0,104
2022-01-08,S001,P0015,Toys,North,95,95,137,16.38,15,Snowy,1,14.52,Winter,0,137
2022-01-08,S001,P0016,Groceries,North,466,161,508,36.88,25,Snowy,1,32.95,Winter,0,160
2022-01-08,S001,P0017,Toys,North,177,79,0,21.9,0,Snowy,0,21.7,Winter,0,69
2022-01-08,S001,P0018,Groceries,North,134,134,229,77.51,15,Snowy,1,73.76,Winter,0,227
2022-01-08,S001,P0019,Furniture,North,69,59,64,105.33,10,Snowy,0,101.66,Winter,0,70
2022-01-08,S001,P0020,Furniture,North,588,81,0,124.39,5,Snowy,0,116.58,Winter,0,87
2022-01-08,S002,P0001,Groceries,South,524,83,0,82.34,10,Cloudy,1,80.13,Winter,0,120
2022-01-08,S002,P0002,Toys,South,363,115,0,35.07,10,Cloudy,1,33.62,Winter,0,130
2022-01-08,S002,P0003,Groceries,South,168,87,422,78.72,10,Cloudy,1,93.43,Winter,0,122
2022-01-08,S002,P0004,Groceries,South,213,70,0,28.79,25,Cloudy,1,34.33,Winter,0,71
2022-01-08,S002,P0005,Electronics,South,472,40,0,72.89,5,Cloudy,0,79.95,Winter,0,44
2022-01-08,S002,P0006,Clothing,South,134,92,120,60.13,25,Cloudy,1,54.74,Winter,0,143
2022-01-08,S002,P0007,Toys,South,76,76,441,33.12,10,Cloudy,1,32.8,Winter,0,163
2022-01-08,S002,P0008,Groceries,South,102,102,139,23.49,15,Cloudy,1,25.55,Winter,0,120
2022-01-08,S002,P0009,Groceries,South,574,133,0,63.41,10,Cloudy,0,73.82,Winter,0,137
2022-01-08,S002,P0010,Groceries,South,158,158,129,107.34,0,Cloudy,0,117.4,Winter,0,161
2022-01-08,S002,P0011,Groceries,South,584,125,526,97.54,20,Cloudy,1,107.49,Winter,0,183
2022-01-08,S002,P0012,Electronics,South,665,63,0,70.27,0,Cloudy,0,83.04,Winter,0,101
2022-01-08,S002,P0013,Groceries,South,18,18,0,25.05,0,Cloudy,0,22.96,Winter,0,120
2022-01-08,S002,P0014,Electronics,South,551,170,0,130.84,20,Cloudy,1,124.27,Winter,0,169
2022-01-08,S002,P0015,Clothing,South,733,217,798,75.7,20,Cloudy,1,66.84,Winter,0,188
2022-01-08,S002,P0016,Clothing,South,321,112,409,98.35,15,Cloudy,1,104.4,Winter,0,187
2022-01-08,S002,P0017,Toys,South,195,84,0,19.89,5,Cloudy,0,17.14,Winter,0,80
2022-01-08,S002,P0018,Clothing,South,140,140,191,30.56,25,Cloudy,1,29.2,Winter,0,213
2022-01-08,S002,P0019,Clothing,South,454,55,0,77.42,10,Cloudy,0,67.71,Winter,0,75
2022-01-08,S002,P0020,Furniture,South,194,90,0,155.62,0,Cloudy,0,175.58,Winter,0,130
2022-01-08,S003,P0001,Toys,East,453,116,0,13.26,25,Sunny,1,15.82,Winter,0,110
2022-01-08,S003,P0002,Groceries,East,224,68,0,40.08,25,Sunny,1,44.12,Winter,0,83
2022-01-08,S003,P0003,Electronics,East,200,179,204,99.43,25,Sunny,1,95.25,Winter,0,217
2022-01-08,S003,P0004,Groceries,East,473,60,0,16.05,25,Sunny,1,14.37,Winter,0,61
2022-01-08,S003,P0005,Toys,East,680,46,0,18.68,5,Sunny,0,20.67,Winter,0,55
2022-01-08,S003,P0006,Toys,East,148,120,124,37.68,20,Sunny,1,34.33,Winter,0,137
2022-01-08,S003,P0007,Groceries,East,791,315,1073,20.56,25,Sunny,1,19.43,Winter,0,279
2022-01-08,S003,P0008,Clothing,East,169,169,355,111.58,25,Sunny,1,106.85,Winter,0,162
2022-01-08,S003,P0009,Groceries,East,202,66,0,45.88,10,Sunny,0,53.63,Winter,0,80
2022-01-08,S003,P0010,Groceries,East,230,43,0,33.75,5,Sunny,0,30.87,Winter,0,56
2022-01-08,S003,P0011,Electronics,East,320,118,229,120.03,20,Sunny,1,102.99,Winter,0,141
2022-01-08,S003,P0012,Furniture,East,163,91,182,98.65,10,Sunny,0,92.63,Winter,0,90
2022-01-08,S003,P0013,Groceries,East,1116,112,0,80.03,0,Sunny,0,90.6,Winter,0,128
2022-01-08,S003,P0014,Groceries,East,555,94,0,77.3,25,Sunny,1,89.81,Winter,0,123
2022-01-08,S003,P0015,Groceries,East,934,151,0,125.22,10,Sunny,1,113.06,Winter,0,203
2022-01-08,S003,P0016,Electronics,East,413,83,0,90.27,20,Sunny,1,80.01,Winter,0,116
2022-01-08,S003,P0017,Furniture,East,665,44,0,106.32,5,Sunny,0,123.22,Winter,0,52
2022-01-08,S003,P0018,Furniture,East,660,76,0,138.05,10,Sunny,1,117.99,Winter,0,97
2022-01-08,S003,P0019,Groceries,East,60,60,183,67.83,0,Sunny,0,76.78,Winter,0,167
2022-01-08,S003,P0020,Clothing,East,600,210,0,120.06,0,Sunny,0,111.2,Winter,0,256
2022-01-08,S004,P0001,Groceries,West,749,123,0,11.21,20,Cloudy,1,9.69,Winter,0,158
2022-01-08,S004,P0002,Groceries,West,441,145,0,19.45,20,Cloudy,1,17.32,Winter,0,140
2022-01-08,S004,P0003,Furniture,West,389,115,0,120.54,20,Cloudy,1,136.15,Winter,0,96
2022-01-08,S004,P0004,Groceries,West,189,88,333,45.12,25,Cloudy,1,53.21,Winter,0,134
2022-01-08,S004,P0005,Clothing,West,110,110,125,84.07,0,Cloudy,0,78.03,Winter,0,124
2022-01-08,S004,P0006,Groceries,West,232,174,307,32.07,25,Cloudy,1,38.56,Winter,0,149
2022-01-08,S004,P0007,Groceries,West,604,127,0,25.03,15,Cloudy,1,29.52,Winter,0,106
2022-01-08,S004,P0008,Furniture,West,83,77,116,95.01,15,Cloudy,1,108.92,Winter,0,112
2022-01-08,S004,P0009,Clothing,West,164,126,0,110.64,10,Cloudy,0,124.02,Winter,0,115
2022-01-08,S004,P0010,Groceries,West,133,133,0,28.48,5,Cloudy,0,30.83,Winter,0,145
2022-01-08,S004,P0011,Clothing,West,636,170,653,68.04,10,Cloudy,1,57.9,Winter,0,156
2022-01-08,S004,P0012,Electronics,West,128,61,108,102.56,10,Cloudy,0,120.25,Winter,0,92
2022-01-08,S004,P0013,Groceries,West,365,83,0,22.46,0,Cloudy,0,24.86,Winter,0,126
2022-01-08,S004,P0014,Furniture,West,10,10,0,145.46,15,Cloudy,1,174.15,Winter,0,80
2022-01-08,S004,P0015,Furniture,West,304,108,268,95.36,15,Cloudy,1,89.62,Winter,0,102
2022-01-08,S004,P0016,Furniture,West,255,81,266,107.39,15,Cloudy,1,129.24,Winter,0,94
2022-01-08,S004,P0017,Clothing,West,195,125,104,98.17,10,Cloudy,0,95.09,Winter,0,114
2022-01-08,S004,P0018,Furniture,West,124,87,109,176.09,15,Cloudy,1,167.89,Winter,0,135
2022-01-08,S004,P0019,Clothing,West,173,55,0,56.87,0,Cloudy,0,66.16,Winter,0,80
2022-01-08,S004,P0020,Furniture,West,250,118,275,168.25,0,Cloudy,0,167.98,Winter,0,136
2022-01-08,S005,P0001,Groceries,North,230,139,299,10.63,25,Snowy,1,11.75,Winter,0,152
2022-01-08,S005,P0002,Electronics,North,193,129,0,39.94,10,Snowy,1,46.73,Winter,0,116
2022-01-08,S005,P0003,Toys,North,198,152,137,32.98,10,Snowy,1,35.92,Winter,0,158
2022-01-08,S005,P0004,Groceries,North,131,128,128,7.13,20,Snowy,1,8.54,Winter,0,146
2022-01-08,S005,P0005,Groceries,North,125,57,0,15.66,0,Snowy,0,17.09,Winter,0,86
2022-01-08,S005,P0006,Groceries,North,425,71,0,48.22,25,Snowy,1,43.59,Winter,0,106
2022-01-08,S005,P0007,Groceries,North,381,97,0,88.9,10,Snowy,1,76.99,Winter,0,141
2022-01-08,S005,P0008,Groceries,North,122,122,201,65.98,25,Snowy,1,59.02,Winter,0,198
2022-01-08,S005,P0009,Groceries,North,367,70,0,94.5,10,Snowy,0,93.89,Winter,0,110
2022-01-08,S005,P0010,Groceries,North,635,66,0,56.18,5,Snowy,0,63.37,Winter,0,95
2022-01-08,S005,P0011,Electronics,North,502,62,0,72.69,10,Snowy,1,70.68,Winter,0,81
2022-01-08,S005,P0012,Furniture,North,575,53,0,113.33,10,Snowy,0,124.51,Winter,0,67
2022-01-08,S005,P0013,Groceries,North,60,39,0,60.39,5,Snowy,0,64.29,Winter,0,54
2022-01-08,S005,P0014,Furniture,North,262,96,0,168.39,10,Snowy,1,178.03,Winter,0,111
2022-01-08,S005,P0015,Groceries,North,480,80,0,39.55,15,Snowy,1,44.08,Winter,0,76
2022-01-08,S005,P0016,Toys,North,671,79,0,34.5,10,Snowy,1,32.85,Winter,0,107
2022-01-08,S005,P0017,Toys,North,111,111,135,37.39,10,Snowy,0,40.65,Winter,0,126
2022-01-08,S005,P0018,Clothing,North,164,55,0,19.9,10,Snowy,1,18.75,Winter,0,84
2022-01-08,S005,P0019,Furniture,North,199,72,0,118.86,10,Snowy,0,125.81,Winter,0,60
2022-01-08,S005,P0020,Toys,North,134,129,99,30.72,10,Snowy,0,26.36,Winter,0,110
2022-01-09,S001,P0001,Electronics,North,212,57,0,62.76,10,Sunny,0,67.11,Winter,0,87
2022-01-09,S001,P0002,Clothing,North,208,134,169,80.13,5,Sunny,0,87.22,Winter,0,183
2022-01-09,S001,P0003,Clothing,North,199,165,526,66.41,5,Sunny,0,64.8,Winter,0,157
2022-01-09,S001,P0004,Electronics,North,123,82,233,112.58,5,Sunny,0,119.28,Winter,0,124
2022-01-09,S001,P0005,Groceries,North,1198,88,0,56.42,5,Sunny,0,63.03,Winter,0,99
2022-01-09,S001,P0006,Toys,North,445,113,0,43.73,10,Sunny,0,43.22,Winter,0,132
2022-01-09,S001,P0007,Groceries,North,364,65,0,21.29,10,Sunny,0,24.82,Winter,0,84
2022-01-09,S001,P0008,Electronics,North,138,87,0,38.58,10,Sunny,0,44.2,Winter,0,81
2022-01-09,S001,P0009,Clothing,North,152,117,145,95.45,5,Sunny,0,104.23,Winter,0,133
2022-01-09,S001,P0010,Furniture,North,565,101,0,121.82,15,Sunny,1,133.27,Winter,0,107
2022-01-09,S001,P0011,Furniture,North,219,130,179,173.38,10,Sunny,0,158.23,Winter,0,110
2022-01-09,S001,P0012,Groceries,North,141,84,253,86.89,10,Sunny,0,80.21,Winter,0,131
2022-01-09,S001,P0013,Toys,North,100,100,98,30.92,10,Sunny,0,36.09,Winter,0,105
2022-01-09,S001,P0014,Groceries,North,292,178,0,94.42,0,Sunny,0,91.69,Winter,0,168
2022-01-09,S001,P0015,Toys,North,137,65,104,16.07,5,Sunny,0,15.17,Winter,0,95
2022-01-09,S001,P0016,Groceries,North,305,131,0,42.45,10,Sunny,0,49.21,Winter,0,163
2022-01-09,S001,P0017,Toys,North,98,70,93,17.97,25,Sunny,1,16.67,Winter,0,95
2022-01-09,S001,P0018,Groceries,North,229,81,0,58.15,10,Sunny,0,56.34,Winter,0,101
2022-01-09,S001,P0019,Furniture,North,74,44,67,110.34,0,Sunny,0,116.75,Winter,0,68
2022-01-09,S001,P0020,Furniture,North,507,217,786,131.7,25,Sunny,1,126.45,Winter,0,186
2022-01-09,S002,P0001,Groceries,South,441,85,0,72.8,10,Cloudy,0,77.77,Winter,0,97
2022-01-09,S002,P0002,Toys,South,248,98,200,35.31,0,Cloudy,0,31.8,Winter,0,99
2022-01-09,S002,P0003,Groceries,South,81,75,0,83.67,5,Cloudy,0,91.79,Winter,0,124
2022-01-09,S002,P0004,Groceries,South,143,83,0,37.02,5,Cloudy,0,44.17,Winter,0,75
2022-01-09,S002,P0005,Electronics,South,432,60,312,89.65,5,Cloudy,0,83.39,Winter,0,86
2022-01-09,S002,P0006,Clothing,South,162,136,137,81.45,0,Cloudy,0,71.23,Winter,0,149
2022-01-09,S002,P0007,Toys,South,0,0,0,29.68,10,Cloudy,0,35.85,Winter,0,142
2022-01-09,S002,P0008,Groceries,South,139,81,111,27.27,0,Cloudy,0,26.63,Winter,0,99
2022-01-09,S002,P0009,Groceries,South,441,91,0,71.1,0,Cloudy,0,83.59,Winter,0,140
2022-01-09,S002,P0010,Groceries,South,129,129,226,99.51,20,Cloudy,1,106.88,Winter,0,219
2022-01-09,S002,P0011,Groceries,South,459,91,0,95.2,5,Cloudy,0,105.75,Winter,0,114
2022-01-09,S002,P0012,Electronics,South,602,79,0,69.5,0,Cloudy,0,78.54,Winter,0,98
2022-01-09,S002,P0013,Groceries,South,544,118,0,22.14,10,Cloudy,0,21.55,Winter,0,114
2022-01-09,S002,P0014,Electronics,South,381,70,0,111.09,10,Cloudy,0,100.24,Winter,0,77
2022-01-09,S002,P0015,Clothing,South,516,109,0,68.62,0,Cloudy,0,79.51,Winter,0,95
2022-01-09,S002,P0016,Clothing,South,209,86,0,95.73,0,Cloudy,0,103.08,Winter,0,119
2022-01-09,S002,P0017,Toys,South,111,111,578,21.43,25,Cloudy,1,19.79,Winter,0,183
2022-01-09,S002,P0018,Clothing,South,191,81,0,25.49,5,Cloudy,0,23.69,Winter,0,70
2022-01-09,S002,P0019,Clothing,South,399,85,0,88.51,0,Cloudy,0,105.81,Winter,0,99
2022-01-09,S002,P0020,Furniture,South,104,104,0,143.21,20,Cloudy,1,127.5,Winter,0,162
2022-01-09,S003,P0001,Toys,East,337,109,0,16.03,10,Sunny,0,18.63,Winter,0,113
2022-01-09,S003,P0002,Groceries,East,633,91,0,65.38,0,Sunny,0,73.37,Winter,0,147
2022-01-09,S003,P0003,Electronics,East,225,96,154,113.16,0,Sunny,0,113.15,Winter,0,155
2022-01-09,S003,P0004,Groceries,East,413,108,0,20.27,10,Sunny,0,23.91,Winter,0,90
2022-01-09,S003,P0005,Toys,East,634,63,0,20.94,5,Sunny,0,19.8,Winter,0,72
2022-01-09,S003,P0006,Toys,East,152,86,115,35.45,10,Sunny,0,41.65,Winter,0,96
2022-01-09,S003,P0007,Groceries,East,476,123,0,18.9,10,Sunny,0,20.64,Winter,0,185
2022-01-09,S003,P0008,Clothing,East,200,104,0,122.87,0,Sunny,0,130.3,Winter,0,114
2022-01-09,S003,P0009,Groceries,East,136,136,126,64.71,5,Sunny,0,64.68,Winter,0,157
2022-01-09,S003,P0010,Groceries,East,187,151,138,41.46,10,Sunny,1,39.19,Winter,0,134
2022-01-09,S003,P0011,Electronics,East,202,52,0,102.05,10,Sunny,0,114.45,Winter,0,70
2022-01-09,S003,P0012,Furniture,East,72,72,0,93.38,10,Sunny,0,107.89,Winter,0,89
2022-01-09,S003,P0013,Groceries,East,1004,118,0,74.17,10,Sunny,0,69.48,Winter,0,121
2022-01-09,S003,P0014,Groceries,East,461,114,0,96.55,5,Sunny,0,107.64,Winter,0,119
2022-01-09,S003,P0015,Groceries,East,783,56,0,79.36,10,Sunny,0,85.95,Winter,0,67
2022-01-09,S003,P0016,Electronics,East,330,108,0,97.45,5,Sunny,0,115.42,Winter,0,102
2022-01-09,S003,P0017,Furniture,East,621,179,756,119.73,25,Sunny,1,127.49,Winter,0,162
2022-01-09,S003,P0018,Furniture,East,584,33,0,122.84,0,Sunny,0,117.33,Winter,0,37
2022-01-09,S003,P0019,Groceries,East,183,72,0,51.98,5,Sunny,0,57.91,Winter,0,95
2022-01-09,S003,P0020,Clothing,East,390,222,0,98.38,15,Sunny,1,118.52,Winter,0,263
2022-01-09,S004,P0001,Groceries,West,626,126,676,14.34,5,Cloudy,0,13.33,Winter,0,186
2022-01-09,S004,P0002,Groceries,West,296,144,0,22.25,0,Cloudy,0,26.25,Winter,0,127
2022-01-09,S004,P0003,Furniture,West,274,63,200,140.32,5,Cloudy,0,132.39,Winter,0,76
2022-01-09,S004,P0004,Groceries,West,405,95,0,49.28,10,Cloudy,0,46.15,Winter,0,88
2022-01-09,S004,P0005,Clothing,West,125,68,97,66.25,10,Cloudy,0,74.78,Winter,0,98
2022-01-09,S004,P0006,Groceries,West,58,58,0,41.55,0,Cloudy,0,45.83,Winter,0,139
2022-01-09,S004,P0007,Groceries,West,477,119,0,27.5,5,Cloudy,0,30.91,Winter,0,100
2022-01-09,S004,P0008,Furniture,West,122,55,94,90.81,10,Cloudy,0,97.59,Winter,0,81
2022-01-09,S004,P0009,Clothing,West,544,84,0,128.66,0,Cloudy,0,113.0,Winter,0,113
2022-01-09,S004,P0010,Groceries,West,784,99,0,21.73,25,Cloudy,1,20.17,Winter,0,116
2022-01-09,S004,P0011,Clothing,West,466,88,0,57.43,10,Cloudy,0,57.03,Winter,0,100
2022-01-09,S004,P0012,Electronics,West,175,109,0,114.07,10,Cloudy,0,122.13,Winter,0,125
2022-01-09,S004,P0013,Groceries,West,282,113,0,19.09,10,Cloudy,0,21.23,Winter,0,108
2022-01-09,S004,P0014,Furniture,West,306,45,0,160.04,5,Cloudy,0,159.53,Winter,0,62
2022-01-09,S004,P0015,Furniture,West,196,63,0,99.97,0,Cloudy,0,88.42,Winter,0,69
2022-01-09,S004,P0016,Furniture,West,174,30,0,100.04,10,Cloudy,0,86.31,Winter,0,45
2022-01-09,S004,P0017,Clothing,West,174,174,230,122.29,10,Cloudy,1,137.95,Winter,0,214
2022-01-09,S004,P0018,Furniture,West,146,81,71,158.72,10,Cloudy,0,135.77,Winter,0,85
2022-01-09,S004,P0019,Clothing,West,118,109,151,62.54,10,Cloudy,0,68.99,Winter,0,143
2022-01-09,S004,P0020,Furniture,West,132,67,0,102.05,25,Cloudy,1,112.26,Winter,0,85
2022-01-09,S005,P0001,Groceries,North,91,77,0,11.26,5,Sunny,0,10.85,Winter,0,79
2022-01-09,S005,P0002,Electronics,North,453,95,0,38.29,10,Sunny,0,33.55,Winter,0,87
2022-01-09,S005,P0003,Toys,North,183,81,110,28.09,10,Sunny,0,34.0,Winter,0,104
2022-01-09,S005,P0004,Groceries,North,131,125,107,8.3,0,Sunny,0,7.31,Winter,0,105
2022-01-09,S005,P0005,Groceries,North,219,107,256,15.91,10,Sunny,0,16.81,Winter,0,123
2022-01-09,S005,P0006,Groceries,North,354,134,0,66.61,0,Sunny,0,60.42,Winter,0,117
2022-01-09,S005,P0007,Groceries,North,284,67,0,77.16,0,Sunny,0,75.0,Winter,0,65
2022-01-09,S005,P0008,Groceries,North,201,38,0,47.04,10,Sunny,0,51.73,Winter,0,47
2022-01-09,S005,P0009,Groceries,North,297,81,0,104.96,5,Sunny,0,96.01,Winter,0,127
2022-01-09,S005,P0010,Groceries,North,569,233,518,73.1,10,Sunny,1,88.08,Winter,0,207
2022-01-09,S005,P0011,Electronics,North,440,88,0,82.88,0,Sunny,0,79.91,Winter,0,89
2022-01-09,S005,P0012,Furniture,North,522,40,0,110.49,0,Sunny,0,126.73,Winter,0,34
2022-01-09,S005,P0013,Groceries,North,535,110,0,76.82,5,Sunny,0,75.64,Winter,0,108
2022-01-09,S005,P0014,Furniture,North,166,98,0,181.82,0,Sunny,0,158.58,Winter,0,86
2022-01-09,S005,P0015,Groceries,North,400,93,0,47.25,10,Sunny,0,43.87,Winter,0,96
2022-01-09,S005,P0016,Toys,North,592,74,0,35.87,5,Sunny,0,33.85,Winter,0,102
2022-01-09,S005,P0017,Toys,North,135,117,137,37.94,10,Sunny,1,32.27,Winter,0,114
2022-01-09,S005,P0018,Clothing,North,109,105,112,21.83,10,Sunny,0,23.3,Winter,0,129
2022-01-09,S005,P0019,Furniture,North,127,30,83,110.82,10,Sunny,0,118.18,Winter,0,42
2022-01-09,S005,P0020,Toys,North,104,104,199,34.99,25,Sunny,1,42.18,Winter,0,248
2022-01-10,S001,P0001,Electronics,North,403,88,0,68.99,5,Cloudy,0,81.14,Winter,0,99
2022-01-10,S001,P0002,Clothing,North,243,192,0,74.31,10,Cloudy,1,78.49,Winter,0,175
2022-01-10,S001,P0003,Clothing,North,476,109,0,59.9,10,Cloudy,0,54.6,Winter,0,140
2022-01-10,S001,P0004,Electronics,North,41,32,0,84.98,0,Cloudy,0,92.98,Winter,0,31
2022-01-10,S001,P0005,Groceries,North,1110,142,0,61.16,10,Cloudy,0,65.97,Winter,0,142
2022-01-10,S001,P0006,Toys,North,332,51,0,39.24,0,Cloudy,0,38.52,Winter,0,67
2022-01-10,S001,P0007,Groceries,North,299,166,0,26.19,15,Cloudy,1,25.75,Winter,0,152
2022-01-10,S001,P0008,Electronics,North,51,51,132,43.59,15,Cloudy,1,52.42,Winter,0,138
2022-01-10,S001,P0009,Clothing,North,180,180,174,107.23,5,Cloudy,0,118.55,Winter,0,175
2022-01-10,S001,P0010,Furniture,North,464,60,0,125.13,5,Cloudy,0,112.97,Winter,0,68
2022-01-10,S001,P0011,Furniture,North,89,89,188,171.1,0,Cloudy,0,206.83,Winter,0,90
2022-01-10,S001,P0012,Groceries,North,219,108,0,92.85,10,Cloudy,0,90.63,Winter,0,154
2022-01-10,S001,P0013,Toys,North,98,98,114,33.19,5,Cloudy,0,35.15,Winter,0,110
2022-01-10,S001,P0014,Groceries,North,114,107,0,67.09,10,Cloudy,0,72.16,Winter,0,105
2022-01-10,S001,P0015,Toys,North,176,74,109,15.42,10,Cloudy,0,17.93,Winter,0,115
2022-01-10,S001,P0016,Groceries,North,174,75,0,35.68,10,Cloudy,0,32.83,Winter,0,89
2022-01-10,S001,P0017,Toys,North,121,85,77,20.01,15,Cloudy,1,17.98,Winter,0,90
2022-01-10,S001,P0018,Groceries,North,148,148,218,88.17,10,Cloudy,1,75.18,Winter,0,259
2022-01-10,S001,P0019,Furniture,North,97,53,52,100.04,5,Cloudy,0,117.28,Winter,0,56
2022-01-10,S001,P0020,Furniture,North,290,22,0,72.13,25,Cloudy,1,81.55,Winter,0,21
2022-01-10,S002,P0001,Groceries,South,356,147,407,92.41,5,Cloudy,0,88.99,Winter,0,140
2022-01-10,S002,P0002,Toys,South,150,61,0,27.48,15,Cloudy,1,30.15,Winter,0,88
2022-01-10,S002,P0003,Groceries,South,250,110,0,89.45,5,Cloudy,0,77.47,Winter,0,130
2022-01-10,S002,P0004,Groceries,South,310,84,212,37.68,5,Cloudy,0,45.01,Winter,0,80
2022-01-10,S002,P0005,Electronics,South,372,94,0,106.04,0,Cloudy,0,100.79,Winter,0,122
2022-01-10,S002,P0006,Clothing,South,163,116,124,64.91,10,Cloudy,0,73.71,Winter,0,125
2022-01-10,S002,P0007,Toys,South,492,161,0,31.33,10,Cloudy,1,28.42,Winter,0,143
2022-01-10,S002,P0008,Groceries,South,169,114,103,25.46,10,Cloudy,1,30.11,Winter,0,127
2022-01-10,S002,P0009,Groceries,South,350,59,0,60.43,0,Cloudy,0,65.04,Winter,0,89
2022-01-10,S002,P0010,Groceries,South,226,182,200,101.82,10,Cloudy,0,121.22,Winter,0,181
2022-01-10,S002,P0011,Groceries,South,368,65,0,87.8,10,Cloudy,0,83.43,Winter,0,90
2022-01-10,S002,P0012,Electronics,South,523,126,707,76.85,10,Cloudy,0,65.9,Winter,0,149
2022-01-10,S002,P0013,Groceries,South,426,96,0,22.43,10,Cloudy,0,20.78,Winter,0,118
2022-01-10,S002,P0014,Electronics,South,311,80,0,126.79,10,Cloudy,0,121.62,Winter,0,117
2022-01-10,S002,P0015,Clothing,South,407,65,0,65.99,0,Cloudy,0,75.98,Winter,0,84
2022-01-10,S002,P0016,Clothing,South,532,140,0,95.41,10,Cloudy,0,90.03,Winter,0,136
2022-01-10,S002,P0017,Toys,South,442,103,0,18.81,20,Cloudy,1,21.5,Winter,0,131
2022-01-10,S002,P0018,Clothing,South,110,110,148,23.86,25,Cloudy,1,26.25,Winter,0,138
2022-01-10,S002,P0019,Clothing,South,314,111,0,87.49,5,Cloudy,0,94.21,Winter,0,111
2022-01-10,S002,P0020,Furniture,South,498,86,0,112.29,20,Cloudy,1,121.05,Winter,0,98
2022-01-10,S003,P0001,Toys,East,228,96,202,16.94,5,Cloudy,0,17.9,Winter,0,113
2022-01-10,S003,P0002,Groceries,East,542,183,727,63.2,20,Cloudy,1,72.68,Winter,0,220
2022-01-10,S003,P0003,Electronics,East,283,66,0,83.72,10,Cloudy,0,71.25,Winter,0,91
2022-01-10,S003,P0004,Groceries,East,305,49,0,19.53,5,Cloudy,0,20.91,Winter,0,64
2022-01-10,S003,P0005,Toys,East,571,43,0,18.63,10,Cloudy,0,20.43,Winter,0,69
2022-01-10,S003,P0006,Toys,East,181,92,0,35.1,10,Cloudy,0,30.26,Winter,0,78
2022-01-10,S003,P0007,Groceries,East,353,108,0,15.05,25,Cloudy,1,14.05,Winter,0,149
2022-01-10,S003,P0008,Clothing,East,451,85,0,107.02,15,Cloudy,1,102.14,Winter,0,106
2022-01-10,S003,P0009,Groceries,East,126,106,135,54.33,10,Cloudy,0,64.59,Winter,0,132
2022-01-10,S003,P0010,Groceries,East,174,97,157,47.61,0,Cloudy,0,46.16,Winter,0,145
2022-01-10,S003,P0011,Electronics,East,379,94,0,149.55,0,Cloudy,0,144.56,Winter,0,140
2022-01-10,S003,P0012,Furniture,East,182,43,0,80.32,10,Cloudy,0,87.49,Winter,0,48
2022-01-10,S003,P0013,Groceries,East,886,161,0,81.49,5,Cloudy,0,89.92,Winter,0,152
2022-01-10,S003,P0014,Groceries,East,347,127,332,104.46,0,Cloudy,0,115.53,Winter,0,128
2022-01-10,S003,P0015,Groceries,East,727,138,0,96.09,10,Cloudy,0,110.49,Winter,0,125
2022-01-10,S003,P0016,Electronics,East,222,128,250,106.66,5,Cloudy,0,112.33,Winter,0,131
2022-01-10,S003,P0017,Furniture,East,442,83,0,113.54,20,Cloudy,1,105.88,Winter,0,105
2022-01-10,S003,P0018,Furniture,East,551,39,0,122.41,10,Cloudy,1,114.14,Winter,0,63
2022-01-10,S003,P0019,Groceries,East,111,88,96,55.22,0,Cloudy,0,64.81,Winter,0,98
2022-01-10,S003,P0020,Clothing,East,168,168,979,93.11,25,Cloudy,1,81.4,Winter,0,271
2022-01-10,S004,P0001,Groceries,West,500,138,0,12.72,0,Cloudy,0,15.09,Winter,0,142
2022-01-10,S004,P0002,Groceries,West,152,152,309,21.6,15,Cloudy,1,23.84,Winter,0,174
2022-01-10,S004,P0003,Furniture,West,211,62,0,136.67,10,Cloudy,0,135.22,Winter,0,84
2022-01-10,S004,P0004,Groceries,West,310,41,0,47.32,0,Cloudy,0,52.51,Winter,0,62
2022-01-10,S004,P0005,Clothing,West,154,74,108,73.22,0,Cloudy,0,78.04,Winter,0,96
2022-01-10,S004,P0006,Groceries,West,307,63,0,35.07,0,Cloudy,0,32.13,Winter,0,71
2022-01-10,S004,P0007,Groceries,West,358,53,0,20.07,15,Cloudy,1,23.25,Winter,0,44
2022-01-10,S004,P0008,Furniture,West,161,126,101,103.15,15,Cloudy,1,90.65,Winter,0,122
2022-01-10,S004,P0009,Clothing,West,460,170,498,135.11,0,Cloudy,0,156.6,Winter,0,146
2022-01-10,S004,P0010,Groceries,West,685,42,0,22.11,10,Cloudy,0,20.09,Winter,0,68
2022-01-10,S004,P0011,Clothing,West,378,56,0,54.14,5,Cloudy,0,65.38,Winter,0,82
2022-01-10,S004,P0012,Electronics,West,66,66,63,96.77,10,Cloudy,0,108.38,Winter,0,75
2022-01-10,S004,P0013,Groceries,West,780,173,0,22.51,10,Cloudy,0,24.18,Winter,0,164
2022-01-10,S004,P0014,Furniture,West,261,51,0,164.16,5,Cloudy,0,155.15,Winter,0,69
2022-01-10,S004,P0015,Furniture,West,133,83,0,104.1,0,Cloudy,0,109.69,Winter,0,95
2022-01-10,S004,P0016,Furniture,West,144,62,0,124.42,0,Cloudy,0,117.68,Winter,0,75
2022-01-10,S004,P0017,Clothing,West,230,76,0,83.44,20,Cloudy,1,98.43,Winter,0,116
2022-01-10,S004,P0018,Furniture,West,136,106,108,128.85,25,Cloudy,1,140.04,Winter,0,92
2022-01-10,S004,P0019,Clothing,West,160,96,150,64.64,10,Cloudy,0,62.84,Winter,0,136
2022-01-10,S004,P0020,Furniture,West,340,69,0,113.2,15,Cloudy,1,111.06,Winter,0,65
2022-01-10,S005,P0001,Groceries,North,313,131,0,12.03,5,Cloudy,0,13.64,Winter,0,114
2022-01-10,S005,P0002,Electronics,North,358,130,497,45.9,20,Cloudy,1,43.64,Winter,0,189
2022-01-10,S005,P0003,Toys,North,212,155,136,32.4,5,Cloudy,0,34.42,Winter,0,133
2022-01-10,S005,P0004,Groceries,North,113,61,79,7.55,5,Cloudy,0,6.46,Winter,0,92
2022-01-10,S005,P0005,Groceries,North,112,78,0,13.34,10,Cloudy,0,14.97,Winter,0,70
2022-01-10,S005,P0006,Groceries,North,872,55,0,57.85,0,Cloudy,0,64.62,Winter,0,89
2022-01-10,S005,P0007,Groceries,North,217,111,288,87.12,10,Cloudy,1,91.98,Winter,0,152
2022-01-10,S005,P0008,Groceries,North,163,146,116,63.14,10,Cloudy,1,69.15,Winter,0,133
2022-01-10,S005,P0009,Groceries,North,720,126,0,119.96,5,Cloudy,0,114.73,Winter,0,174
2022-01-10,S005,P0010,Groceries,North,336,87,0,70.78,0,Cloudy,0,70.74,Winter,0,136
2022-01-10,S005,P0011,Electronics,North,352,45,0,68.44,5,Cloudy,0,66.94,Winter,0,50
2022-01-10,S005,P0012,Furniture,North,482,93,492,151.97,0,Cloudy,0,142.67,Winter,0,107
2022-01-10,S005,P0013,Groceries,North,425,94,457,79.93,5,Cloudy,0,91.51,Winter,0,137
2022-01-10,S005,P0014,Furniture,North,412,72,0,160.8,5,Cloudy,0,170.6,Winter,0,81
2022-01-10,S005,P0015,Groceries,North,307,137,225,53.55,10,Cloudy,0,50.1,Winter,0,137
2022-01-10,S005,P0016,Toys,North,518,86,0,31.25,10,Cloudy,0,35.52,Winter,0,92
2022-01-10,S005,P0017,Toys,North,155,118,165,42.06,10,Cloudy,1,36.76,Winter,0,149
2022-01-10,S005,P0018,Clothing,North,116,116,161,22.21,10,Cloudy,1,26.36,Winter,0,135
2022-01-10,S005,P0019,Furniture,North,97,97,213,141.81,10,Cloudy,0,139.44,Winter,0,95
2022-01-10,S005,P0020,Toys,North,199,197,200,31.28,25,Cloudy,1,30.97,Winter,0,179
2022-01-11,S001,P0001,Electronics,North,315,112,0,73.71,0,Cloudy,0,85.29,Winter,0,103
2022-01-11,S001,P0002,Clothing,North,51,51,176,73.44,15,Cloudy,1,66.83,Winter,0,172
2022-01-11,S001,P0003,Clothing,North,367,89,0,56.98,10,Cloudy,0,55.54,Winter,0,123
2022-01-11,S001,P0004,Electronics,North,242,49,0,98.78,5,Cloudy,0,87.66,Winter,0,69
2022-01-11,S001,P0005,Groceries,North,968,80,0,53.96,15,Cloudy,1,53.94,Winter,0,103
2022-01-11,S001,P0006,Toys,North,281,85,0,35.91,10,Cloudy,1,32.42,Winter,0,72
2022-01-11,S001,P0007,Groceries,North,133,133,0,27.21,10,Cloudy,0,31.56,Winter,0,164
2022-01-11,S001,P0008,Electronics,North,132,86,96,47.22,0,Cloudy,0,43.79,Winter,0,95
2022-01-11,S001,P0009,Clothing,North,174,174,188,105.27,5,Cloudy,0,116.58,Winter,0,168
2022-01-11,S001,P0010,Furniture,North,404,82,500,144.24,0,Cloudy,0,166.65,Winter,0,109
2022-01-11,S001,P0011,Furniture,North,179,69,0,146.6,5,Cloudy,0,160.39,Winter,0,61
2022-01-11,S001,P0012,Groceries,North,364,136,0,87.87,10,Cloudy,1,84.25,Winter,0,134
2022-01-11,S001,P0013,Toys,North,114,84,80,31.51,10,Cloudy,0,26.92,Winter,0,95
2022-01-11,S001,P0014,Groceries,North,355,99,329,58.9,25,Cloudy,1,70.84,Winter,0,122
2022-01-11,S001,P0015,Toys,North,211,100,0,14.0,25,Cloudy,1,13.98,Winter,0,126
2022-01-11,S001,P0016,Groceries,North,607,85,0,37.94,10,Cloudy,1,37.18,Winter,0,108
2022-01-11,S001,P0017,Toys,North,113,88,98,21.69,10,Cloudy,0,20.59,Winter,0,97
2022-01-11,S001,P0018,Groceries,North,218,49,0,49.44,10,Cloudy,0,42.62,Winter,0,55
2022-01-11,S001,P0019,Furniture,North,96,18,0,87.02,5,Cloudy,0,95.58,Winter,0,22
2022-01-11,S001,P0020,Furniture,North,268,101,0,130.72,15,Cloudy,1,138.49,Winter,0,156
2022-01-11,S002,P0001,Groceries,South,209,93,0,82.63,10,Sunny,0,88.52,Winter,0,138
2022-01-11,S002,P0002,Toys,South,289,83,0,27.21,10,Sunny,1,28.66,Winter,0,69
2022-01-11,S002,P0003,Groceries,South,562,58,0,73.23,0,Sunny,0,79.82,Winter,0,69
2022-01-11,S002,P0004,Groceries,South,226,48,0,38.32,5,Sunny,0,35.21,Winter,0,70
2022-01-11,S002,P0005,Electronics,South,278,108,441,83.53,20,Sunny,1,87.97,Winter,0,133
2022-01-11,S002,P0006,Clothing,South,171,171,210,76.07,20,Sunny,1,67.67,Winter,0,208
2022-01-11,S002,P0007,Toys,South,772,111,0,32.95,5,Sunny,0,30.12,Winter,0,142
2022-01-11,S002,P0008,Groceries,South,158,137,145,31.15,5,Sunny,0,28.13,Winter,0,161
2022-01-11,S002,P0009,Groceries,South,291,143,356,82.18,5,Sunny,0,72.39,Winter,0,194
2022-01-11,S002,P0010,Groceries,South,244,142,0,93.68,10,Sunny,0,108.91,Winter,0,150
2022-01-11,S002,P0011,Groceries,South,829,93,0,107.39,10,Sunny,0,106.72,Winter,0,155
2022-01-11,S002,P0012,Electronics,South,397,87,0,59.97,15,Sunny,1,52.9,Winter,0,87
2022-01-11,S002,P0013,Groceries,South,330,85,273,22.76,5,Sunny,0,20.52,Winter,0,106
2022-01-11,S002,P0014,Electronics,South,939,203,919,142.46,25,Sunny,1,129.42,Winter,0,229
2022-01-11,S002,P0015,Clothing,South,342,178,0,67.32,25,Sunny,1,57.59,Winter,0,168
2022-01-11,S002,P0016,Clothing,South,392,217,393,88.81,25,Sunny,1,105.87,Winter,0,196
2022-01-11,S002,P0017,Toys,South,339,156,0,22.94,5,Sunny,0,26.95,Winter,0,140
2022-01-11,S002,P0018,Clothing,South,148,46,0,24.77,5,Sunny,0,29.76,Winter,0,76
2022-01-11,S002,P0019,Clothing,South,973,75,0,91.42,0,Sunny,0,88.1,Winter,0,93
2022-01-11,S002,P0020,Furniture,South,412,166,375,136.37,20,Sunny,1,130.43,Winter,0,144
2022-01-11,S003,P0001,Toys,East,132,129,0,18.9,0,Sunny,0,17.83,Winter,0,115
2022-01-11,S003,P0002,Groceries,East,359,123,0,57.99,10,Sunny,1,65.16,Winter,0,142
2022-01-11,S003,P0003,Electronics,East,217,128,178,123.23,0,Sunny,0,131.1,Winter,0,208
2022-01-11,S003,P0004,Groceries,East,256,85,256,21.05,5,Sunny,0,25.06,Winter,0,85
2022-01-11,S003,P0005,Toys,East,528,181,767,21.8,25,Sunny,1,19.73,Winter,0,160
2022-01-11,S003,P0006,Toys,East,89,89,217,48.43,15,Sunny,1,43.61,Winter,0,209
2022-01-11,S003,P0007,Groceries,East,245,131,0,18.48,0,Sunny,0,17.35,Winter,0,122
2022-01-11,S003,P0008,Clothing,East,366,119,0,124.3,5,Sunny,0,150.2,Winter,0,135
2022-01-11,S003,P0009,Groceries,East,155,155,223,67.37,10,Sunny,0,62.28,Winter,0,192
2022-01-11,S003,P0010,Groceries,East,234,134,0,41.89,5,Sunny,0,37.06,Winter,0,119
2022-01-11,S003,P0011,Electronics,East,285,123,317,150.34,0,Sunny,0,150.16,Winter,0,142
2022-01-11,S003,P0012,Furniture,East,139,83,130,88.54,10,Sunny,1,95.97,Winter,0,73
2022-01-11,S003,P0013,Groceries,East,725,102,0,66.12,10,Sunny,0,70.45,Winter,0,101
2022-01-11,S003,P0014,Groceries,East,220,144,431,100.61,15,Sunny,1,111.45,Winter,0,172
2022-01-11,S003,P0015,Groceries,East,589,158,786,122.99,10,Sunny,1,110.96,Winter,0,196
2022-01-11,S003,P0016,Electronics,East,94,94,412,100.18,25,Sunny,1,111.87,Winter,0,195
2022-01-11,S003,P0017,Furniture,East,359,58,0,117.21,10,Sunny,0,103.75,Winter,0,79
2022-01-11,S003,P0018,Furniture,East,512,86,532,144.77,5,Sunny,0,159.5,Winter,0,111
2022-01-11,S003,P0019,Groceries,East,119,57,71,47.35,5,Sunny,0,56.07,Winter,0,69
2022-01-11,S003,P0020,Clothing,East,891,68,0,58.39,25,Sunny,1,55.8,Winter,0,94
2022-01-11,S004,P0001,Groceries,West,362,215,0,14.47,0,Cloudy,0,16.55,Winter,0,190
2022-01-11,S004,P0002,Groceries,West,0,0,372,23.33,10,Cloudy,1,26.55,Winter,0,182
2022-01-11,S004,P0003,Furniture,West,149,46,0,126.58,10,Cloudy,0,143.59,Winter,0,76
2022-01-11,S004,P0004,Groceries,West,602,23,0,40.52,5,Cloudy,0,37.78,Winter,0,23
2022-01-11,S004,P0005,Clothing,West,188,90,162,63.36,25,Cloudy,1,71.41,Winter,0,143
2022-01-11,S004,P0006,Groceries,West,244,132,289,39.57,10,Cloudy,1,43.35,Winter,0,159
2022-01-11,S004,P0007,Groceries,West,305,74,362,26.81,10,Cloudy,0,23.37,Winter,0,93
2022-01-11,S004,P0008,Furniture,West,136,57,0,90.25,5,Cloudy,0,99.38,Winter,0,64
2022-01-11,S004,P0009,Clothing,West,290,117,0,135.07,0,Cloudy,0,144.2,Winter,0,146
2022-01-11,S004,P0010,Groceries,West,643,100,0,24.01,10,Cloudy,0,28.55,Winter,0,106
2022-01-11,S004,P0011,Clothing,West,322,122,0,60.76,10,Cloudy,0,58.98,Winter,0,118
2022-01-11,S004,P0012,Electronics,West,63,46,66,91.92,15,Cloudy,1,86.9,Winter,0,63
2022-01-11,S004,P0013,Groceries,West,607,48,0,17.59,10,Cloudy,0,16.97,Winter,0,69
2022-01-11,S004,P0014,Furniture,West,210,102,190,171.74,10,Cloudy,1,193.94,Winter,0,113
2022-01-11,S004,P0015,Furniture,West,318,78,281,90.06,10,Cloudy,1,105.17,Winter,0,83
2022-01-11,S004,P0016,Furniture,West,348,64,0,103.65,15,Cloudy,1,123.72,Winter,0,84
2022-01-11,S004,P0017,Clothing,West,154,88,87,87.18,10,Cloudy,0,103.45,Winter,0,94
2022-01-11,S004,P0018,Furniture,West,138,57,0,151.05,5,Cloudy,0,182.5,Winter,0,70
2022-01-11,S004,P0019,Clothing,West,214,74,0,65.03,0,Cloudy,0,78.16,Winter,0,120
2022-01-11,S004,P0020,Furniture,West,271,146,333,164.09,10,Cloudy,1,161.29,Winter,0,164
2022-01-11,S005,P0001,Groceries,North,182,55,0,9.78,10,Cloudy,0,11.23,Winter,0,69
2022-01-11,S005,P0002,Electronics,North,228,94,0,40.32,10,Cloudy,1,46.94,Winter,0,119
2022-01-11,S005,P0003,Toys,North,193,66,0,29.19,10,Cloudy,0,27.12,Winter,0,101
2022-01-11,S005,P0004,Groceries,North,131,75,123,7.95,5,Cloudy,0,7.22,Winter,0,108
2022-01-11,S005,P0005,Groceries,North,290,120,236,14.91,25,Cloudy,1,14.26,Winter,0,145
2022-01-11,S005,P0006,Groceries,North,817,190,1074,69.88,25,Cloudy,1,60.91,Winter,0,245
2022-01-11,S005,P0007,Groceries,North,106,106,0,86.83,10,Cloudy,0,97.36,Winter,0,151
2022-01-11,S005,P0008,Groceries,North,133,73,101,66.74,0,Cloudy,0,61.98,Winter,0,101
2022-01-11,S005,P0009,Groceries,North,594,109,0,94.78,10,Cloudy,0,103.17,Winter,0,128
2022-01-11,S005,P0010,Groceries,North,249,50,0,50.93,5,Cloudy,0,53.95,Winter,0,67
2022-01-11,S005,P0011,Electronics,North,307,63,313,76.82,0,Cloudy,0,86.51,Winter,0,82
2022-01-11,S005,P0012,Furniture,North,389,46,0,114.58,10,Cloudy,1,112.03,Winter,0,56
2022-01-11,S005,P0013,Groceries,North,331,160,0,79.63,5,Cloudy,0,92.93,Winter,0,136
2022-01-11,S005,P0014,Furniture,North,340,4,0,92.97,25,Cloudy,1,99.14,Winter,0,4
2022-01-11,S005,P0015,Groceries,North,170,121,354,61.83,10,Cloudy,1,54.15,Winter,0,189
2022-01-11,S005,P0016,Toys,North,432,94,458,33.73,20,Cloudy,1,36.54,Winter,0,156
2022-01-11,S005,P0017,Toys,North,202,77,0,36.03,0,Cloudy,0,43.28,Winter,0,82
2022-01-11,S005,P0018,Clothing,North,161,158,146,26.83,5,Cloudy,0,23.52,Winter,0,165
2022-01-11,S005,P0019,Furniture,North,83,83,0,135.48,10,Cloudy,0,120.62,Winter,0,82
2022-01-11,S005,P0020,Toys,North,202,117,147,33.43,15,Cloudy,1,31.71,Winter,0,157
2022-01-12,S001,P0001,Electronics,North,203,70,179,65.76,10,Snowy,0,60.13,Winter,0,85
2022-01-12,S001,P0002,Clothing,North,176,131,147,71.02,5,Snowy,0,76.21,Winter,0,139
2022-01-12,S001,P0003,Clothing,North,278,149,0,57.89,10,Snowy,1,51.07,Winter,0,128
2022-01-12,S001,P0004,Electronics,North,193,82,202,104.01,0,Snowy,0,125.78,Winter,0,84
2022-01-12,S001,P0005,Groceries,North,888,90,0,61.19,10,Snowy,0,55.59,Winter,0,125
2022-01-12,S001,P0006,Toys,North,196,121,384,43.79,0,Snowy,0,51.43,Winter,0,115
2022-01-12,S001,P0007,Groceries,North,650,25,0,20.0,0,Snowy,0,21.2,Winter,0,39
2022-01-12,S001,P0008,Electronics,North,142,142,144,38.96,25,Snowy,1,44.32,Winter,0,142
2022-01-12,S001,P0009,Clothing,North,188,150,172,89.65,15,Snowy,1,99.74,Winter,0,150
2022-01-12,S001,P0010,Furniture,North,322,67,0,114.38,15,Snowy,1,101.04,Winter,0,74
2022-01-12,S001,P0011,Furniture,North,298,97,0,153.97,10,Snowy,0,162.49,Winter,0,90
2022-01-12,S001,P0012,Groceries,North,228,109,219,75.84,10,Snowy,0,88.74,Winter,0,103
2022-01-12,S001,P0013,Toys,North,110,100,127,31.46,15,Snowy,1,31.45,Winter,0,112
2022-01-12,S001,P0014,Groceries,North,256,69,0,72.22,0,Snowy,0,71.99,Winter,0,80
2022-01-12,S001,P0015,Toys,North,111,84,85,12.13,20,Snowy,1,13.23,Winter,0,78
2022-01-12,S001,P0016,Groceries,North,522,84,0,30.1,25,Snowy,1,33.62,Winter,0,108
2022-01-12,S001,P0017,Toys,North,123,96,173,25.73,10,Snowy,1,22.98,Winter,0,153
2022-01-12,S001,P0018,Groceries,North,169,111,133,58.26,10,Snowy,0,65.47,Winter,0,118
2022-01-12,S001,P0019,Furniture,North,78,72,73,116.22,5,Snowy,0,101.25,Winter,0,83
2022-01-12,S001,P0020,Furniture,North,167,44,0,102.87,10,Snowy,0,110.29,Winter,0,63
2022-01-12,S002,P0001,Groceries,South,116,52,0,75.4,0,Snowy,0,73.04,Winter,0,63
2022-01-12,S002,P0002,Toys,South,206,169,340,38.32,0,Snowy,0,41.45,Winter,0,142
2022-01-12,S002,P0003,Groceries,South,504,156,412,91.23,10,Snowy,1,89.34,Winter,0,155
2022-01-12,S002,P0004,Groceries,South,178,104,0,38.67,5,Snowy,0,44.78,Winter,0,87
2022-01-12,S002,P0005,Electronics,South,170,79,0,84.87,10,Snowy,0,81.26,Winter,0,85
2022-01-12,S002,P0006,Clothing,South,210,67,0,61.68,10,Snowy,0,70.56,Winter,0,109
2022-01-12,S002,P0007,Toys,South,661,71,0,26.79,10,Snowy,0,23.24,Winter,0,93
2022-01-12,S002,P0008,Groceries,South,166,157,142,28.79,15,Snowy,1,26.96,Winter,0,173
2022-01-12,S002,P0009,Groceries,South,148,99,0,65.73,10,Snowy,1,60.03,Winter,0,132
2022-01-12,S002,P0010,Groceries,South,102,102,227,105.84,10,Snowy,1,117.1,Winter,0,196
2022-01-12,S002,P0011,Groceries,South,736,138,0,118.32,5,Snowy,0,139.33,Winter,0,191
2022-01-12,S002,P0012,Electronics,South,310,23,0,51.36,5,Snowy,0,55.32,Winter,0,31
2022-01-12,S002,P0013,Groceries,South,245,150,0,21.85,15,Snowy,1,24.96,Winter,0,146
2022-01-12,S002,P0014,Electronics,South,736,42,0,94.84,5,Snowy,0,107.58,Winter,0,35
2022-01-12,S002,P0015,Clothing,South,962,132,0,71.36,25,Snowy,1,65.51,Winter,0,191
2022-01-12,S002,P0016,Clothing,South,175,92,0,78.04,25,Snowy,1,71.02,Winter,0,130
2022-01-12,S002,P0017,Toys,South,761,96,0,20.11,10,Snowy,1,18.15,Winter,0,99
2022-01-12,S002,P0018,Clothing,South,102,73,78,27.19,0,Snowy,0,26.43,Winter,0,74
2022-01-12,S002,P0019,Clothing,South,898,12,0,60.55,5,Snowy,0,65.98,Winter,0,14
2022-01-12,S002,P0020,Furniture,South,246,45,0,121.05,10,Snowy,0,120.76,Winter,0,70
2022-01-12,S003,P0001,Toys,East,205,126,248,19.47,0,Sunny,0,18.43,Winter,0,125
2022-01-12,S003,P0002,Groceries,East,236,101,0,61.71,5,Sunny,0,54.96,Winter,0,127
2022-01-12,S003,P0003,Electronics,East,267,77,0,77.37,15,Sunny,1,74.26,Winter,0,85
2022-01-12,S003,P0004,Groceries,East,171,131,528,28.73,0,Sunny,0,24.67,Winter,0,153
2022-01-12,S003,P0005,Toys,East,347,73,0,22.64,5,Sunny,0,26.37,Winter,0,110
2022-01-12,S003,P0006,Toys,East,217,82,0,37.77,10,Sunny,0,45.35,Winter,0,116
2022-01-12,S003,P0007,Groceries,East,1187,102,0,18.37,5,Sunny,0,15.95,Winter,0,137
2022-01-12,S003,P0008,Clothing,East,247,57,0,102.68,10,Sunny,1,100.96,Winter,0,77
2022-01-12,S003,P0009,Groceries,East,223,184,238,62.71,20,Sunny,1,66.36,Winter,0,233
2022-01-12,S003,P0010,Groceries,East,100,100,290,53.19,10,Sunny,1,59.01,Winter,0,252
2022-01-12,S003,P0011,Electronics,East,162,162,0,177.36,0,Sunny,0,154.17,Winter,0,204
2022-01-12,S003,P0012,Furniture,East,56,51,169,89.99,10,Sunny,0,104.71,Winter,0,78
2022-01-12,S003,P0013,Groceries,East,623,151,795,81.04,25,Sunny,1,97.3,Winter,0,244
2022-01-12,S003,P0014,Groceries,East,76,76,0,104.85,5,Sunny,0,102.27,Winter,0,129
2022-01-12,S003,P0015,Groceries,East,431,105,0,86.14,20,Sunny,1,98.36,Winter,0,128
2022-01-12,S003,P0016,Electronics,East,250,213,0,120.66,15,Sunny,1,106.0,Winter,0,199
2022-01-12,S003,P0017,Furniture,East,301,22,0,81.34,25,Sunny,1,80.81,Winter,0,32
2022-01-12,S003,P0018,Furniture,East,426,60,0,129.9,10,Sunny,0,148.98,Winter,0,95
2022-01-12,S003,P0019,Groceries,East,133,133,119,60.98,0,Sunny,0,69.36,Winter,0,130
2022-01-12,S003,P0020,Clothing,East,823,113,0,79.66,5,Sunny,0,68.19,Winter,0,117
2022-01-12,S004,P0001,Groceries,West,147,49,0,10.14,0,Snowy,0,9.42,Winter,0,58
2022-01-12,S004,P0002,Groceries,West,309,54,0,18.98,0,Snowy,0,16.25,Winter,0,64
2022-01-12,S004,P0003,Furniture,West,303,38,0,102.02,25,Snowy,1,93.55,Winter,0,53
2022-01-12,S004,P0004,Groceries,West,579,39,0,41.55,10,Snowy,0,49.12,Winter,0,55
2022-01-12,S004,P0005,Clothing,West,260,43,0,61.35,10,Snowy,0,53.61,Winter,0,62
2022-01-12,S004,P0006,Groceries,West,112,42,0,28.22,10,Snowy,0,26.91,Winter,0,42
2022-01-12,S004,P0007,Groceries,West,231,106,692,31.26,10,Snowy,0,35.29,Winter,0,161
2022-01-12,S004,P0008,Furniture,West,79,34,51,73.72,20,Snowy,1,68.67,Winter,0,43
2022-01-12,S004,P0009,Clothing,West,173,60,0,87.77,25,Snowy,1,94.68,Winter,0,99
2022-01-12,S004,P0010,Groceries,West,543,110,518,26.1,15,Snowy,1,29.54,Winter,0,153
2022-01-12,S004,P0011,Clothing,West,853,118,0,70.22,0,Snowy,0,61.83,Winter,0,131
2022-01-12,S004,P0012,Electronics,West,83,70,70,101.86,5,Snowy,0,109.85,Winter,0,74
2022-01-12,S004,P0013,Groceries,West,559,145,0,22.15,10,Snowy,1,19.82,Winter,0,140
2022-01-12,S004,P0014,Furniture,West,108,71,0,170.1,5,Snowy,0,151.21,Winter,0,78
2022-01-12,S004,P0015,Furniture,West,240,105,0,83.75,25,Snowy,1,72.5,Winter,0,101
2022-01-12,S004,P0016,Furniture,West,284,72,0,109.64,10,Snowy,1,97.22,Winter,0,69
2022-01-12,S004,P0017,Clothing,West,153,85,156,94.57,20,Snowy,1,85.78,Winter,0,141
2022-01-12,S004,P0018,Furniture,West,81,48,53,145.49,10,Snowy,0,135.72,Winter,0,61
2022-01-12,S004,P0019,Clothing,West,140,54,81,58.77,5,Snowy,0,51.91,Winter,0,89
2022-01-12,S004,P0020,Furniture,West,125,68,0,137.14,10,Snowy,0,128.55,Winter,0,104
2022-01-12,S005,P0001,Groceries,North,127,92,284,12.5,5,Snowy,0,14.53,Winter,0,127
2022-01-12,S005,P0002,Electronics,North,134,100,0,38.33,10,Snowy,0,36.77,Winter,0,88
2022-01-12,S005,P0003,Toys,North,127,71,101,25.56,20,Snowy,1,24.92,Winter,0,96
2022-01-12,S005,P0004,Groceries,North,179,131,122,7.6,5,Snowy,0,8.94,Winter,0,110
2022-01-12,S005,P0005,Groceries,North,170,68,0,15.94,10,Snowy,0,15.87,Winter,0,107
2022-01-12,S005,P0006,Groceries,North,627,151,0,66.81,0,Snowy,0,71.93,Winter,0,135
2022-01-12,S005,P0007,Groceries,North,288,104,240,91.67,0,Snowy,0,81.35,Winter,0,116
2022-01-12,S005,P0008,Groceries,North,161,125,96,54.35,20,Snowy,1,51.57,Winter,0,106
2022-01-12,S005,P0009,Groceries,North,485,159,489,98.4,20,Snowy,1,118.29,Winter,0,184
2022-01-12,S005,P0010,Groceries,North,717,106,0,46.75,25,Snowy,1,53.03,Winter,0,111
2022-01-12,S005,P0011,Electronics,North,244,96,0,80.36,5,Snowy,0,75.91,Winter,0,95
2022-01-12,S005,P0012,Furniture,North,343,24,0,113.59,5,Snowy,0,103.82,Winter,0,40
2022-01-12,S005,P0013,Groceries,North,171,106,0,66.83,15,Snowy,1,66.01,Winter,0,99
2022-01-12,S005,P0014,Furniture,North,336,52,0,147.2,5,Snowy,0,175.15,Winter,0,56
2022-01-12,S005,P0015,Groceries,North,274,118,0,50.06,10,Snowy,1,58.73,Winter,0,131
2022-01-12,S005,P0016,Toys,North,338,111,0,32.37,10,Snowy,1,36.47,Winter,0,103
2022-01-12,S005,P0017,Toys,North,125,125,146,33.71,25,Snowy,1,29.82,Winter,0,135
2022-01-12,S005,P0018,Clothing,North,149,101,121,23.43,10,Snowy,0,20.78,Winter,0,136
2022-01-12,S005,P0019,Furniture,North,213,61,152,133.7,10,Snowy,0,143.08,Winter,0,93
2022-01-12,S005,P0020,Toys,North,232,96,0,31.45,10,Snowy,0,28.17,Winter,0,117
2022-01-13,S001,P0001,Electronics,North,133,80,0,54.01,20,Cloudy,1,61.35,Winter,0,77
2022-01-13,S001,P0002,Clothing,North,192,179,161,62.77,25,Cloudy,1,57.1,Winter,0,161
2022-01-13,S001,P0003,Clothing,North,655,200,895,57.76,20,Cloudy,1,66.42,Winter,0,189
2022-01-13,S001,P0004,Electronics,North,111,97,0,93.82,15,Cloudy,1,90.96,Winter,0,86
2022-01-13,S001,P0005,Groceries,North,798,131,0,49.79,25,Cloudy,1,44.36,Winter,0,117
2022-01-13,S001,P0006,Toys,North,75,62,0,35.52,5,Cloudy,0,41.09,Winter,0,68
2022-01-13,S001,P0007,Groceries,North,625,170,730,27.05,10,Cloudy,0,31.64,Winter,0,162
2022-01-13,S001,P0008,Electronics,North,144,102,0,42.2,10,Cloudy,1,36.11,Winter,0,93
2022-01-13,S001,P0009,Clothing,North,210,101,158,98.3,5,Cloudy,0,113.02,Winter,0,143
2022-01-13,S001,P0010,Furniture,North,255,41,0,123.69,5,Cloudy,0,105.77,Winter,0,65
2022-01-13,S001,P0011,Furniture,North,201,66,188,165.58,5,Cloudy,0,145.35,Winter,0,80
2022-01-13,S001,P0012,Groceries,North,119,60,0,72.8,10,Cloudy,0,64.38,Winter,0,76
2022-01-13,S001,P0013,Toys,North,137,137,142,29.52,25,Cloudy,1,33.43,Winter,0,150
2022-01-13,S001,P0014,Groceries,North,187,79,0,69.54,5,Cloudy,0,66.79,Winter,0,84
2022-01-13,S001,P0015,Toys,North,112,105,113,12.83,20,Cloudy,1,14.62,Winter,0,94
2022-01-13,S001,P0016,Groceries,North,438,60,0,34.31,5,Cloudy,0,40.83,Winter,0,77
2022-01-13,S001,P0017,Toys,North,200,70,0,20.88,5,Cloudy,0,20.64,Winter,0,70
2022-01-13,S001,P0018,Groceries,North,191,145,112,68.97,5,Cloudy,0,67.47,Winter,0,139
2022-01-13,S001,P0019,Furniture,North,79,76,63,105.95,10,Cloudy,0,105.07,Winter,0,72
2022-01-13,S001,P0020,Furniture,North,909,126,0,158.84,0,Cloudy,0,146.62,Winter,0,149
2022-01-13,S002,P0001,Groceries,South,471,80,0,70.39,10,Cloudy,1,81.44,Winter,0,87
2022-01-13,S002,P0002,Toys,South,37,37,393,32.83,25,Cloudy,1,31.19,Winter,0,172
2022-01-13,S002,P0003,Groceries,South,348,123,0,66.66,20,Cloudy,1,79.1,Winter,0,107
2022-01-13,S002,P0004,Groceries,South,286,101,482,41.8,20,Cloudy,1,40.08,Winter,0,151
2022-01-13,S002,P0005,Electronics,South,403,147,0,90.28,20,Cloudy,1,99.45,Winter,0,161
2022-01-13,S002,P0006,Clothing,South,143,81,0,61.84,10,Cloudy,0,60.41,Winter,0,94
2022-01-13,S002,P0007,Toys,South,590,151,0,32.86,0,Cloudy,0,36.73,Winter,0,141
2022-01-13,S002,P0008,Groceries,South,151,151,117,21.86,25,Cloudy,1,24.15,Winter,0,137
2022-01-13,S002,P0009,Groceries,South,405,32,0,52.41,0,Cloudy,0,45.21,Winter,0,37
2022-01-13,S002,P0010,Groceries,South,227,113,0,82.99,10,Cloudy,0,88.12,Winter,0,110
2022-01-13,S002,P0011,Groceries,South,598,45,0,89.74,0,Cloudy,0,87.76,Winter,0,66
2022-01-13,S002,P0012,Electronics,South,287,54,0,53.12,10,Cloudy,0,61.52,Winter,0,52
2022-01-13,S002,P0013,Groceries,South,95,78,407,19.73,20,Cloudy,1,17.53,Winter,0,115
2022-01-13,S002,P0014,Electronics,South,694,103,0,124.3,0,Cloudy,0,139.93,Winter,0,94
2022-01-13,S002,P0015,Clothing,South,830,178,0,69.92,20,Cloudy,1,66.73,Winter,0,158
2022-01-13,S002,P0016,Clothing,South,476,48,0,82.25,5,Cloudy,0,74.11,Winter,0,74
2022-01-13,S002,P0017,Toys,South,665,112,0,22.33,0,Cloudy,0,22.28,Winter,0,99
2022-01-13,S002,P0018,Clothing,South,107,97,103,25.62,10,Cloudy,0,23.47,Winter,0,87
2022-01-13,S002,P0019,Clothing,South,886,130,0,87.7,5,Cloudy,0,100.31,Winter,0,112
2022-01-13,S002,P0020,Furniture,South,201,122,0,148.49,5,Cloudy,0,128.31,Winter,0,115
2022-01-13,S003,P0001,Toys,East,79,79,311,16.75,20,Cloudy,1,15.49,Winter,0,150
2022-01-13,S003,P0002,Groceries,East,862,151,0,54.31,25,Cloudy,1,53.01,Winter,0,165
2022-01-13,S003,P0003,Electronics,East,190,133,146,87.71,25,Cloudy,1,86.68,Winter,0,167
2022-01-13,S003,P0004,Groceries,East,40,40,0,20.22,25,Cloudy,1,18.4,Winter,0,131
2022-01-13,S003,P0005,Toys,East,274,85,0,19.83,15,Cloudy,1,19.66,Winter,0,88
2022-01-13,S003,P0006,Toys,East,135,50,90,37.28,0,Cloudy,0,40.31,Winter,0,80
2022-01-13,S003,P0007,Groceries,East,1085,81,0,15.91,0,Cloudy,0,17.24,Winter,0,91
2022-01-13,S003,P0008,Clothing,East,190,143,353,118.15,20,Cloudy,1,129.54,Winter,0,179
2022-01-13,S003,P0009,Groceries,East,277,49,0,44.63,5,Cloudy,0,51.22,Winter,0,57
2022-01-13,S003,P0010,Groceries,East,290,45,0,31.09,10,Cloudy,0,37.43,Winter,0,62
2022-01-13,S003,P0011,Electronics,East,317,90,0,116.5,0,Cloudy,0,125.54,Winter,0,78
2022-01-13,S003,P0012,Furniture,East,135,44,0,88.13,5,Cloudy,0,76.93,Winter,0,44
2022-01-13,S003,P0013,Groceries,East,472,179,0,76.86,20,Cloudy,1,66.91,Winter,0,175
2022-01-13,S003,P0014,Groceries,East,332,123,0,116.58,0,Cloudy,0,115.41,Winter,0,148
2022-01-13,S003,P0015,Groceries,East,326,54,0,67.87,25,Cloudy,1,61.0,Winter,0,61
2022-01-13,S003,P0016,Electronics,East,449,169,0,122.63,5,Cloudy,0,114.13,Winter,0,162
2022-01-13,S003,P0017,Furniture,East,1035,53,0,116.81,0,Cloudy,0,102.26,Winter,0,50
2022-01-13,S003,P0018,Furniture,East,366,36,0,114.45,10,Cloudy,0,99.35,Winter,0,46
2022-01-13,S003,P0019,Groceries,East,119,113,115,53.69,10,Cloudy,0,50.62,Winter,0,106
2022-01-13,S003,P0020,Clothing,East,710,219,0,106.11,0,Cloudy,0,103.78,Winter,0,202
2022-01-13,S004,P0001,Groceries,West,774,110,694,12.04,15,Cloudy,1,13.06,Winter,0,182
2022-01-13,S004,P0002,Groceries,West,627,107,0,18.33,15,Cloudy,1,17.28,Winter,0,101
2022-01-13,S004,P0003,Furniture,West,265,86,340,139.52,15,Cloudy,1,137.57,Winter,0,107
2022-01-13,S004,P0004,Groceries,West,540,88,0,48.59,15,Cloudy,1,41.37,Winter,0,101
2022-01-13,S004,P0005,Clothing,West,217,165,228,76.94,25,Cloudy,1,70.95,Winter,0,196
2022-01-13,S004,P0006,Groceries,West,359,85,0,34.83,5,Cloudy,0,30.38,Winter,0,84
2022-01-13,S004,P0007,Groceries,West,125,106,0,28.86,5,Cloudy,0,33.88,Winter,0,115
2022-01-13,S004,P0008,Furniture,West,96,80,70,90.67,15,Cloudy,1,77.76,Winter,0,82
2022-01-13,S004,P0009,Clothing,West,611,129,0,123.61,5,Cloudy,0,148.68,Winter,0,133
2022-01-13,S004,P0010,Groceries,West,433,71,0,25.28,0,Cloudy,0,29.26,Winter,0,90
2022-01-13,S004,P0011,Clothing,West,735,171,617,74.63,0,Cloudy,0,80.54,Winter,0,171
2022-01-13,S004,P0012,Electronics,West,83,62,83,104.96,10,Cloudy,0,96.94,Winter,0,84
2022-01-13,S004,P0013,Groceries,West,414,90,0,18.68,15,Cloudy,1,18.21,Winter,0,103
2022-01-13,S004,P0014,Furniture,West,227,71,0,180.69,0,Cloudy,0,159.22,Winter,0,81
2022-01-13,S004,P0015,Furniture,West,135,60,0,72.05,25,Cloudy,1,85.18,Winter,0,72
2022-01-13,S004,P0016,Furniture,West,212,54,0,101.18,5,Cloudy,0,119.11,Winter,0,47
2022-01-13,S004,P0017,Clothing,West,224,94,0,98.56,5,Cloudy,0,92.82,Winter,0,99
2022-01-13,S004,P0018,Furniture,West,86,86,80,155.88,10,Cloudy,0,141.5,Winter,0,80
2022-01-13,S004,P0019,Clothing,West,167,72,0,57.42,5,Cloudy,0,49.73,Winter,0,82
2022-01-13,S004,P0020,Furniture,West,390,154,0,166.05,0,Cloudy,0,145.13,Winter,0,131
2022-01-13,S005,P0001,Groceries,North,35,35,380,11.6,20,Cloudy,1,14.03,Winter,0,160
2022-01-13,S005,P0002,Electronics,North,531,105,0,32.93,25,Cloudy,1,38.12,Winter,0,112
2022-01-13,S005,P0003,Toys,North,157,120,161,34.81,10,Cloudy,1,32.26,Winter,0,159
2022-01-13,S005,P0004,Groceries,North,170,139,122,7.98,15,Cloudy,1,7.69,Winter,0,146
2022-01-13,S005,P0005,Groceries,North,338,203,497,18.2,25,Cloudy,1,20.26,Winter,0,245
2022-01-13,S005,P0006,Groceries,North,476,151,0,62.84,10,Cloudy,0,72.69,Winter,0,150
2022-01-13,S005,P0007,Groceries,North,184,87,0,71.13,10,Cloudy,0,81.71,Winter,0,86
2022-01-13,S005,P0008,Groceries,North,132,65,72,52.44,10,Cloudy,1,60.42,Winter,0,76
2022-01-13,S005,P0009,Groceries,North,326,106,0,98.05,10,Cloudy,0,110.06,Winter,0,139
2022-01-13,S005,P0010,Groceries,North,611,126,0,58.98,10,Cloudy,0,68.23,Winter,0,127
2022-01-13,S005,P0011,Electronics,North,148,72,0,73.54,0,Cloudy,0,77.88,Winter,0,69
2022-01-13,S005,P0012,Furniture,North,319,21,0,110.32,5,Cloudy,0,105.57,Winter,0,33
2022-01-13,S005,P0013,Groceries,North,522,80,0,68.08,15,Cloudy,1,58.08,Winter,0,105
2022-01-13,S005,P0014,Furniture,North,284,39,0,162.82,0,Cloudy,0,149.97,Winter,0,56
2022-01-13,S005,P0015,Groceries,North,510,126,0,40.35,25,Cloudy,1,46.84,Winter,0,120
2022-01-13,S005,P0016,Toys,North,227,86,0,32.34,10,Cloudy,0,32.1,Winter,0,87
2022-01-13,S005,P0017,Toys,North,146,103,98,36.53,10,Cloudy,0,43.84,Winter,0,118
2022-01-13,S005,P0018,Clothing,North,169,117,0,20.33,10,Cloudy,0,23.59,Winter,0,106
2022-01-13,S005,P0019,Furniture,North,152,81,0,151.61,0,Cloudy,0,162.67,Winter,0,99
2022-01-13,S005,P0020,Toys,North,136,95,105,30.77,5,Cloudy,0,30.23,Winter,0,93
2022-01-14,S001,P0001,Electronics,North,232,52,0,58.29,5,Sunny,0,61.97,Winter,0,52
2022-01-14,S001,P0002,Clothing,North,174,156,166,77.32,5,Sunny,0,86.46,Winter,0,169
2022-01-14,S001,P0003,Clothing,North,455,90,0,56.92,10,Sunny,0,52.41,Winter,0,123
2022-01-14,S001,P0004,Electronics,North,216,125,291,113.4,10,Sunny,1,112.97,Winter,0,127
2022-01-14,S001,P0005,Groceries,North,667,117,684,69.51,0,Sunny,0,73.3,Winter,0,150
2022-01-14,S001,P0006,Toys,North,13,13,0,39.8,0,Sunny,0,43.41,Winter,0,86
2022-01-14,S001,P0007,Groceries,North,455,176,0,25.07,20,Sunny,1,24.62,Winter,0,158
2022-01-14,S001,P0008,Electronics,North,42,42,50,37.15,5,Sunny,0,43.84,Winter,0,56
2022-01-14,S001,P0009,Clothing,North,267,86,0,73.05,25,Sunny,1,86.36,Winter,0,123
2022-01-14,S001,P0010,Furniture,North,214,50,0,124.61,10,Sunny,0,111.42,Winter,0,82
2022-01-14,S001,P0011,Furniture,North,135,107,0,190.2,0,Sunny,0,184.61,Winter,0,106
2022-01-14,S001,P0012,Groceries,North,278,132,369,92.76,15,Sunny,1,83.79,Winter,0,174
2022-01-14,S001,P0013,Toys,North,142,61,88,30.28,15,Sunny,1,26.72,Winter,0,100
2022-01-14,S001,P0014,Groceries,North,437,140,458,80.45,10,Sunny,0,70.51,Winter,0,148
2022-01-14,S001,P0015,Toys,North,120,68,79,15.82,0,Sunny,0,18.67,Winter,0,90
2022-01-14,S001,P0016,Groceries,North,378,184,567,47.23,5,Sunny,0,43.09,Winter,0,164
2022-01-14,S001,P0017,Toys,North,130,86,117,22.44,10,Sunny,0,19.37,Winter,0,107
2022-01-14,S001,P0018,Groceries,North,158,109,120,60.23,5,Sunny,0,65.03,Winter,0,111
2022-01-14,S001,P0019,Furniture,North,66,66,95,112.66,10,Sunny,1,109.03,Winter,0,90
2022-01-14,S001,P0020,Furniture,North,783,34,0,105.76,5,Sunny,0,116.29,Winter,0,56
2022-01-14,S002,P0001,Groceries,South,391,54,0,74.65,5,Cloudy,0,66.34,Winter,0,74
2022-01-14,S002,P0002,Toys,South,340,53,0,27.82,5,Cloudy,0,26.63,Winter,0,47
2022-01-14,S002,P0003,Groceries,South,225,95,0,92.71,0,Cloudy,0,92.47,Winter,0,124
2022-01-14,S002,P0004,Groceries,South,185,98,0,37.56,20,Cloudy,1,43.25,Winter,0,132
2022-01-14,S002,P0005,Electronics,South,256,54,0,87.66,0,Cloudy,0,104.0,Winter,0,79
2022-01-14,S002,P0006,Clothing,South,62,40,50,55.13,0,Cloudy,0,54.82,Winter,0,35
2022-01-14,S002,P0007,Toys,South,439,131,336,23.51,25,Cloudy,1,27.6,Winter,0,125
2022-01-14,S002,P0008,Groceries,South,117,87,114,23.44,10,Cloudy,0,26.97,Winter,0,101
2022-01-14,S002,P0009,Groceries,South,373,129,317,70.05,15,Cloudy,1,66.84,Winter,0,175
2022-01-14,S002,P0010,Groceries,South,114,59,112,79.83,10,Cloudy,0,90.45,Winter,0,98
2022-01-14,S002,P0011,Groceries,South,553,74,0,93.35,0,Cloudy,0,81.5,Winter,0,77
2022-01-14,S002,P0012,Electronics,South,940,80,0,54.15,25,Cloudy,1,63.25,Winter,0,110
2022-01-14,S002,P0013,Groceries,South,290,158,0,22.57,15,Cloudy,1,21.78,Winter,0,139
2022-01-14,S002,P0014,Electronics,South,591,55,0,120.26,0,Cloudy,0,114.17,Winter,0,70
2022-01-14,S002,P0015,Clothing,South,652,133,0,69.12,10,Cloudy,0,67.89,Winter,0,114
2022-01-14,S002,P0016,Clothing,South,428,175,0,108.75,10,Cloudy,0,100.75,Winter,0,184
2022-01-14,S002,P0017,Toys,South,553,55,0,17.23,10,Cloudy,0,20.75,Winter,0,69
2022-01-14,S002,P0018,Clothing,South,113,99,122,32.11,0,Cloudy,0,35.62,Winter,0,142
2022-01-14,S002,P0019,Clothing,South,756,83,0,71.23,25,Cloudy,1,81.24,Winter,0,121
2022-01-14,S002,P0020,Furniture,South,454,80,0,137.65,10,Cloudy,0,123.28,Winter,0,108
2022-01-14,S003,P0001,Toys,East,248,51,0,14.45,10,Cloudy,0,15.92,Winter,0,81
2022-01-14,S003,P0002,Groceries,East,711,115,0,62.22,0,Cloudy,0,54.22,Winter,0,113
2022-01-14,S003,P0003,Electronics,East,203,91,0,89.42,0,Cloudy,0,82.82,Winter,0,80
2022-01-14,S003,P0004,Groceries,East,256,137,0,20.87,25,Cloudy,1,20.57,Winter,0,142
2022-01-14,S003,P0005,Toys,East,189,75,0,22.76,0,Cloudy,0,21.05,Winter,0,81
2022-01-14,S003,P0006,Toys,East,175,71,0,35.56,10,Cloudy,0,35.37,Winter,0,82
2022-01-14,S003,P0007,Groceries,East,1004,163,0,17.55,10,Cloudy,1,16.46,Winter,0,139
2022-01-14,S003,P0008,Clothing,East,47,47,0,106.96,10,Cloudy,0,97.38,Winter,0,88
2022-01-14,S003,P0009,Groceries,East,228,228,237,65.04,15,Cloudy,1,64.3,Winter,0,201
2022-01-14,S003,P0010,Groceries,East,245,59,0,34.1,0,Cloudy,0,36.46,Winter,0,59
2022-01-14,S003,P0011,Electronics,East,227,111,252,116.81,10,Cloudy,0,134.86,Winter,0,110
2022-01-14,S003,P0012,Furniture,East,260,110,250,98.97,15,Cloudy,1,91.48,Winter,0,108
2022-01-14,S003,P0013,Groceries,East,293,106,0,70.06,20,Cloudy,1,82.43,Winter,0,159
2022-01-14,S003,P0014,Groceries,East,640,61,0,96.26,5,Cloudy,0,95.48,Winter,0,102
2022-01-14,S003,P0015,Groceries,East,272,86,0,110.73,5,Cloudy,0,107.16,Winter,0,137
2022-01-14,S003,P0016,Electronics,East,280,48,0,91.82,5,Cloudy,0,85.44,Winter,0,70
2022-01-14,S003,P0017,Furniture,East,982,90,0,135.97,5,Cloudy,0,135.02,Winter,0,108
2022-01-14,S003,P0018,Furniture,East,330,79,0,132.56,5,Cloudy,0,158.4,Winter,0,85
2022-01-14,S003,P0019,Groceries,East,121,121,204,63.16,20,Cloudy,1,56.6,Winter,0,207
2022-01-14,S003,P0020,Clothing,East,1470,72,0,73.49,10,Cloudy,0,63.75,Winter,0,108
2022-01-14,S004,P0001,Groceries,West,664,144,0,12.75,0,Snowy,0,12.27,Winter,0,126
2022-01-14,S004,P0002,Groceries,West,520,123,0,21.16,0,Snowy,0,22.74,Winter,0,111
2022-01-14,S004,P0003,Furniture,West,179,62,0,132.41,5,Snowy,0,117.12,Winter,0,60
2022-01-14,S004,P0004,Groceries,West,452,123,622,56.18,20,Snowy,1,61.27,Winter,0,191
2022-01-14,S004,P0005,Clothing,West,280,101,0,88.64,0,Snowy,0,99.4,Winter,0,160
2022-01-14,S004,P0006,Groceries,West,274,79,0,31.14,5,Snowy,0,35.57,Winter,0,67
2022-01-14,S004,P0007,Groceries,West,19,19,0,33.27,20,Snowy,1,31.94,Winter,0,212
2022-01-14,S004,P0008,Furniture,West,86,52,64,91.36,5,Snowy,0,106.59,Winter,0,68
2022-01-14,S004,P0009,Clothing,West,482,143,386,110.45,20,Snowy,1,94.36,Winter,0,136
2022-01-14,S004,P0010,Groceries,West,362,99,0,26.43,0,Snowy,0,30.3,Winter,0,104
2022-01-14,S004,P0011,Clothing,West,564,127,0,65.77,0,Snowy,0,72.98,Winter,0,126
2022-01-14,S004,P0012,Electronics,West,104,84,82,97.53,20,Snowy,1,84.65,Winter,0,97
2022-01-14,S004,P0013,Groceries,West,324,117,480,21.47,20,Snowy,1,21.17,Winter,0,171
2022-01-14,S004,P0014,Furniture,West,156,61,163,178.7,0,Snowy,0,210.27,Winter,0,93
2022-01-14,S004,P0015,Furniture,West,356,48,0,82.62,5,Snowy,0,90.79,Winter,0,46
2022-01-14,S004,P0016,Furniture,West,158,57,142,113.15,0,Snowy,0,104.16,Winter,0,50
2022-01-14,S004,P0017,Clothing,West,130,67,58,78.91,10,Snowy,0,95.26,Winter,0,65
2022-01-14,S004,P0018,Furniture,West,80,65,77,152.27,10,Snowy,0,131.12,Winter,0,73
2022-01-14,S004,P0019,Clothing,West,95,59,55,49.62,10,Snowy,1,45.52,Winter,0,57
2022-01-14,S004,P0020,Furniture,West,236,46,0,109.29,5,Snowy,0,116.51,Winter,0,40
2022-01-14,S005,P0001,Groceries,North,284,131,0,14.19,0,Sunny,0,12.42,Winter,0,135
2022-01-14,S005,P0002,Electronics,North,426,52,0,35.72,10,Sunny,0,33.89,Winter,0,68
2022-01-14,S005,P0003,Toys,North,198,134,141,32.25,5,Sunny,0,36.56,Winter,0,132
2022-01-14,S005,P0004,Groceries,North,153,153,177,8.39,25,Sunny,1,7.27,Winter,0,213
2022-01-14,S005,P0005,Groceries,North,135,135,0,19.17,5,Sunny,0,23.07,Winter,0,169
2022-01-14,S005,P0006,Groceries,North,325,138,0,70.23,5,Sunny,0,69.34,Winter,0,152
2022-01-14,S005,P0007,Groceries,North,337,168,256,74.78,25,Sunny,1,64.49,Winter,0,144
2022-01-14,S005,P0008,Groceries,North,139,134,147,70.13,5,Sunny,0,82.72,Winter,0,151
2022-01-14,S005,P0009,Groceries,North,220,134,0,90.07,20,Sunny,1,97.22,Winter,0,151
2022-01-14,S005,P0010,Groceries,North,485,162,387,70.34,5,Sunny,0,63.08,Winter,0,152
2022-01-14,S005,P0011,Electronics,North,76,76,734,90.64,10,Sunny,0,103.77,Winter,0,171
2022-01-14,S005,P0012,Furniture,North,790,48,0,90.87,20,Sunny,1,103.14,Winter,0,40
2022-01-14,S005,P0013,Groceries,North,442,152,528,86.61,10,Sunny,1,78.18,Winter,0,167
2022-01-14,S005,P0014,Furniture,North,245,33,0,161.08,0,Sunny,0,156.47,Winter,0,53
2022-01-14,S005,P0015,Groceries,North,384,111,348,58.11,10,Sunny,0,52.3,Winter,0,166
2022-01-14,S005,P0016,Toys,North,599,134,0,36.68,10,Sunny,0,31.88,Winter,0,127
2022-01-14,S005,P0017,Toys,North,141,61,70,34.88,5,Sunny,0,31.56,Winter,0,73
2022-01-14,S005,P0018,Clothing,North,52,52,170,24.41,10,Sunny,0,20.79,Winter,0,150
2022-01-14,S005,P0019,Furniture,North,223,97,284,154.13,15,Sunny,1,168.77,Winter,0,158
2022-01-14,S005,P0020,Toys,North,146,119,131,31.53,10,Sunny,0,28.3,Winter,0,118
2022-01-15,S001,P0001,Electronics,North,180,126,287,81.93,10,Sunny,1,95.61,Winter,0,175
2022-01-15,S001,P0002,Clothing,North,184,174,219,79.21,10,Sunny,0,91.18,Winter,0,200
2022-01-15,S001,P0003,Clothing,North,365,190,0,70.3,15,Sunny,1,64.69,Winter,0,224
2022-01-15,S001,P0004,Electronics,North,91,89,0,97.1,25,Sunny,1,85.07,Winter,0,136
2022-01-15,S001,P0005,Groceries,North,550,141,0,59.12,10,Sunny,0,64.47,Winter,0,131
2022-01-15,S001,P0006,Toys,North,384,62,0,36.11,10,Sunny,0,40.2,Winter,0,88
2022-01-15,S001,P0007,Groceries,North,279,74,0,23.52,10,Sunny,0,23.09,Winter,0,98
2022-01-15,S001,P0008,Electronics,North,50,50,68,39.95,5,Sunny,0,44.18,Winter,0,76
2022-01-15,S001,P0009,Clothing,North,181,151,166,115.64,0,Sunny,0,99.68,Winter,0,165
2022-01-15,S001,P0010,Furniture,North,664,59,0,135.69,0,Sunny,0,123.48,Winter,0,76
2022-01-15,S001,P0011,Furniture,North,216,121,197,178.08,0,Sunny,0,198.55,Winter,0,102
2022-01-15,S001,P0012,Groceries,North,146,47,0,76.81,5,Sunny,0,69.34,Winter,0,76
2022-01-15,S001,P0013,Toys,North,169,106,168,40.78,0,Sunny,0,46.4,Winter,0,163
2022-01-15,S001,P0014,Groceries,North,297,87,0,75.37,0,Sunny,0,90.7,Winter,0,108
2022-01-15,S001,P0015,Toys,North,131,112,154,17.88,0,Sunny,0,19.59,Winter,0,129
2022-01-15,S001,P0016,Groceries,North,194,64,0,29.37,20,Sunny,1,34.98,Winter,0,82
2022-01-15,S001,P0017,Toys,North,161,79,0,22.53,10,Sunny,1,22.21,Winter,0,108
2022-01-15,S001,P0018,Groceries,North,169,120,121,65.44,0,Sunny,0,74.25,Winter,0,121
2022-01-15,S001,P0019,Furniture,North,95,80,81,112.02,5,Sunny,0,118.3,Winter,0,87
2022-01-15,S001,P0020,Furniture,North,749,97,0,118.21,25,Sunny,1,117.25,Winter,0,146
2022-01-15,S002,P0001,Groceries,South,337,190,625,83.39,20,Sunny,1,99.51,Winter,0,185
2022-01-15,S002,P0002,Toys,South,680,107,0,36.18,10,Sunny,0,34.04,Winter,0,141
2022-01-15,S002,P0003,Groceries,South,542,151,465,94.44,10,Sunny,1,82.31,Winter,0,168
2022-01-15,S002,P0004,Groceries,South,87,87,0,44.85,15,Sunny,1,44.25,Winter,0,155
2022-01-15,S002,P0005,Electronics,South,643,108,0,85.3,10,Sunny,0,102.78,Winter,0,102
2022-01-15,S002,P0006,Clothing,South,72,72,185,73.04,10,Sunny,0,82.01,Winter,0,166
2022-01-15,S002,P0007,Toys,South,308,60,0,23.06,10,Sunny,0,24.67,Winter,0,65
2022-01-15,S002,P0008,Groceries,South,144,130,181,28.91,10,Sunny,0,31.54,Winter,0,172
2022-01-15,S002,P0009,Groceries,South,244,113,0,68.27,10,Sunny,0,76.11,Winter,0,164
2022-01-15,S002,P0010,Groceries,South,167,167,133,95.58,10,Sunny,0,91.85,Winter,0,139
2022-01-15,S002,P0011,Groceries,South,479,76,0,89.44,0,Sunny,0,94.9,Winter,0,79
2022-01-15,S002,P0012,Electronics,South,860,40,0,59.43,0,Sunny,0,71.27,Winter,0,54
2022-01-15,S002,P0013,Groceries,South,132,76,0,21.95,5,Sunny,0,21.88,Winter,0,95
2022-01-15,S002,P0014,Electronics,South,1455,60,0,109.95,10,Sunny,0,117.67,Winter,0,89
2022-01-15,S002,P0015,Clothing,South,519,95,650,78.15,0,Sunny,0,88.9,Winter,0,137
2022-01-15,S002,P0016,Clothing,South,253,134,239,89.22,10,Sunny,1,89.1,Winter,0,114
2022-01-15,S002,P0017,Toys,South,498,63,0,15.31,25,Sunny,1,16.88,Winter,0,87
2022-01-15,S002,P0018,Clothing,South,136,85,108,29.8,5,Sunny,0,27.14,Winter,0,117
2022-01-15,S002,P0019,Clothing,South,673,93,0,78.37,10,Sunny,0,76.11,Winter,0,79
2022-01-15,S002,P0020,Furniture,South,374,54,0,109.39,20,Sunny,1,122.9,Winter,0,90
2022-01-15,S003,P0001,Toys,East,508,127,0,14.53,25,Snowy,1,13.42,Winter,0,123
2022-01-15,S003,P0002,Groceries,East,596,115,0,62.15,5,Snowy,0,68.76,Winter,0,147
2022-01-15,S003,P0003,Electronics,East,112,112,199,97.34,20,Snowy,1,89.39,Winter,0,182
2022-01-15,S003,P0004,Groceries,East,647,68,0,21.57,15,Snowy,1,20.69,Winter,0,111
2022-01-15,S003,P0005,Toys,East,881,113,0,24.45,10,Snowy,0,21.52,Winter,0,136
2022-01-15,S003,P0006,Toys,East,104,49,69,32.76,10,Snowy,0,37.9,Winter,0,73
2022-01-15,S003,P0007,Groceries,East,841,92,0,19.42,0,Snowy,0,16.53,Winter,0,138
2022-01-15,S003,P0008,Clothing,East,353,61,0,111.08,0,Snowy,0,110.85,Winter,0,69
2022-01-15,S003,P0009,Groceries,East,237,72,0,52.07,10,Snowy,0,60.73,Winter,0,118
2022-01-15,S003,P0010,Groceries,East,186,78,122,40.55,5,Snowy,0,43.16,Winter,0,125
2022-01-15,S003,P0011,Electronics,East,116,46,0,110.39,5,Snowy,0,106.06,Winter,0,63
2022-01-15,S003,P0012,Furniture,East,150,56,0,87.51,10,Snowy,0,105.8,Winter,0,70
2022-01-15,S003,P0013,Groceries,East,187,72,0,75.31,5,Snowy,0,67.3,Winter,0,108
2022-01-15,S003,P0014,Groceries,East,579,75,0,78.35,10,Snowy,0,89.63,Winter,0,72
2022-01-15,S003,P0015,Groceries,East,972,50,0,79.18,5,Snowy,0,83.75,Winter,0,53
2022-01-15,S003,P0016,Electronics,East,232,223,582,118.07,25,Snowy,1,105.18,Winter,0,243
2022-01-15,S003,P0017,Furniture,East,892,49,0,93.1,20,Snowy,1,105.39,Winter,0,63
2022-01-15,S003,P0018,Furniture,East,783,71,0,130.11,10,Snowy,0,143.4,Winter,0,95
2022-01-15,S003,P0019,Groceries,East,204,115,0,55.12,5,Snowy,0,60.37,Winter,0,114
2022-01-15,S003,P0020,Clothing,East,1398,110,0,67.52,15,Snowy,1,61.25,Winter,0,100
2022-01-15,S004,P0001,Groceries,West,520,97,0,9.43,25,Snowy,1,9.14,Winter,0,121
2022-01-15,S004,P0002,Groceries,West,397,90,0,20.3,5,Snowy,0,17.8,Winter,0,98
2022-01-15,S004,P0003,Furniture,West,117,22,0,93.99,20,Snowy,1,100.74,Winter,0,30
2022-01-15,S004,P0004,Groceries,West,329,123,0,50.02,10,Snowy,1,58.83,Winter,0,108
2022-01-15,S004,P0005,Clothing,West,179,114,160,75.88,10,Snowy,0,81.08,Winter,0,142
2022-01-15,S004,P0006,Groceries,West,195,68,234,39.44,0,Snowy,0,34.14,Winter,0,105
2022-01-15,S004,P0007,Groceries,West,362,55,0,23.14,10,Snowy,0,24.99,Winter,0,66
2022-01-15,S004,P0008,Furniture,West,98,87,81,99.64,5,Snowy,0,99.6,Winter,0,77
2022-01-15,S004,P0009,Clothing,West,339,40,0,93.54,10,Snowy,0,106.56,Winter,0,65
2022-01-15,S004,P0010,Groceries,West,263,113,0,27.63,5,Snowy,0,24.71,Winter,0,118
2022-01-15,S004,P0011,Clothing,West,437,119,0,60.63,10,Snowy,0,53.1,Winter,0,117
2022-01-15,S004,P0012,Electronics,West,102,66,120,117.9,5,Snowy,0,115.19,Winter,0,102
2022-01-15,S004,P0013,Groceries,West,207,51,0,20.71,0,Snowy,0,18.85,Winter,0,85
2022-01-15,S004,P0014,Furniture,West,95,41,0,145.83,0,Snowy,0,161.43,Winter,0,38
2022-01-15,S004,P0015,Furniture,West,308,68,0,89.45,10,Snowy,0,89.4,Winter,0,67
2022-01-15,S004,P0016,Furniture,West,101,93,280,103.64,15,Snowy,1,121.9,Winter,0,84
2022-01-15,S004,P0017,Clothing,West,121,121,148,87.71,20,Snowy,1,97.19,Winter,0,133
2022-01-15,S004,P0018,Furniture,West,92,68,71,143.98,10,Snowy,0,155.57,Winter,0,72
2022-01-15,S004,P0019,Clothing,West,91,91,116,62.55,10,Snowy,0,68.42,Winter,0,143
2022-01-15,S004,P0020,Furniture,West,190,80,154,120.89,10,Snowy,1,134.96,Winter,0,81
2022-01-15,S005,P0001,Groceries,North,533,205,0,13.98,10,Sunny,1,16.92,Winter,0,187
2022-01-15,S005,P0002,Electronics,North,374,77,269,43.11,5,Sunny,0,40.01,Winter,0,107
2022-01-15,S005,P0003,Toys,North,205,98,0,28.15,15,Sunny,1,24.36,Winter,0,107
2022-01-15,S005,P0004,Groceries,North,177,177,161,8.24,20,Sunny,1,8.01,Winter,0,180
2022-01-15,S005,P0005,Groceries,North,497,78,0,15.65,0,Sunny,0,13.34,Winter,0,71
2022-01-15,S005,P0006,Groceries,North,1261,130,0,64.24,10,Sunny,0,61.91,Winter,0,140
2022-01-15,S005,P0007,Groceries,North,169,112,0,96.36,5,Sunny,0,83.87,Winter,0,150
2022-01-15,S005,P0008,Groceries,North,152,14,0,44.32,5,Sunny,0,48.61,Winter,0,20
2022-01-15,S005,P0009,Groceries,North,575,58,0,83.85,10,Sunny,0,92.1,Winter,0,89
2022-01-15,S005,P0010,Groceries,North,323,86,0,56.48,10,Sunny,0,62.83,Winter,0,113
2022-01-15,S005,P0011,Electronics,North,313,71,0,70.7,5,Sunny,0,79.05,Winter,0,73
2022-01-15,S005,P0012,Furniture,North,742,51,0,132.88,5,Sunny,0,123.03,Winter,0,82
2022-01-15,S005,P0013,Groceries,North,290,66,0,76.15,0,Sunny,0,84.07,Winter,0,105
2022-01-15,S005,P0014,Furniture,North,212,162,465,228.03,0,Sunny,0,194.94,Winter,0,161
2022-01-15,S005,P0015,Groceries,North,273,79,0,52.59,5,Sunny,0,47.62,Winter,0,113
2022-01-15,S005,P0016,Toys,North,465,209,473,34.02,25,Sunny,1,38.38,Winter,0,183
2022-01-15,S005,P0017,Toys,North,150,118,155,42.22,10,Sunny,1,38.85,Winter,0,150
2022-01-15,S005,P0018,Clothing,North,170,170,241,27.29,10,Sunny,0,29.86,Winter,0,213
2022-01-15,S005,P0019,Furniture,North,126,118,0,150.22,10,Sunny,0,174.29,Winter,0,129
2022-01-15,S005,P0020,Toys,North,158,136,127,29.87,15,Sunny,1,26.95,Winter,0,119
2022-01-16,S001,P0001,Electronics,North,54,54,298,71.17,10,Cloudy,0,81.1,Winter,0,126
2022-01-16,S001,P0002,Clothing,North,229,117,0,75.2,10,Cloudy,0,64.47,Winter,0,160
2022-01-16,S001,P0003,Clothing,North,175,81,0,48.23,5,Cloudy,0,53.08,Winter,0,72
2022-01-16,S001,P0004,Electronics,North,293,113,233,98.37,20,Cloudy,1,112.17,Winter,0,136
2022-01-16,S001,P0005,Groceries,North,409,165,0,58.46,25,Cloudy,1,70.47,Winter,0,193
2022-01-16,S001,P0006,Toys,North,322,121,390,44.29,5,Cloudy,0,40.27,Winter,0,118
2022-01-16,S001,P0007,Groceries,North,205,60,0,21.81,10,Cloudy,0,23.76,Winter,0,91
2022-01-16,S001,P0008,Electronics,North,68,68,137,45.72,5,Cloudy,0,52.85,Winter,0,117
2022-01-16,S001,P0009,Clothing,North,196,138,113,75.96,25,Cloudy,1,69.42,Winter,0,119
2022-01-16,S001,P0010,Furniture,North,605,35,0,94.62,25,Cloudy,1,93.47,Winter,0,56
2022-01-16,S001,P0011,Furniture,North,95,30,0,150.39,0,Cloudy,0,138.03,Winter,0,41
2022-01-16,S001,P0012,Groceries,North,468,109,0,76.94,5,Cloudy,0,82.04,Winter,0,91
2022-01-16,S001,P0013,Toys,North,231,97,0,28.63,10,Cloudy,0,33.3,Winter,0,82
2022-01-16,S001,P0014,Groceries,North,210,91,0,64.56,10,Cloudy,0,72.74,Winter,0,93
2022-01-16,S001,P0015,Toys,North,173,112,121,14.89,20,Cloudy,1,14.43,Winter,0,125
2022-01-16,S001,P0016,Groceries,North,130,72,0,36.49,5,Cloudy,0,42.48,Winter,0,95
2022-01-16,S001,P0017,Toys,North,82,75,90,19.69,15,Cloudy,1,17.75,Winter,0,85
2022-01-16,S001,P0018,Groceries,North,170,114,164,66.05,5,Cloudy,0,76.64,Winter,0,142
2022-01-16,S001,P0019,Furniture,North,96,96,88,103.79,15,Cloudy,1,122.18,Winter,0,97
2022-01-16,S001,P0020,Furniture,North,652,90,0,116.95,10,Cloudy,0,101.1,Winter,0,85
2022-01-16,S002,P0001,Groceries,South,147,109,0,84.08,10,Snowy,0,97.0,Winter,0,144
2022-01-16,S002,P0002,Toys,South,573,118,0,33.24,10,Snowy,0,32.82,Winter,0,113
2022-01-16,S002,P0003,Groceries,South,391,120,0,92.71,0,Snowy,0,100.75,Winter,0,142
2022-01-16,S002,P0004,Groceries,South,482,107,0,33.85,20,Snowy,1,38.13,Winter,0,99
2022-01-16,S002,P0005,Electronics,South,535,138,553,79.02,25,Snowy,1,76.09,Winter,0,119
2022-01-16,S002,P0006,Clothing,South,185,96,0,63.89,0,Snowy,0,70.79,Winter,0,87
2022-01-16,S002,P0007,Toys,South,248,93,0,26.41,10,Snowy,0,25.15,Winter,0,88
2022-01-16,S002,P0008,Groceries,South,195,66,0,24.28,10,Snowy,0,23.59,Winter,0,96
2022-01-16,S002,P0009,Groceries,South,448,93,0,62.4,10,Snowy,1,66.54,Winter,0,132
2022-01-16,S002,P0010,Groceries,South,133,133,117,88.88,10,Snowy,1,80.66,Winter,0,115
2022-01-16,S002,P0011,Groceries,South,403,104,493,102.69,5,Snowy,0,113.68,Winter,0,139
2022-01-16,S002,P0012,Electronics,South,820,57,0,60.92,10,Snowy,0,55.19,Winter,0,75
2022-01-16,S002,P0013,Groceries,South,463,135,0,23.46,5,Snowy,0,25.32,Winter,0,132
2022-01-16,S002,P0014,Electronics,South,1395,11,0,91.99,5,Snowy,0,83.94,Winter,0,16
2022-01-16,S002,P0015,Clothing,South,424,104,0,62.19,25,Snowy,1,58.53,Winter,0,140
2022-01-16,S002,P0016,Clothing,South,119,108,0,103.17,0,Snowy,0,119.77,Winter,0,145
2022-01-16,S002,P0017,Toys,South,435,85,0,17.89,15,Snowy,1,19.48,Winter,0,96
2022-01-16,S002,P0018,Clothing,South,159,128,133,29.83,0,Snowy,0,35.77,Winter,0,117
2022-01-16,S002,P0019,Clothing,South,580,91,521,96.65,10,Snowy,1,87.85,Winter,0,145
2022-01-16,S002,P0020,Furniture,South,320,45,0,113.37,10,Snowy,0,113.23,Winter,0,53
2022-01-16,S003,P0001,Toys,East,381,25,0,12.99,5,Snowy,0,14.1,Winter,0,39
2022-01-16,S003,P0002,Groceries,East,481,84,0,50.21,10,Snowy,0,48.45,Winter,0,80
2022-01-16,S003,P0003,Electronics,East,199,110,125,105.64,5,Snowy,0,91.89,Winter,0,149
2022-01-16,S003,P0004,Groceries,East,579,60,0,18.34,15,Snowy,1,16.2,Winter,0,64
2022-01-16,S003,P0005,Toys,East,768,148,0,21.37,25,Snowy,1,21.16,Winter,0,153
2022-01-16,S003,P0006,Toys,East,124,69,100,38.15,5,Snowy,0,33.69,Winter,0,87
2022-01-16,S003,P0007,Groceries,East,749,160,0,19.2,0,Snowy,0,18.56,Winter,0,134
2022-01-16,S003,P0008,Clothing,East,292,73,0,101.37,10,Snowy,0,112.43,Winter,0,88
2022-01-16,S003,P0009,Groceries,East,165,86,0,38.98,25,Snowy,1,44.11,Winter,0,85
2022-01-16,S003,P0010,Groceries,East,230,95,0,31.91,20,Snowy,1,29.6,Winter,0,88
2022-01-16,S003,P0011,Electronics,East,322,85,265,139.22,0,Snowy,0,146.81,Winter,0,133
2022-01-16,S003,P0012,Furniture,East,344,63,0,92.31,5,Snowy,0,98.51,Winter,0,70
2022-01-16,S003,P0013,Groceries,East,910,121,0,68.24,10,Snowy,0,82.11,Winter,0,110
2022-01-16,S003,P0014,Groceries,East,504,59,0,89.78,10,Snowy,0,81.66,Winter,0,97
2022-01-16,S003,P0015,Groceries,East,922,127,0,95.41,10,Snowy,1,114.39,Winter,0,123
2022-01-16,S003,P0016,Electronics,East,9,9,0,89.37,0,Snowy,0,99.81,Winter,0,63
2022-01-16,S003,P0017,Furniture,East,843,64,0,100.73,15,Snowy,1,96.94,Winter,0,54
2022-01-16,S003,P0018,Furniture,East,712,44,0,122.67,0,Snowy,0,144.62,Winter,0,50
2022-01-16,S003,P0019,Groceries,East,89,89,199,63.12,10,Snowy,1,69.74,Winter,0,180
2022-01-16,S003,P0020,Clothing,East,1288,70,0,70.42,0,Snowy,0,69.64,Winter,0,65
2022-01-16,S004,P0001,Groceries,West,423,126,0,11.92,5,Sunny,0,11.86,Winter,0,120
2022-01-16,S004,P0002,Groceries,West,307,138,268,24.83,0,Sunny,0,29.9,Winter,0,166
2022-01-16,S004,P0003,Furniture,West,435,83,0,132.01,10,Sunny,0,120.03,Winter,0,74
2022-01-16,S004,P0004,Groceries,West,206,58,0,40.77,20,Sunny,1,45.22,Winter,0,82
2022-01-16,S004,P0005,Clothing,West,225,90,0,67.35,15,Sunny,1,58.96,Winter,0,105
2022-01-16,S004,P0006,Groceries,West,127,94,0,39.15,5,Sunny,0,37.79,Winter,0,119
2022-01-16,S004,P0007,Groceries,West,999,113,0,33.61,0,Sunny,0,30.68,Winter,0,132
2022-01-16,S004,P0008,Furniture,West,92,81,78,93.5,10,Sunny,0,107.45,Winter,0,89
2022-01-16,S004,P0009,Clothing,West,299,98,0,125.81,10,Sunny,1,136.1,Winter,0,159
2022-01-16,S004,P0010,Groceries,West,668,127,0,26.29,10,Sunny,1,23.45,Winter,0,119
2022-01-16,S004,P0011,Clothing,West,318,40,0,50.72,10,Sunny,0,49.96,Winter,0,64
2022-01-16,S004,P0012,Electronics,West,156,80,0,104.55,0,Sunny,0,120.49,Winter,0,67
2022-01-16,S004,P0013,Groceries,West,156,84,0,19.75,10,Sunny,0,21.7,Winter,0,118
2022-01-16,S004,P0014,Furniture,West,217,77,218,171.72,10,Sunny,0,185.88,Winter,0,113
2022-01-16,S004,P0015,Furniture,West,240,121,319,90.58,20,Sunny,1,86.31,Winter,0,105
2022-01-16,S004,P0016,Furniture,West,8,8,0,111.8,10,Sunny,0,102.19,Winter,0,74
2022-01-16,S004,P0017,Clothing,West,148,148,243,111.58,20,Sunny,1,110.87,Winter,0,203
2022-01-16,S004,P0018,Furniture,West,95,55,54,157.64,5,Sunny,0,139.34,Winter,0,68
2022-01-16,S004,P0019,Clothing,West,116,106,98,50.21,20,Sunny,1,53.95,Winter,0,109
2022-01-16,S004,P0020,Furniture,West,110,92,0,132.93,5,Sunny,0,120.27,Winter,0,78
2022-01-16,S005,P0001,Groceries,North,328,114,0,13.49,0,Cloudy,0,12.66,Winter,0,118
2022-01-16,S005,P0002,Electronics,North,297,73,0,38.27,5,Cloudy,0,34.33,Winter,0,72
2022-01-16,S005,P0003,Toys,North,107,84,112,30.99,5,Cloudy,0,28.09,Winter,0,102
2022-01-16,S005,P0004,Groceries,North,161,133,161,7.62,15,Cloudy,1,8.09,Winter,0,148
2022-01-16,S005,P0005,Groceries,North,419,77,0,13.47,10,Cloudy,1,15.22,Winter,0,73
2022-01-16,S005,P0006,Groceries,North,1131,190,0,78.27,5,Cloudy,0,73.23,Winter,0,193
2022-01-16,S005,P0007,Groceries,North,313,47,0,67.34,0,Cloudy,0,79.56,Winter,0,43
2022-01-16,S005,P0008,Groceries,North,138,95,156,69.95,5,Cloudy,0,83.66,Winter,0,150
2022-01-16,S005,P0009,Groceries,North,517,46,0,78.27,10,Cloudy,1,74.87,Winter,0,56
2022-01-16,S005,P0010,Groceries,North,237,151,0,51.76,25,Cloudy,1,62.44,Winter,0,145
2022-01-16,S005,P0011,Electronics,North,242,47,0,76.29,0,Cloudy,0,75.04,Winter,0,65
2022-01-16,S005,P0012,Furniture,North,691,51,0,126.94,0,Cloudy,0,117.05,Winter,0,56
2022-01-16,S005,P0013,Groceries,North,224,96,0,82.73,0,Cloudy,0,87.91,Winter,0,132
2022-01-16,S005,P0014,Furniture,North,50,50,0,177.32,0,Cloudy,0,193.53,Winter,0,94
2022-01-16,S005,P0015,Groceries,North,542,234,0,62.45,15,Cloudy,1,62.14,Winter,0,217
2022-01-16,S005,P0016,Toys,North,256,30,0,29.88,0,Cloudy,0,27.3,Winter,0,38
2022-01-16,S005,P0017,Toys,North,187,137,165,45.48,10,Cloudy,1,51.66,Winter,0,198
2022-01-16,S005,P0018,Clothing,North,241,108,0,22.26,10,Cloudy,0,19.6,Winter,0,119
2022-01-16,S005,P0019,Furniture,North,292,106,0,140.01,10,Cloudy,1,139.16,Winter,0,91
2022-01-16,S005,P0020,Toys,North,149,110,129,32.43,5,Cloudy,0,38.06,Winter,0,126
2022-01-17,S001,P0001,Electronics,North,287,73,0,61.85,20,Sunny,1,61.83,Winter,0,102
2022-01-17,S001,P0002,Clothing,North,112,112,276,87.82,15,Sunny,1,86.74,Winter,0,246
2022-01-17,S001,P0003,Clothing,North,989,236,0,67.36,10,Sunny,0,72.73,Winter,0,203
2022-01-17,S001,P0004,Electronics,North,180,31,0,85.21,10,Sunny,1,82.21,Winter,0,45
2022-01-17,S001,P0005,Groceries,North,244,94,0,65.31,10,Sunny,0,55.81,Winter,0,147
2022-01-17,S001,P0006,Toys,North,201,97,0,43.59,0,Sunny,0,51.22,Winter,0,113
2022-01-17,S001,P0007,Groceries,North,875,111,0,22.95,10,Sunny,1,26.83,Winter,0,106
2022-01-17,S001,P0008,Electronics,North,137,88,107,46.96,0,Sunny,0,49.54,Winter,0,109
2022-01-17,S001,P0009,Clothing,North,171,114,128,85.2,15,Sunny,1,76.87,Winter,0,115
2022-01-17,S001,P0010,Furniture,North,570,65,0,103.06,20,Sunny,1,124.17,Winter,0,76
2022-01-17,S001,P0011,Furniture,North,262,115,432,183.16,20,Sunny,1,207.86,Winter,0,189
2022-01-17,S001,P0012,Groceries,North,359,66,0,78.83,10,Sunny,0,67.04,Winter,0,100
2022-01-17,S001,P0013,Toys,North,134,92,135,36.2,5,Sunny,0,33.04,Winter,0,122
2022-01-17,S001,P0014,Groceries,North,577,187,820,95.67,10,Sunny,1,112.68,Winter,0,237
2022-01-17,S001,P0015,Toys,North,182,182,191,18.47,10,Sunny,0,20.15,Winter,0,178
2022-01-17,S001,P0016,Groceries,North,625,67,0,35.07,5,Sunny,0,38.63,Winter,0,83
2022-01-17,S001,P0017,Toys,North,97,54,87,22.17,0,Sunny,0,24.15,Winter,0,87
2022-01-17,S001,P0018,Groceries,North,220,91,0,61.35,0,Sunny,0,66.04,Winter,0,101
2022-01-17,S001,P0019,Furniture,North,88,88,104,102.58,20,Sunny,1,101.36,Winter,0,97
2022-01-17,S001,P0020,Furniture,North,562,68,0,118.32,0,Sunny,0,128.37,Winter,0,73
2022-01-17,S002,P0001,Groceries,South,38,38,0,78.85,20,Snowy,1,89.96,Winter,0,163
2022-01-17,S002,P0002,Toys,South,455,121,0,37.72,15,Snowy,1,32.72,Winter,0,177
2022-01-17,S002,P0003,Groceries,South,271,81,0,68.34,10,Snowy,0,82.37,Winter,0,79
2022-01-17,S002,P0004,Groceries,South,375,178,443,40.55,20,Snowy,1,44.41,Winter,0,159
2022-01-17,S002,P0005,Electronics,South,397,95,0,84.43,5,Snowy,0,99.88,Winter,0,83
2022-01-17,S002,P0006,Clothing,South,89,89,157,83.19,0,Snowy,0,80.89,Winter,0,157
2022-01-17,S002,P0007,Toys,South,491,173,451,27.99,25,Snowy,1,25.4,Winter,0,168
2022-01-17,S002,P0008,Groceries,South,129,93,100,23.98,5,Snowy,0,28.12,Winter,0,91
2022-01-17,S002,P0009,Groceries,South,355,101,0,61.78,15,Snowy,1,58.85,Winter,0,130
2022-01-17,S002,P0010,Groceries,South,117,117,160,90.74,10,Snowy,1,99.72,Winter,0,139
2022-01-17,S002,P0011,Groceries,South,299,163,0,103.26,20,Snowy,1,97.61,Winter,0,185
2022-01-17,S002,P0012,Electronics,South,763,45,0,54.93,5,Snowy,0,60.89,Winter,0,47
2022-01-17,S002,P0013,Groceries,South,328,83,403,23.4,5,Snowy,0,25.29,Winter,0,131
2022-01-17,S002,P0014,Electronics,South,1384,43,0,95.31,10,Snowy,1,103.84,Winter,0,50
2022-01-17,S002,P0015,Clothing,South,320,83,0,70.6,0,Snowy,0,83.41,Winter,0,104
2022-01-17,S002,P0016,Clothing,South,250,96,0,83.3,5,Snowy,0,97.43,Winter,0,92
2022-01-17,S002,P0017,Toys,South,350,110,311,22.06,0,Snowy,0,21.71,Winter,0,95
2022-01-17,S002,P0018,Clothing,South,164,61,0,26.56,10,Snowy,0,24.75,Winter,0,98
2022-01-17,S002,P0019,Clothing,South,489,183,0,96.69,20,Snowy,1,83.35,Winter,0,189
2022-01-17,S002,P0020,Furniture,South,275,38,0,112.02,0,Snowy,0,118.28,Winter,0,37
2022-01-17,S003,P0001,Toys,East,356,137,334,18.42,15,Cloudy,1,16.39,Winter,0,162
2022-01-17,S003,P0002,Groceries,East,397,169,499,52.54,25,Cloudy,1,63.3,Winter,0,172
2022-01-17,S003,P0003,Electronics,East,214,108,0,106.89,0,Cloudy,0,96.6,Winter,0,135
2022-01-17,S003,P0004,Groceries,East,519,208,665,33.19,10,Cloudy,1,32.41,Winter,0,254
2022-01-17,S003,P0005,Toys,East,620,88,0,21.65,10,Cloudy,0,19.57,Winter,0,97
2022-01-17,S003,P0006,Toys,East,155,56,103,36.2,10,Cloudy,0,32.06,Winter,0,87
2022-01-17,S003,P0007,Groceries,East,589,143,761,17.93,20,Cloudy,1,16.74,Winter,0,191
2022-01-17,S003,P0008,Clothing,East,219,72,162,103.49,5,Cloudy,0,122.94,Winter,0,78
2022-01-17,S003,P0009,Groceries,East,79,79,210,66.57,15,Cloudy,1,70.21,Winter,0,232
2022-01-17,S003,P0010,Groceries,East,135,135,135,43.38,10,Cloudy,1,41.38,Winter,0,149
2022-01-17,S003,P0011,Electronics,East,237,118,0,109.1,25,Cloudy,1,118.43,Winter,0,148
2022-01-17,S003,P0012,Furniture,East,281,26,0,81.82,0,Cloudy,0,94.02,Winter,0,27
2022-01-17,S003,P0013,Groceries,East,789,82,0,81.12,0,Cloudy,0,77.24,Winter,0,116
2022-01-17,S003,P0014,Groceries,East,445,113,405,100.27,10,Cloudy,1,85.53,Winter,0,132
2022-01-17,S003,P0015,Groceries,East,795,110,0,109.38,10,Cloudy,0,118.12,Winter,0,170
2022-01-17,S003,P0016,Electronics,East,582,66,0,92.79,5,Cloudy,0,101.1,Winter,0,88
2022-01-17,S003,P0017,Furniture,East,779,83,0,123.14,0,Cloudy,0,131.55,Winter,0,78
2022-01-17,S003,P0018,Furniture,East,668,89,0,121.41,10,Cloudy,0,140.44,Winter,0,75
2022-01-17,S003,P0019,Groceries,East,199,157,189,61.0,15,Cloudy,1,70.5,Winter,0,189
2022-01-17,S003,P0020,Clothing,East,1218,131,0,79.32,10,Cloudy,0,72.31,Winter,0,133
2022-01-17,S004,P0001,Groceries,West,991,155,0,12.23,10,Snowy,1,14.41,Winter,0,166
2022-01-17,S004,P0002,Groceries,West,169,169,0,25.31,10,Snowy,1,24.03,Winter,0,194
2022-01-17,S004,P0003,Furniture,West,352,33,0,120.51,0,Snowy,0,142.14,Winter,0,36
2022-01-17,S004,P0004,Groceries,West,770,161,0,52.49,15,Snowy,1,56.78,Winter,0,143
2022-01-17,S004,P0005,Clothing,West,135,86,77,73.75,0,Snowy,0,69.64,Winter,0,83
2022-01-17,S004,P0006,Groceries,West,267,114,0,34.46,10,Snowy,0,30.98,Winter,0,96
2022-01-17,S004,P0007,Groceries,West,886,47,0,19.27,25,Snowy,1,16.47,Winter,0,52
2022-01-17,S004,P0008,Furniture,West,89,39,50,90.66,0,Snowy,0,97.95,Winter,0,52
2022-01-17,S004,P0009,Clothing,West,587,142,0,102.91,25,Snowy,1,116.82,Winter,0,152
2022-01-17,S004,P0010,Groceries,West,541,121,0,20.84,25,Snowy,1,18.09,Winter,0,103
2022-01-17,S004,P0011,Clothing,West,895,124,0,65.29,20,Snowy,1,57.45,Winter,0,185
2022-01-17,S004,P0012,Electronics,West,76,35,51,98.24,0,Snowy,0,112.62,Winter,0,51
2022-01-17,S004,P0013,Groceries,West,552,79,0,20.97,5,Snowy,0,24.91,Winter,0,120
2022-01-17,S004,P0014,Furniture,West,140,46,0,126.98,25,Snowy,1,121.53,Winter,0,63
2022-01-17,S004,P0015,Furniture,West,119,45,0,89.68,0,Snowy,0,102.15,Winter,0,53
2022-01-17,S004,P0016,Furniture,West,142,48,0,118.12,0,Snowy,0,129.43,Winter,0,75
2022-01-17,S004,P0017,Clothing,West,243,170,0,109.72,10,Snowy,0,97.74,Winter,0,152
2022-01-17,S004,P0018,Furniture,West,94,43,58,140.69,10,Snowy,0,159.93,Winter,0,65
2022-01-17,S004,P0019,Clothing,West,108,96,135,60.59,10,Snowy,1,69.15,Winter,0,132
2022-01-17,S004,P0020,Furniture,West,172,39,0,105.73,10,Snowy,0,113.59,Winter,0,45
2022-01-17,S005,P0001,Groceries,North,214,143,237,11.09,20,Sunny,1,11.7,Winter,0,144
2022-01-17,S005,P0002,Electronics,North,224,92,0,33.99,20,Sunny,1,29.29,Winter,0,87
2022-01-17,S005,P0003,Toys,North,135,108,107,33.71,0,Sunny,0,29.61,Winter,0,113
2022-01-17,S005,P0004,Groceries,North,189,31,0,5.96,10,Sunny,1,5.41,Winter,0,42
2022-01-17,S005,P0005,Groceries,North,342,66,0,16.61,0,Sunny,0,18.89,Winter,0,103
2022-01-17,S005,P0006,Groceries,North,941,142,0,71.83,0,Sunny,0,83.82,Winter,0,160
2022-01-17,S005,P0007,Groceries,North,266,198,452,101.87,15,Sunny,1,98.86,Winter,0,215
2022-01-17,S005,P0008,Groceries,North,199,95,0,53.64,10,Sunny,0,61.54,Winter,0,83
2022-01-17,S005,P0009,Groceries,North,471,81,0,69.8,25,Sunny,1,82.45,Winter,0,89
2022-01-17,S005,P0010,Groceries,North,473,171,565,67.17,10,Sunny,1,78.28,Winter,0,173
2022-01-17,S005,P0011,Electronics,North,195,102,0,64.22,25,Sunny,1,69.59,Winter,0,114
2022-01-17,S005,P0012,Furniture,North,640,41,0,105.39,10,Sunny,0,115.02,Winter,0,48
2022-01-17,S005,P0013,Groceries,North,656,67,0,72.5,0,Sunny,0,80.39,Winter,0,90
2022-01-17,S005,P0014,Furniture,North,0,0,0,164.59,10,Sunny,1,179.65,Winter,0,104
2022-01-17,S005,P0015,Groceries,North,308,185,330,60.01,0,Sunny,0,64.45,Winter,0,158
2022-01-17,S005,P0016,Toys,North,226,82,0,39.48,0,Sunny,0,47.68,Winter,0,133
2022-01-17,S005,P0017,Toys,North,215,90,0,39.36,5,Sunny,0,42.77,Winter,0,125
2022-01-17,S005,P0018,Clothing,North,133,122,144,24.54,5,Sunny,0,23.28,Winter,0,133
2022-01-17,S005,P0019,Furniture,North,186,168,330,132.35,25,Sunny,1,152.96,Winter,0,149
2022-01-17,S005,P0020,Toys,North,168,106,165,37.35,0,Sunny,0,34.25,Winter,0,139
2022-01-18,S001,P0001,Electronics,North,512,101,0,69.63,10,Cloudy,0,61.25,Winter,0,102
2022-01-18,S001,P0002,Clothing,North,276,260,193,80.79,15,Cloudy,1,85.07,Winter,0,232
2022-01-18,S001,P0003,Clothing,North,753,146,0,54.89,10,Cloudy,0,65.21,Winter,0,128
2022-01-18,S001,P0004,Electronics,North,382,93,0,94.09,10,Cloudy,0,111.67,Winter,0,85
2022-01-18,S001,P0005,Groceries,North,834,148,0,70.05,10,Cloudy,1,66.71,Winter,0,173
2022-01-18,S001,P0006,Toys,North,104,99,0,35.88,10,Cloudy,1,38.41,Winter,0,86
2022-01-18,S001,P0007,Groceries,North,764,91,0,25.36,0,Cloudy,0,29.54,Winter,0,104
2022-01-18,S001,P0008,Electronics,North,156,137,127,40.74,20,Cloudy,1,40.16,Winter,0,118
2022-01-18,S001,P0009,Clothing,North,185,173,201,120.89,10,Cloudy,1,128.1,Winter,0,247
2022-01-18,S001,P0010,Furniture,North,505,138,444,133.09,10,Cloudy,0,154.36,Winter,0,117
2022-01-18,S001,P0011,Furniture,North,147,84,0,161.26,20,Cloudy,1,157.25,Winter,0,125
2022-01-18,S001,P0012,Groceries,North,293,51,0,69.36,5,Cloudy,0,80.65,Winter,0,62
2022-01-18,S001,P0013,Toys,North,177,61,0,32.16,0,Cloudy,0,29.88,Winter,0,71
2022-01-18,S001,P0014,Groceries,North,390,85,0,64.24,15,Cloudy,1,70.38,Winter,0,109
2022-01-18,S001,P0015,Toys,North,191,78,0,13.88,25,Cloudy,1,13.32,Winter,0,123
2022-01-18,S001,P0016,Groceries,North,558,103,0,41.83,5,Cloudy,0,39.61,Winter,0,122
2022-01-18,S001,P0017,Toys,North,130,130,160,26.83,5,Cloudy,0,23.77,Winter,0,149
2022-01-18,S001,P0018,Groceries,North,129,129,128,62.83,10,Cloudy,0,74.57,Winter,0,143
2022-01-18,S001,P0019,Furniture,North,104,54,50,98.97,10,Cloudy,1,88.85,Winter,0,54
2022-01-18,S001,P0020,Furniture,North,494,56,0,111.25,10,Cloudy,0,102.91,Winter,0,70
2022-01-18,S002,P0001,Groceries,South,625,82,0,69.62,5,Snowy,0,76.96,Winter,0,69
2022-01-18,S002,P0002,Toys,South,334,45,0,27.53,10,Snowy,1,31.8,Winter,0,72
2022-01-18,S002,P0003,Groceries,South,655,70,0,68.37,5,Snowy,0,77.77,Winter,0,64
2022-01-18,S002,P0004,Groceries,South,197,158,0,43.2,10,Snowy,0,46.25,Winter,0,140
2022-01-18,S002,P0005,Electronics,South,302,109,0,81.14,20,Snowy,1,97.65,Winter,0,124
2022-01-18,S002,P0006,Clothing,South,157,117,0,53.38,25,Snowy,1,46.06,Winter,0,104
2022-01-18,S002,P0007,Toys,South,318,44,0,21.38,10,Snowy,0,23.95,Winter,0,45
2022-01-18,S002,P0008,Groceries,South,136,136,171,27.01,15,Snowy,1,24.11,Winter,0,150
2022-01-18,S002,P0009,Groceries,South,254,123,176,51.39,20,Snowy,1,55.85,Winter,0,107
2022-01-18,S002,P0010,Groceries,South,160,75,0,89.7,0,Snowy,0,82.67,Winter,0,86
2022-01-18,S002,P0011,Groceries,South,136,110,0,95.79,20,Snowy,1,102.65,Winter,0,176
2022-01-18,S002,P0012,Electronics,South,718,79,0,66.69,0,Snowy,0,59.05,Winter,0,71
2022-01-18,S002,P0013,Groceries,South,245,31,0,19.0,0,Snowy,0,16.95,Winter,0,42
2022-01-18,S002,P0014,Electronics,South,1341,134,0,129.53,10,Snowy,1,116.76,Winter,0,124
2022-01-18,S002,P0015,Clothing,South,237,75,0,49.65,25,Snowy,1,48.61,Winter,0,70
2022-01-18,S002,P0016,Clothing,South,154,135,264,88.88,10,Snowy,0,85.74,Winter,0,113
2022-01-18,S002,P0017,Toys,South,240,64,0,20.26,0,Snowy,0,21.91,Winter,0,85
2022-01-18,S002,P0018,Clothing,South,103,103,103,29.54,0,Snowy,0,26.13,Winter,0,98
2022-01-18,S002,P0019,Clothing,South,306,107,0,72.08,25,Snowy,1,80.17,Winter,0,125
2022-01-18,S002,P0020,Furniture,South,237,77,277,130.88,0,Snowy,0,143.81,Winter,0,77
2022-01-18,S003,P0001,Toys,East,219,53,0,14.39,5,Snowy,0,16.94,Winter,0,65
2022-01-18,S003,P0002,Groceries,East,228,92,0,54.66,20,Snowy,1,47.7,Winter,0,144
2022-01-18,S003,P0003,Electronics,East,106,67,86,88.46,5,Snowy,0,76.6,Winter,0,91
2022-01-18,S003,P0004,Groceries,East,311,62,0,18.74,10,Snowy,0,21.79,Winter,0,68
2022-01-18,S003,P0005,Toys,East,532,112,0,18.36,20,Snowy,1,19.67,Winter,0,99
2022-01-18,S003,P0006,Toys,East,202,123,108,38.87,15,Snowy,1,36.31,Winter,0,127
2022-01-18,S003,P0007,Groceries,East,446,142,0,16.88,10,Snowy,0,19.48,Winter,0,144
2022-01-18,S003,P0008,Clothing,East,147,100,288,113.9,10,Snowy,1,124.78,Winter,0,124
2022-01-18,S003,P0009,Groceries,East,210,60,0,41.54,20,Snowy,1,44.51,Winter,0,85
2022-01-18,S003,P0010,Groceries,East,135,77,135,37.46,10,Snowy,0,39.8,Winter,0,117
2022-01-18,S003,P0011,Electronics,East,384,73,0,108.9,20,Snowy,1,95.09,Winter,0,109
2022-01-18,S003,P0012,Furniture,East,255,46,0,79.3,10,Snowy,0,84.03,Winter,0,44
2022-01-18,S003,P0013,Groceries,East,707,98,0,67.64,10,Snowy,0,72.15,Winter,0,108
2022-01-18,S003,P0014,Groceries,East,332,148,0,94.64,25,Snowy,1,93.52,Winter,0,177
2022-01-18,S003,P0015,Groceries,East,685,140,0,90.29,15,Snowy,1,95.6,Winter,0,123
2022-01-18,S003,P0016,Electronics,East,516,50,0,90.28,0,Snowy,0,98.86,Winter,0,65
2022-01-18,S003,P0017,Furniture,East,696,80,0,123.89,5,Snowy,0,112.14,Winter,0,80
2022-01-18,S003,P0018,Furniture,East,579,37,0,113.66,10,Snowy,0,134.8,Winter,0,57
2022-01-18,S003,P0019,Groceries,East,231,78,0,43.98,20,Snowy,1,47.91,Winter,0,97
2022-01-18,S003,P0020,Clothing,East,1087,95,0,72.6,0,Snowy,0,83.33,Winter,0,88
2022-01-18,S004,P0001,Groceries,West,836,103,0,10.22,5,Snowy,0,11.8,Winter,0,89
2022-01-18,S004,P0002,Groceries,West,268,117,372,23.15,10,Snowy,1,21.02,Winter,0,160
2022-01-18,S004,P0003,Furniture,West,319,78,0,136.47,0,Snowy,0,148.04,Winter,0,68
2022-01-18,S004,P0004,Groceries,West,609,167,0,55.82,10,Snowy,0,63.65,Winter,0,145
2022-01-18,S004,P0005,Clothing,West,126,69,105,61.03,15,Snowy,1,67.36,Winter,0,90
2022-01-18,S004,P0006,Groceries,West,153,153,527,49.39,10,Snowy,1,58.9,Winter,0,250
2022-01-18,S004,P0007,Groceries,West,839,81,0,26.0,10,Snowy,0,29.67,Winter,0,100
2022-01-18,S004,P0008,Furniture,West,100,69,113,94.54,15,Snowy,1,93.11,Winter,0,94
2022-01-18,S004,P0009,Clothing,West,445,107,0,97.05,20,Snowy,1,106.44,Winter,0,111
2022-01-18,S004,P0010,Groceries,West,420,131,602,29.24,5,Snowy,0,27.33,Winter,0,136
2022-01-18,S004,P0011,Clothing,West,771,220,731,63.72,25,Snowy,1,75.31,Winter,0,222
2022-01-18,S004,P0012,Electronics,West,92,62,54,99.16,0,Snowy,0,110.85,Winter,0,53
2022-01-18,S004,P0013,Groceries,West,473,105,0,21.91,0,Snowy,0,19.73,Winter,0,102
2022-01-18,S004,P0014,Furniture,West,312,47,0,134.81,20,Snowy,1,119.06,Winter,0,62
2022-01-18,S004,P0015,Furniture,West,74,42,0,74.91,25,Snowy,1,67.08,Winter,0,68
2022-01-18,S004,P0016,Furniture,West,374,49,0,108.53,10,Snowy,0,99.81,Winter,0,66
2022-01-18,S004,P0017,Clothing,West,73,58,93,90.74,10,Snowy,0,80.58,Winter,0,90
2022-01-18,S004,P0018,Furniture,West,109,58,51,158.59,0,Snowy,0,137.92,Winter,0,56
2022-01-18,S004,P0019,Clothing,West,147,147,146,61.26,10,Snowy,1,71.57,Winter,0,136
2022-01-18,S004,P0020,Furniture,West,133,32,0,117.07,0,Snowy,0,138.75,Winter,0,45
2022-01-18,S005,P0001,Groceries,North,71,71,335,14.57,10,Cloudy,0,13.0,Winter,0,183
2022-01-18,S005,P0002,Electronics,North,401,141,404,42.45,15,Cloudy,1,36.34,Winter,0,138
2022-01-18,S005,P0003,Toys,North,134,47,63,27.83,5,Cloudy,0,24.72,Winter,0,71
2022-01-18,S005,P0004,Groceries,North,158,65,0,7.1,5,Cloudy,0,6.83,Winter,0,75
2022-01-18,S005,P0005,Groceries,North,276,182,272,18.34,10,Cloudy,1,16.57,Winter,0,154
2022-01-18,S005,P0006,Groceries,North,799,94,0,47.32,15,Cloudy,1,55.62,Winter,0,78
2022-01-18,S005,P0007,Groceries,North,68,68,0,82.56,5,Cloudy,0,95.4,Winter,0,115
2022-01-18,S005,P0008,Groceries,North,104,101,125,58.61,20,Cloudy,1,62.99,Winter,0,148
2022-01-18,S005,P0009,Groceries,North,390,87,441,99.96,10,Cloudy,1,92.41,Winter,0,128
2022-01-18,S005,P0010,Groceries,North,302,127,0,61.62,5,Cloudy,0,59.16,Winter,0,107
2022-01-18,S005,P0011,Electronics,North,827,176,0,75.67,25,Cloudy,1,73.6,Winter,0,153
2022-01-18,S005,P0012,Furniture,North,599,32,0,114.49,0,Cloudy,0,137.23,Winter,0,42
2022-01-18,S005,P0013,Groceries,North,589,64,0,74.05,0,Cloudy,0,80.39,Winter,0,96
2022-01-18,S005,P0014,Furniture,North,465,58,0,128.96,20,Cloudy,1,125.04,Winter,0,53
2022-01-18,S005,P0015,Groceries,North,123,123,380,58.42,20,Cloudy,1,49.87,Winter,0,214
2022-01-18,S005,P0016,Toys,North,617,88,0,38.65,0,Cloudy,0,44.83,Winter,0,126
2022-01-18,S005,P0017,Toys,North,125,105,84,37.03,5,Cloudy,0,34.54,Winter,0,90
2022-01-18,S005,P0018,Clothing,North,155,34,0,17.31,0,Cloudy,0,20.14,Winter,0,34
2022-01-18,S005,P0019,Furniture,North,18,18,0,130.26,15,Cloudy,1,117.64,Winter,0,87
2022-01-18,S005,P0020,Toys,North,227,44,0,24.18,5,Cloudy,0,28.33,Winter,0,42
2022-01-19,S001,P0001,Electronics,North,411,103,0,70.59,10,Cloudy,0,83.08,Winter,0,123
2022-01-19,S001,P0002,Clothing,North,209,92,0,58.26,10,Cloudy,0,67.66,Winter,0,93
2022-01-19,S001,P0003,Clothing,North,607,103,577,66.57,0,Cloudy,0,75.72,Winter,0,158
2022-01-19,S001,P0004,Electronics,North,289,74,0,104.77,10,Cloudy,0,100.62,Winter,0,102
2022-01-19,S001,P0005,Groceries,North,686,84,0,66.17,0,Cloudy,0,73.22,Winter,0,133
2022-01-19,S001,P0006,Toys,North,395,187,513,42.39,20,Cloudy,1,49.33,Winter,0,182
2022-01-19,S001,P0007,Groceries,North,673,83,0,25.49,5,Cloudy,0,23.28,Winter,0,106
2022-01-19,S001,P0008,Electronics,North,146,100,103,43.43,15,Cloudy,1,42.53,Winter,0,119
2022-01-19,S001,P0009,Clothing,North,213,134,119,102.64,0,Cloudy,0,124.01,Winter,0,140
2022-01-19,S001,P0010,Furniture,North,367,38,0,125.22,0,Cloudy,0,110.37,Winter,0,54
2022-01-19,S001,P0011,Furniture,North,495,45,0,150.87,10,Cloudy,0,140.75,Winter,0,69
2022-01-19,S001,P0012,Groceries,North,242,73,231,69.94,15,Cloudy,1,84.1,Winter,0,96
2022-01-19,S001,P0013,Toys,North,116,78,76,32.69,0,Cloudy,0,36.68,Winter,0,90
2022-01-19,S001,P0014,Groceries,North,305,118,0,82.36,5,Cloudy,0,78.34,Winter,0,137
2022-01-19,S001,P0015,Toys,North,113,57,105,16.7,0,Cloudy,0,15.06,Winter,0,91
2022-01-19,S001,P0016,Groceries,North,455,76,0,37.84,0,Cloudy,0,33.07,Winter,0,76
2022-01-19,S001,P0017,Toys,North,160,74,0,23.51,0,Cloudy,0,22.31,Winter,0,89
2022-01-19,S001,P0018,Groceries,North,128,128,189,59.3,25,Cloudy,1,58.91,Winter,0,170
2022-01-19,S001,P0019,Furniture,North,100,63,86,124.5,0,Cloudy,0,113.53,Winter,0,88
2022-01-19,S001,P0020,Furniture,North,438,124,446,128.97,10,Cloudy,1,145.12,Winter,0,131
2022-01-19,S002,P0001,Groceries,South,543,149,0,86.28,5,Sunny,0,95.11,Winter,0,135
2022-01-19,S002,P0002,Toys,South,289,70,248,33.66,10,Sunny,0,30.06,Winter,0,117
2022-01-19,S002,P0003,Groceries,South,585,68,0,82.88,0,Sunny,0,79.0,Winter,0,90
2022-01-19,S002,P0004,Groceries,South,39,39,476,51.86,0,Sunny,0,44.09,Winter,0,149
2022-01-19,S002,P0005,Electronics,South,193,74,0,96.5,5,Sunny,0,87.65,Winter,0,108
2022-01-19,S002,P0006,Clothing,South,40,40,94,51.42,25,Sunny,1,54.38,Winter,0,109
2022-01-19,S002,P0007,Toys,South,274,98,0,29.75,0,Sunny,0,27.61,Winter,0,92
2022-01-19,S002,P0008,Groceries,South,171,133,241,27.99,25,Sunny,1,24.2,Winter,0,211
2022-01-19,S002,P0009,Groceries,South,131,66,0,64.95,0,Sunny,0,60.24,Winter,0,95
2022-01-19,S002,P0010,Groceries,South,85,85,167,90.9,10,Sunny,0,103.88,Winter,0,139
2022-01-19,S002,P0011,Groceries,South,519,217,602,117.97,10,Sunny,0,102.44,Winter,0,191
2022-01-19,S002,P0012,Electronics,South,639,71,0,56.73,20,Sunny,1,56.42,Winter,0,89
2022-01-19,S002,P0013,Groceries,South,214,50,0,18.85,10,Sunny,0,18.53,Winter,0,67
2022-01-19,S002,P0014,Electronics,South,1207,76,0,127.55,0,Sunny,0,121.4,Winter,0,86
2022-01-19,S002,P0015,Clothing,South,812,183,0,81.43,5,Sunny,0,92.09,Winter,0,170
2022-01-19,S002,P0016,Clothing,South,19,19,0,83.15,10,Sunny,0,70.92,Winter,0,93
2022-01-19,S002,P0017,Toys,South,176,142,542,29.65,0,Sunny,0,29.04,Winter,0,198
2022-01-19,S002,P0018,Clothing,South,103,103,161,26.35,25,Sunny,1,29.93,Winter,0,174
2022-01-19,S002,P0019,Clothing,South,199,51,0,73.33,10,Sunny,0,86.46,Winter,0,75
2022-01-19,S002,P0020,Furniture,South,160,85,0,121.05,15,Sunny,1,110.15,Winter,0,87
2022-01-19,S003,P0001,Toys,East,500,97,0,17.66,5,Snowy,0,16.15,Winter,0,110
2022-01-19,S003,P0002,Groceries,East,136,64,0,51.83,5,Snowy,0,46.53,Winter,0,74
2022-01-19,S003,P0003,Electronics,East,125,111,141,87.68,10,Snowy,0,98.22,Winter,0,121
2022-01-19,S003,P0004,Groceries,East,249,125,0,23.04,10,Snowy,0,20.68,Winter,0,114
2022-01-19,S003,P0005,Toys,East,420,87,0,22.03,0,Snowy,0,23.26,Winter,0,87
2022-01-19,S003,P0006,Toys,East,187,176,166,36.79,25,Snowy,1,41.46,Winter,0,170
2022-01-19,S003,P0007,Groceries,East,304,79,0,16.85,0,Snowy,0,20.13,Winter,0,108
2022-01-19,S003,P0008,Clothing,East,209,165,0,133.66,10,Snowy,1,123.75,Winter,0,161
2022-01-19,S003,P0009,Groceries,East,150,106,132,57.81,0,Snowy,0,60.89,Winter,0,118
2022-01-19,S003,P0010,Groceries,East,193,135,0,43.69,0,Snowy,0,38.19,Winter,0,116
2022-01-19,S003,P0011,Electronics,East,311,48,0,107.34,5,Snowy,0,116.93,Winter,0,69
2022-01-19,S003,P0012,Furniture,East,209,59,187,88.18,15,Snowy,1,106.51,Winter,0,89
2022-01-19,S003,P0013,Groceries,East,609,88,0,72.34,10,Snowy,0,63.11,Winter,0,113
2022-01-19,S003,P0014,Groceries,East,184,67,0,94.37,5,Snowy,0,83.32,Winter,0,96
2022-01-19,S003,P0015,Groceries,East,545,175,787,128.29,0,Snowy,0,122.95,Winter,0,171
2022-01-19,S003,P0016,Electronics,East,466,63,0,85.71,10,Snowy,0,72.95,Winter,0,66
2022-01-19,S003,P0017,Furniture,East,616,80,0,118.3,0,Snowy,0,131.17,Winter,0,67
2022-01-19,S003,P0018,Furniture,East,542,90,427,149.53,10,Snowy,1,132.24,Winter,0,123
2022-01-19,S003,P0019,Groceries,East,153,114,130,52.43,10,Snowy,0,58.5,Winter,0,115
2022-01-19,S003,P0020,Clothing,East,992,69,0,52.07,25,Snowy,1,55.81,Winter,0,76
2022-01-19,S004,P0001,Groceries,West,733,45,0,9.26,0,Snowy,0,11.09,Winter,0,48
2022-01-19,S004,P0002,Groceries,West,151,102,0,23.3,5,Snowy,0,23.19,Winter,0,143
2022-01-19,S004,P0003,Furniture,West,241,55,179,128.69,0,Snowy,0,139.44,Winter,0,52
2022-01-19,S004,P0004,Groceries,West,442,61,0,54.62,0,Snowy,0,50.01,Winter,0,88
2022-01-19,S004,P0005,Clothing,West,162,94,86,75.76,0,Snowy,0,82.28,Winter,0,107
2022-01-19,S004,P0006,Groceries,West,0,0,0,45.09,10,Snowy,1,40.82,Winter,0,189
2022-01-19,S004,P0007,Groceries,West,758,62,0,30.61,0,Snowy,0,28.62,Winter,0,102
2022-01-19,S004,P0008,Furniture,West,144,46,0,77.84,20,Snowy,1,67.65,Winter,0,57
2022-01-19,S004,P0009,Clothing,West,338,92,370,109.96,10,Snowy,0,118.71,Winter,0,113
2022-01-19,S004,P0010,Groceries,West,289,48,0,21.95,10,Snowy,0,19.94,Winter,0,66
2022-01-19,S004,P0011,Clothing,West,551,137,0,59.2,10,Snowy,0,69.03,Winter,0,126
2022-01-19,S004,P0012,Electronics,West,84,84,73,90.93,20,Snowy,1,109.71,Winter,0,91
2022-01-19,S004,P0013,Groceries,West,368,78,436,21.41,10,Snowy,0,19.75,Winter,0,128
2022-01-19,S004,P0014,Furniture,West,265,46,0,159.79,0,Snowy,0,146.97,Winter,0,48
2022-01-19,S004,P0015,Furniture,West,351,70,0,98.98,5,Snowy,0,87.13,Winter,0,80
2022-01-19,S004,P0016,Furniture,West,325,82,0,113.71,10,Snowy,0,109.53,Winter,0,79
2022-01-19,S004,P0017,Clothing,West,108,48,50,79.64,5,Snowy,0,88.03,Winter,0,53
2022-01-19,S004,P0018,Furniture,West,102,72,86,141.15,20,Snowy,1,126.81,Winter,0,85
2022-01-19,S004,P0019,Clothing,West,146,77,121,61.37,10,Snowy,0,55.07,Winter,0,119
2022-01-19,S004,P0020,Furniture,West,101,61,145,121.19,15,Snowy,1,118.72,Winter,0,84
2022-01-19,S005,P0001,Groceries,North,237,66,0,12.47,5,Cloudy,0,11.73,Winter,0,109
2022-01-19,S005,P0002,Electronics,North,260,50,0,37.76,5,Cloudy,0,39.99,Winter,0,82
2022-01-19,S005,P0003,Toys,North,150,66,66,30.18,0,Cloudy,0,30.12,Winter,0,79
2022-01-19,S005,P0004,Groceries,North,93,93,111,8.16,5,Cloudy,0,9.4,Winter,0,133
2022-01-19,S005,P0005,Groceries,North,94,94,358,20.43,0,Cloudy,0,18.92,Winter,0,155
2022-01-19,S005,P0006,Groceries,North,705,163,704,57.13,25,Cloudy,1,62.24,Winter,0,183
2022-01-19,S005,P0007,Groceries,North,452,59,0,69.45,10,Cloudy,0,83.15,Winter,0,80
2022-01-19,S005,P0008,Groceries,North,128,128,285,83.59,10,Cloudy,1,90.31,Winter,0,243
2022-01-19,S005,P0009,Groceries,North,303,100,0,119.81,0,Cloudy,0,107.91,Winter,0,155
2022-01-19,S005,P0010,Groceries,North,175,175,0,73.9,0,Cloudy,0,87.1,Winter,0,170
2022-01-19,S005,P0011,Electronics,North,651,115,0,94.0,5,Cloudy,0,87.16,Winter,0,146
2022-01-19,S005,P0012,Furniture,North,567,5,0,91.72,10,Cloudy,1,89.09,Winter,0,4
2022-01-19,S005,P0013,Groceries,North,525,114,0,77.18,5,Cloudy,0,66.6,Winter,0,109
2022-01-19,S005,P0014,Furniture,North,407,41,0,160.3,5,Cloudy,0,143.06,Winter,0,66
2022-01-19,S005,P0015,Groceries,North,330,27,0,36.24,5,Cloudy,0,38.45,Winter,0,26
2022-01-19,S005,P0016,Toys,North,529,97,0,35.36,0,Cloudy,0,39.54,Winter,0,98
2022-01-19,S005,P0017,Toys,North,104,104,103,36.23,5,Cloudy,0,39.4,Winter,0,99
2022-01-19,S005,P0018,Clothing,North,121,42,0,16.72,15,Cloudy,1,16.07,Winter,0,52
2022-01-19,S005,P0019,Furniture,North,330,71,0,136.06,5,Cloudy,0,159.64,Winter,0,82
2022-01-19,S005,P0020,Toys,North,183,68,0,24.84,10,Cloudy,1,26.58,Winter,0,63
2022-01-20,S001,P0001,Electronics,North,308,20,0,49.47,10,Snowy,0,58.54,Winter,0,25
2022-01-20,S001,P0002,Clothing,North,117,117,189,75.93,10,Snowy,0,84.2,Winter,0,183
2022-01-20,S001,P0003,Clothing,North,504,76,0,52.08,5,Snowy,0,45.62,Winter,0,79
2022-01-20,S001,P0004,Electronics,North,215,79,223,120.15,0,Snowy,0,144.41,Winter,0,128
2022-01-20,S001,P0005,Groceries,North,602,87,0,51.08,20,Snowy,1,45.42,Winter,0,105
2022-01-20,S001,P0006,Toys,North,208,95,0,32.14,20,Snowy,1,34.96,Winter,0,88
2022-01-20,S001,P0007,Groceries,North,590,100,0,22.53,10,Snowy,0,27.24,Winter,0,100
2022-01-20,S001,P0008,Electronics,North,149,73,0,33.22,25,Snowy,1,31.12,Winter,0,76
2022-01-20,S001,P0009,Clothing,North,198,31,0,72.55,5,Snowy,0,83.81,Winter,0,52
2022-01-20,S001,P0010,Furniture,North,329,61,0,114.95,10,Snowy,1,133.87,Winter,0,73
2022-01-20,S001,P0011,Furniture,North,450,120,0,154.42,15,Snowy,1,172.23,Winter,0,108
2022-01-20,S001,P0012,Groceries,North,169,40,0,71.49,5,Snowy,0,69.87,Winter,0,57
2022-01-20,S001,P0013,Toys,North,114,104,109,35.16,5,Snowy,0,30.75,Winter,0,112
2022-01-20,S001,P0014,Groceries,North,1007,81,0,70.58,5,Snowy,0,68.86,Winter,0,89
2022-01-20,S001,P0015,Toys,North,161,68,0,15.09,0,Snowy,0,17.46,Winter,0,77
2022-01-20,S001,P0016,Groceries,North,379,88,0,34.2,15,Snowy,1,40.81,Winter,0,109
2022-01-20,S001,P0017,Toys,North,86,86,128,25.49,10,Snowy,1,24.73,Winter,0,150
2022-01-20,S001,P0018,Groceries,North,189,116,149,53.79,25,Snowy,1,50.23,Winter,0,135
2022-01-20,S001,P0019,Furniture,North,123,51,78,102.26,10,Snowy,0,120.69,Winter,0,76
2022-01-20,S001,P0020,Furniture,North,314,80,0,115.77,0,Snowy,0,136.6,Winter,0,67
2022-01-20,S002,P0001,Groceries,South,394,93,0,78.64,0,Snowy,0,85.85,Winter,0,89
2022-01-20,S002,P0002,Toys,South,219,57,0,32.38,5,Snowy,0,28.52,Winter,0,88
2022-01-20,S002,P0003,Groceries,South,517,81,0,80.93,0,Snowy,0,88.91,Winter,0,98
2022-01-20,S002,P0004,Groceries,South,443,47,0,37.64,0,Snowy,0,44.83,Winter,0,65
2022-01-20,S002,P0005,Electronics,South,672,73,0,80.82,10,Snowy,1,79.25,Winter,0,72
2022-01-20,S002,P0006,Clothing,South,94,94,146,65.97,15,Snowy,1,65.71,Winter,0,132
2022-01-20,S002,P0007,Toys,South,627,64,0,25.51,5,Snowy,0,28.73,Winter,0,78
2022-01-20,S002,P0008,Groceries,South,279,116,0,19.8,25,Snowy,1,21.25,Winter,0,105
2022-01-20,S002,P0009,Groceries,South,241,99,225,61.48,0,Snowy,0,66.29,Winter,0,94
2022-01-20,S002,P0010,Groceries,South,167,134,193,92.44,20,Snowy,1,79.28,Winter,0,169
2022-01-20,S002,P0011,Groceries,South,302,117,0,89.97,20,Snowy,1,80.16,Winter,0,135
2022-01-20,S002,P0012,Electronics,South,568,71,0,56.91,10,Snowy,0,62.33,Winter,0,71
2022-01-20,S002,P0013,Groceries,South,567,91,0,23.16,10,Snowy,0,27.19,Winter,0,146
2022-01-20,S002,P0014,Electronics,South,1131,58,0,117.96,10,Snowy,0,104.5,Winter,0,94
2022-01-20,S002,P0015,Clothing,South,629,146,0,68.63,10,Snowy,0,78.34,Winter,0,129
2022-01-20,S002,P0016,Clothing,South,264,79,274,80.28,15,Snowy,1,92.54,Winter,0,115
2022-01-20,S002,P0017,Toys,South,345,164,0,21.76,15,Snowy,1,20.94,Winter,0,143
2022-01-20,S002,P0018,Clothing,South,161,105,178,29.78,15,Snowy,1,35.69,Winter,0,173
2022-01-20,S002,P0019,Clothing,South,669,85,0,90.99,0,Snowy,0,108.79,Winter,0,107
2022-01-20,S002,P0020,Furniture,South,75,66,0,128.62,0,Snowy,0,148.45,Winter,0,72
2022-01-20,S003,P0001,Toys,East,403,79,0,16.39,0,Cloudy,0,16.08,Winter,0,73
2022-01-20,S003,P0002,Groceries,East,571,175,647,71.2,5,Cloudy,0,85.31,Winter,0,198
2022-01-20,S003,P0003,Electronics,East,155,106,85,84.55,10,Cloudy,0,84.33,Winter,0,94
2022-01-20,S003,P0004,Groceries,East,789,137,0,27.16,5,Cloudy,0,32.18,Winter,0,170
2022-01-20,S003,P0005,Toys,East,333,103,572,22.66,10,Cloudy,1,24.19,Winter,0,128
2022-01-20,S003,P0006,Toys,East,177,122,186,38.04,20,Cloudy,1,40.35,Winter,0,159
2022-01-20,S003,P0007,Groceries,East,225,172,0,19.55,10,Cloudy,0,18.18,Winter,0,179
2022-01-20,S003,P0008,Clothing,East,332,179,272,103.31,25,Cloudy,1,115.96,Winter,0,153
2022-01-20,S003,P0009,Groceries,East,176,66,0,43.12,10,Cloudy,0,51.64,Winter,0,63
2022-01-20,S003,P0010,Groceries,East,58,58,104,38.06,10,Cloudy,1,44.33,Winter,0,122
2022-01-20,S003,P0011,Electronics,East,263,79,0,105.56,15,Cloudy,1,111.37,Winter,0,96
2022-01-20,S003,P0012,Furniture,East,150,44,0,91.49,5,Cloudy,0,84.13,Winter,0,54
2022-01-20,S003,P0013,Groceries,East,521,26,0,56.25,10,Cloudy,0,55.69,Winter,0,42
2022-01-20,S003,P0014,Groceries,East,522,203,616,112.17,10,Cloudy,0,105.98,Winter,0,172
2022-01-20,S003,P0015,Groceries,East,370,149,0,115.3,0,Cloudy,0,111.94,Winter,0,133
2022-01-20,S003,P0016,Electronics,East,403,180,355,107.71,20,Cloudy,1,127.56,Winter,0,198
2022-01-20,S003,P0017,Furniture,East,536,85,0,118.08,10,Cloudy,1,115.3,Winter,0,82
2022-01-20,S003,P0018,Furniture,East,452,54,0,114.96,15,Cloudy,1,101.46,Winter,0,62
2022-01-20,S003,P0019,Groceries,East,169,103,0,54.59,0,Cloudy,0,65.33,Winter,0,95
2022-01-20,S003,P0020,Clothing,East,923,116,0,70.87,10,Cloudy,0,79.62,Winter,0,113
2022-01-20,S004,P0001,Groceries,West,688,37,0,10.12,0,Sunny,0,9.5,Winter,0,57
2022-01-20,S004,P0002,Groceries,West,421,119,0,18.94,10,Sunny,0,22.11,Winter,0,109
2022-01-20,S004,P0003,Furniture,West,186,42,0,131.49,5,Sunny,0,126.27,Winter,0,58
2022-01-20,S004,P0004,Groceries,West,381,129,370,62.21,5,Sunny,0,59.16,Winter,0,146
2022-01-20,S004,P0005,Clothing,West,154,145,118,63.46,25,Sunny,1,54.72,Winter,0,126
2022-01-20,S004,P0006,Groceries,West,527,292,474,46.5,20,Sunny,1,55.85,Winter,0,276
2022-01-20,S004,P0007,Groceries,West,696,65,0,22.24,10,Sunny,0,24.14,Winter,0,56
2022-01-20,S004,P0008,Furniture,West,98,72,98,94.64,15,Sunny,1,92.96,Winter,0,95
2022-01-20,S004,P0009,Clothing,West,246,154,0,136.15,0,Sunny,0,150.93,Winter,0,149
2022-01-20,S004,P0010,Groceries,West,241,136,0,23.54,25,Sunny,1,21.15,Winter,0,143
2022-01-20,S004,P0011,Clothing,West,414,85,0,52.04,15,Sunny,1,45.25,Winter,0,88
2022-01-20,S004,P0012,Electronics,West,73,48,50,92.86,10,Sunny,0,92.28,Winter,0,50
2022-01-20,S004,P0013,Groceries,West,290,238,661,27.14,10,Sunny,0,24.73,Winter,0,217
2022-01-20,S004,P0014,Furniture,West,219,66,0,157.95,10,Sunny,0,143.0,Winter,0,73
2022-01-20,S004,P0015,Furniture,West,281,48,221,86.7,10,Sunny,0,96.65,Winter,0,72
2022-01-20,S004,P0016,Furniture,West,243,118,385,121.21,25,Sunny,1,111.19,Winter,0,158
2022-01-20,S004,P0017,Clothing,West,110,110,220,128.63,10,Sunny,1,121.31,Winter,0,213
2022-01-20,S004,P0018,Furniture,West,116,95,97,136.94,25,Sunny,1,118.14,Winter,0,95
2022-01-20,S004,P0019,Clothing,West,190,123,117,68.96,5,Sunny,0,64.91,Winter,0,140
2022-01-20,S004,P0020,Furniture,West,40,40,179,147.91,0,Sunny,0,142.37,Winter,0,95
2022-01-20,S005,P0001,Groceries,North,506,121,0,12.85,0,Snowy,0,14.84,Winter,0,119
2022-01-20,S005,P0002,Electronics,North,210,55,0,38.71,10,Snowy,0,35.48,Winter,0,90
2022-01-20,S005,P0003,Toys,North,150,58,80,28.13,0,Snowy,0,31.15,Winter,0,74
2022-01-20,S005,P0004,Groceries,North,111,49,50,6.23,10,Snowy,0,6.1,Winter,0,54
2022-01-20,S005,P0005,Groceries,North,272,110,0,16.48,10,Snowy,1,19.18,Winter,0,135
2022-01-20,S005,P0006,Groceries,North,542,44,0,48.46,10,Snowy,1,51.78,Winter,0,69
2022-01-20,S005,P0007,Groceries,North,393,98,0,79.17,5,Snowy,0,73.1,Winter,0,87
2022-01-20,S005,P0008,Groceries,North,285,68,0,48.57,20,Snowy,1,41.84,Winter,0,73
2022-01-20,S005,P0009,Groceries,North,203,85,0,94.15,5,Snowy,0,112.4,Winter,0,108
2022-01-20,S005,P0010,Groceries,North,565,155,491,63.42,25,Snowy,1,61.05,Winter,0,202
2022-01-20,S005,P0011,Electronics,North,536,81,0,75.3,10,Snowy,1,83.33,Winter,0,107
2022-01-20,S005,P0012,Furniture,North,562,34,0,108.77,5,Snowy,0,105.32,Winter,0,30
2022-01-20,S005,P0013,Groceries,North,411,107,0,76.37,5,Snowy,0,66.73,Winter,0,106
2022-01-20,S005,P0014,Furniture,North,366,30,0,135.66,10,Snowy,0,121.88,Winter,0,37
2022-01-20,S005,P0015,Groceries,North,683,166,0,55.51,5,Snowy,0,59.97,Winter,0,148
2022-01-20,S005,P0016,Toys,North,432,97,0,26.62,25,Snowy,1,24.94,Winter,0,84
2022-01-20,S005,P0017,Toys,North,103,95,109,30.53,20,Snowy,1,33.41,Winter,0,99
2022-01-20,S005,P0018,Clothing,North,79,79,206,25.47,15,Snowy,1,22.6,Winter,0,187
2022-01-20,S005,P0019,Furniture,North,259,88,0,142.99,0,Snowy,0,172.37,Winter,0,82
2022-01-20,S005,P0020,Toys,North,115,58,58,26.37,10,Snowy,0,23.62,Winter,0,65
2022-01-21,S001,P0001,Electronics,North,288,92,0,66.74,10,Sunny,0,63.13,Winter,0,90
2022-01-21,S001,P0002,Clothing,North,189,73,0,62.55,0,Sunny,0,68.36,Winter,0,83
2022-01-21,S001,P0003,Clothing,North,428,153,0,64.04,5,Sunny,0,72.45,Winter,0,163
2022-01-21,S001,P0004,Electronics,North,136,129,0,121.51,0,Sunny,0,114.6,Winter,0,115
2022-01-21,S001,P0005,Groceries,North,515,129,514,58.18,10,Sunny,1,54.84,Winter,0,109
2022-01-21,S001,P0006,Toys,North,113,84,0,46.39,0,Sunny,0,41.0,Winter,0,117
2022-01-21,S001,P0007,Groceries,North,490,248,791,31.14,15,Sunny,1,27.36,Winter,0,219
2022-01-21,S001,P0008,Electronics,North,76,76,96,39.54,15,Sunny,1,38.49,Winter,0,90
2022-01-21,S001,P0009,Clothing,North,167,167,226,98.17,20,Sunny,1,110.84,Winter,0,208
2022-01-21,S001,P0010,Furniture,North,268,57,0,111.58,10,Sunny,0,130.17,Winter,0,65
2022-01-21,S001,P0011,Furniture,North,330,49,0,158.89,0,Sunny,0,172.86,Winter,0,69
2022-01-21,S001,P0012,Groceries,North,360,132,290,86.05,10,Sunny,0,95.14,Winter,0,145
2022-01-21,S001,P0013,Toys,North,119,94,160,30.6,25,Sunny,1,26.71,Winter,0,145
2022-01-21,S001,P0014,Groceries,North,926,108,0,74.15,10,Sunny,0,73.96,Winter,0,120
2022-01-21,S001,P0015,Toys,North,93,93,103,16.86,10,Sunny,0,14.67,Winter,0,127
2022-01-21,S001,P0016,Groceries,North,291,118,248,39.42,5,Sunny,0,34.91,Winter,0,103
2022-01-21,S001,P0017,Toys,North,128,128,151,21.33,20,Sunny,1,19.83,Winter,0,129
2022-01-21,S001,P0018,Groceries,North,222,105,0,55.77,10,Sunny,0,64.73,Winter,0,104
2022-01-21,S001,P0019,Furniture,North,150,116,161,115.67,20,Sunny,1,112.19,Winter,0,135
2022-01-21,S001,P0020,Furniture,North,234,37,0,97.35,10,Sunny,0,114.33,Winter,0,49
2022-01-21,S002,P0001,Groceries,South,301,126,308,87.5,5,Snowy,0,75.01,Winter,0,122
2022-01-21,S002,P0002,Toys,South,410,80,0,31.39,10,Snowy,0,37.51,Winter,0,111
2022-01-21,S002,P0003,Groceries,South,436,121,0,83.17,5,Snowy,0,95.98,Winter,0,122
2022-01-21,S002,P0004,Groceries,South,396,133,0,45.69,5,Snowy,0,45.16,Winter,0,123
2022-01-21,S002,P0005,Electronics,South,599,76,0,74.55,25,Snowy,1,81.36,Winter,0,117
2022-01-21,S002,P0006,Clothing,South,146,62,0,56.49,10,Snowy,0,52.96,Winter,0,68
2022-01-21,S002,P0007,Toys,South,563,85,0,24.58,25,Snowy,1,23.9,Winter,0,123
2022-01-21,S002,P0008,Groceries,South,163,98,158,25.35,15,Snowy,1,26.97,Winter,0,145
2022-01-21,S002,P0009,Groceries,South,142,88,0,53.48,20,Snowy,1,49.72,Winter,0,104
2022-01-21,S002,P0010,Groceries,South,226,50,0,81.87,5,Snowy,0,70.75,Winter,0,74
2022-01-21,S002,P0011,Groceries,South,185,78,0,80.91,5,Snowy,0,85.24,Winter,0,66
2022-01-21,S002,P0012,Electronics,South,497,72,0,61.63,0,Snowy,0,73.18,Winter,0,64
2022-01-21,S002,P0013,Groceries,South,476,247,782,26.96,15,Snowy,1,30.73,Winter,0,228
2022-01-21,S002,P0014,Electronics,South,1073,48,0,105.76,10,Snowy,0,116.76,Winter,0,78
2022-01-21,S002,P0015,Clothing,South,483,119,701,86.97,0,Snowy,0,75.66,Winter,0,157
2022-01-21,S002,P0016,Clothing,South,185,111,0,86.27,10,Snowy,0,76.23,Winter,0,104
2022-01-21,S002,P0017,Toys,South,181,62,0,15.03,25,Snowy,1,17.53,Winter,0,82
2022-01-21,S002,P0018,Clothing,South,234,160,0,31.94,10,Snowy,0,27.8,Winter,0,159
2022-01-21,S002,P0019,Clothing,South,584,174,598,81.61,25,Snowy,1,69.44,Winter,0,150
2022-01-21,S002,P0020,Furniture,South,286,69,200,131.02,5,Snowy,0,125.24,Winter,0,77
2022-01-21,S003,P0001,Toys,East,324,58,0,15.87,10,Snowy,0,15.15,Winter,0,94
2022-01-21,S003,P0002,Groceries,East,396,92,0,53.88,10,Snowy,0,53.22,Winter,0,101
2022-01-21,S003,P0003,Electronics,East,134,120,128,106.04,0,Snowy,0,104.49,Winter,0,133
2022-01-21,S003,P0004,Groceries,East,652,109,0,24.97,0,Snowy,0,24.15,Winter,0,106
2022-01-21,S003,P0005,Toys,East,230,85,0,16.42,25,Snowy,1,19.36,Winter,0,85
2022-01-21,S003,P0006,Toys,East,241,50,0,31.65,10,Snowy,0,27.21,Winter,0,51
2022-01-21,S003,P0007,Groceries,East,814,78,0,15.8,10,Snowy,1,13.68,Winter,0,105
2022-01-21,S003,P0008,Clothing,East,153,153,0,124.75,10,Snowy,1,117.95,Winter,0,137
2022-01-21,S003,P0009,Groceries,East,110,73,105,47.74,20,Snowy,1,46.13,Winter,0,112
2022-01-21,S003,P0010,Groceries,East,104,87,84,32.59,10,Snowy,0,39.34,Winter,0,75
2022-01-21,S003,P0011,Electronics,East,184,35,0,106.46,0,Snowy,0,124.07,Winter,0,53
2022-01-21,S003,P0012,Furniture,East,293,69,0,97.75,0,Snowy,0,112.47,Winter,0,72
2022-01-21,S003,P0013,Groceries,East,495,64,0,56.63,15,Snowy,1,62.36,Winter,0,72
2022-01-21,S003,P0014,Groceries,East,319,146,0,117.62,0,Snowy,0,109.96,Winter,0,151
2022-01-21,S003,P0015,Groceries,East,221,102,0,112.12,0,Snowy,0,129.9,Winter,0,141
2022-01-21,S003,P0016,Electronics,East,223,65,0,87.8,10,Snowy,0,102.88,Winter,0,87
2022-01-21,S003,P0017,Furniture,East,451,72,0,105.13,15,Snowy,1,112.21,Winter,0,79
2022-01-21,S003,P0018,Furniture,East,398,86,0,134.0,5,Snowy,0,148.69,Winter,0,88
2022-01-21,S003,P0019,Groceries,East,66,66,139,59.2,15,Snowy,1,52.07,Winter,0,158
2022-01-21,S003,P0020,Clothing,East,807,38,0,65.83,0,Snowy,0,61.26,Winter,0,48
2022-01-21,S004,P0001,Groceries,West,651,89,0,12.44,5,Sunny,0,12.36,Winter,0,134
2022-01-21,S004,P0002,Groceries,West,302,52,0,18.35,0,Sunny,0,19.74,Winter,0,69
2022-01-21,S004,P0003,Furniture,West,144,56,0,145.4,0,Sunny,0,124.59,Winter,0,71
2022-01-21,S004,P0004,Groceries,West,252,82,0,48.41,0,Sunny,0,57.5,Winter,0,68
2022-01-21,S004,P0005,Clothing,West,127,117,127,76.26,10,Sunny,1,82.97,Winter,0,144
2022-01-21,S004,P0006,Groceries,West,235,102,0,41.53,5,Sunny,0,48.91,Winter,0,157
2022-01-21,S004,P0007,Groceries,West,631,177,823,37.73,15,Sunny,1,35.57,Winter,0,240
2022-01-21,S004,P0008,Furniture,West,124,32,0,74.87,15,Sunny,1,67.79,Winter,0,32
2022-01-21,S004,P0009,Clothing,West,92,92,0,97.51,25,Sunny,1,89.48,Winter,0,116
2022-01-21,S004,P0010,Groceries,West,105,94,0,26.78,0,Sunny,0,29.58,Winter,0,108
2022-01-21,S004,P0011,Clothing,West,329,131,0,56.98,10,Sunny,0,68.57,Winter,0,114
2022-01-21,S004,P0012,Electronics,West,75,75,125,121.4,0,Sunny,0,129.41,Winter,0,111
2022-01-21,S004,P0013,Groceries,West,52,52,0,22.9,15,Sunny,1,22.88,Winter,0,172
2022-01-21,S004,P0014,Furniture,West,153,90,200,180.83,10,Sunny,0,167.04,Winter,0,113
2022-01-21,S004,P0015,Furniture,West,233,80,0,91.09,10,Sunny,0,82.58,Winter,0,72
2022-01-21,S004,P0016,Furniture,West,125,96,0,127.81,0,Sunny,0,121.03,Winter,0,82
2022-01-21,S004,P0017,Clothing,West,220,220,236,101.14,25,Sunny,1,121.63,Winter,0,210
2022-01-21,S004,P0018,Furniture,West,118,61,61,153.64,5,Sunny,0,162.54,Winter,0,75
2022-01-21,S004,P0019,Clothing,West,184,77,0,44.06,20,Sunny,1,47.9,Winter,0,71
2022-01-21,S004,P0020,Furniture,West,145,60,0,114.74,10,Sunny,0,128.82,Winter,0,67
2022-01-21,S005,P0001,Groceries,North,385,98,0,11.83,5,Sunny,0,13.66,Winter,0,109
2022-01-21,S005,P0002,Electronics,North,559,66,0,36.9,10,Sunny,0,34.06,Winter,0,77
2022-01-21,S005,P0003,Toys,North,172,125,126,30.04,10,Sunny,0,28.29,Winter,0,109
2022-01-21,S005,P0004,Groceries,North,112,78,87,7.83,0,Sunny,0,6.68,Winter,0,88
2022-01-21,S005,P0005,Groceries,North,520,184,0,17.98,10,Sunny,1,21.29,Winter,0,166
2022-01-21,S005,P0006,Groceries,North,498,73,0,61.56,5,Sunny,0,53.25,Winter,0,108
2022-01-21,S005,P0007,Groceries,North,295,144,275,86.4,10,Sunny,1,95.31,Winter,0,149
2022-01-21,S005,P0008,Groceries,North,217,165,170,67.44,15,Sunny,1,74.29,Winter,0,178
2022-01-21,S005,P0009,Groceries,North,559,78,0,76.2,25,Sunny,1,72.86,Winter,0,100
2022-01-21,S005,P0010,Groceries,North,410,144,0,60.53,10,Sunny,0,69.97,Winter,0,136
2022-01-21,S005,P0011,Electronics,North,455,55,0,83.64,0,Sunny,0,72.93,Winter,0,91
2022-01-21,S005,P0012,Furniture,North,528,106,0,144.08,0,Sunny,0,161.79,Winter,0,106
2022-01-21,S005,P0013,Groceries,North,304,94,270,57.03,20,Sunny,1,60.59,Winter,0,85
2022-01-21,S005,P0014,Furniture,North,336,85,363,194.06,10,Sunny,0,165.53,Winter,0,141
2022-01-21,S005,P0015,Groceries,North,517,92,0,52.26,0,Sunny,0,45.5,Winter,0,95
2022-01-21,S005,P0016,Toys,North,335,75,304,38.49,5,Sunny,0,37.76,Winter,0,125
2022-01-21,S005,P0017,Toys,North,117,117,216,46.6,10,Sunny,1,55.3,Winter,0,208
2022-01-21,S005,P0018,Clothing,North,206,146,170,26.61,5,Sunny,0,23.08,Winter,0,162
2022-01-21,S005,P0019,Furniture,North,171,171,282,141.96,20,Sunny,1,153.11,Winter,0,151
2022-01-21,S005,P0020,Toys,North,115,79,103,34.16,0,Sunny,0,32.33,Winter,0,110
2022-01-22,S001,P0001,Electronics,North,196,87,181,77.18,0,Sunny,0,74.8,Winter,0,102
2022-01-22,S001,P0002,Clothing,North,116,116,193,66.93,25,Sunny,1,79.55,Winter,0,205
2022-01-22,S001,P0003,Clothing,North,275,133,1005,60.89,20,Sunny,1,67.18,Winter,0,210
2022-01-22,S001,P0004,Electronics,North,230,58,0,94.91,10,Sunny,1,112.64,Winter,0,88
2022-01-22,S001,P0005,Groceries,North,386,130,951,72.16,10,Sunny,1,79.81,Winter,0,205
2022-01-22,S001,P0006,Toys,North,542,105,0,49.18,0,Sunny,0,54.89,Winter,0,154
2022-01-22,S001,P0007,Groceries,North,242,120,0,24.37,5,Sunny,0,28.83,Winter,0,108
2022-01-22,S001,P0008,Electronics,North,96,74,134,45.83,10,Sunny,0,39.51,Winter,0,118
2022-01-22,S001,P0009,Clothing,North,226,123,0,87.09,5,Sunny,0,100.08,Winter,0,103
2022-01-22,S001,P0010,Furniture,North,655,57,0,117.89,10,Sunny,1,125.5,Winter,0,80
2022-01-22,S001,P0011,Furniture,North,281,92,0,166.96,0,Sunny,0,182.64,Winter,0,83
2022-01-22,S001,P0012,Groceries,North,228,109,0,83.05,10,Sunny,0,70.7,Winter,0,116
2022-01-22,S001,P0013,Toys,North,185,51,0,25.15,25,Sunny,1,21.51,Winter,0,83
2022-01-22,S001,P0014,Groceries,North,818,58,0,68.58,0,Sunny,0,62.99,Winter,0,66
2022-01-22,S001,P0015,Toys,North,103,103,128,14.62,25,Sunny,1,13.24,Winter,0,141
2022-01-22,S001,P0016,Groceries,North,173,173,640,49.32,10,Sunny,1,45.57,Winter,0,201
2022-01-22,S001,P0017,Toys,North,151,84,0,19.24,10,Sunny,0,22.94,Winter,0,77
2022-01-22,S001,P0018,Groceries,North,117,105,116,69.83,0,Sunny,0,61.27,Winter,0,126
2022-01-22,S001,P0019,Furniture,North,195,88,0,115.87,15,Sunny,1,128.8,Winter,0,133
2022-01-22,S001,P0020,Furniture,North,197,87,0,128.56,15,Sunny,1,113.54,Winter,0,132
2022-01-22,S002,P0001,Groceries,South,175,78,0,89.97,0,Cloudy,0,80.55,Winter,0,115
2022-01-22,S002,P0002,Toys,South,330,133,323,31.7,25,Cloudy,1,35.12,Winter,0,178
2022-01-22,S002,P0003,Groceries,South,315,101,302,71.35,15,Cloudy,1,84.44,Winter,0,109
2022-01-22,S002,P0004,Groceries,South,739,93,0,42.16,10,Cloudy,1,37.11,Winter,0,115
2022-01-22,S002,P0005,Electronics,South,523,140,391,89.78,15,Cloudy,1,81.22,Winter,0,120
2022-01-22,S002,P0006,Clothing,South,84,84,87,66.14,5,Cloudy,0,56.63,Winter,0,98
2022-01-22,S002,P0007,Toys,South,478,108,0,28.25,5,Cloudy,0,25.9,Winter,0,92
2022-01-22,S002,P0008,Groceries,South,223,64,0,23.86,10,Cloudy,0,23.45,Winter,0,91
2022-01-22,S002,P0009,Groceries,South,279,80,0,55.91,10,Cloudy,0,60.0,Winter,0,97
2022-01-22,S002,P0010,Groceries,South,176,159,140,86.81,20,Cloudy,1,91.96,Winter,0,165
2022-01-22,S002,P0011,Groceries,South,709,141,0,102.41,5,Cloudy,0,120.58,Winter,0,138
2022-01-22,S002,P0012,Electronics,South,425,88,454,75.17,0,Cloudy,0,65.59,Winter,0,106
2022-01-22,S002,P0013,Groceries,South,229,206,0,29.64,10,Cloudy,1,31.38,Winter,0,245
2022-01-22,S002,P0014,Electronics,South,1025,89,0,116.47,10,Cloudy,0,123.7,Winter,0,106
2022-01-22,S002,P0015,Clothing,South,364,197,0,67.26,25,Cloudy,1,72.55,Winter,0,187
2022-01-22,S002,P0016,Clothing,South,348,61,0,70.01,20,Cloudy,1,68.59,Winter,0,77
2022-01-22,S002,P0017,Toys,South,661,96,0,22.2,5,Cloudy,0,24.66,Winter,0,129
2022-01-22,S002,P0018,Clothing,South,74,74,110,29.56,10,Cloudy,0,27.68,Winter,0,132
2022-01-22,S002,P0019,Clothing,South,410,88,0,75.52,25,Cloudy,1,71.21,Winter,0,123
2022-01-22,S002,P0020,Furniture,South,217,90,405,136.22,15,Cloudy,1,164.78,Winter,0,140
2022-01-22,S003,P0001,Toys,East,266,64,0,15.04,5,Snowy,0,16.89,Winter,0,77
2022-01-22,S003,P0002,Groceries,East,304,163,0,56.88,15,Snowy,1,68.81,Winter,0,155
2022-01-22,S003,P0003,Electronics,East,142,142,204,108.39,15,Snowy,1,106.13,Winter,0,201
2022-01-22,S003,P0004,Groceries,East,543,94,0,21.22,10,Snowy,1,23.94,Winter,0,104
2022-01-22,S003,P0005,Toys,East,145,87,0,20.04,15,Snowy,1,19.86,Winter,0,91
2022-01-22,S003,P0006,Toys,East,191,52,0,30.75,10,Snowy,0,36.5,Winter,0,56
2022-01-22,S003,P0007,Groceries,East,736,155,788,21.18,0,Snowy,0,18.69,Winter,0,169
2022-01-22,S003,P0008,Clothing,East,272,129,188,117.03,10,Snowy,0,106.49,Winter,0,116
2022-01-22,S003,P0009,Groceries,East,142,63,0,47.28,5,Snowy,0,53.77,Winter,0,73
2022-01-22,S003,P0010,Groceries,East,101,101,156,44.1,10,Snowy,1,39.13,Winter,0,155
2022-01-22,S003,P0011,Electronics,East,149,69,206,122.32,0,Snowy,0,139.36,Winter,0,92
2022-01-22,S003,P0012,Furniture,East,224,81,146,94.34,5,Snowy,0,105.97,Winter,0,76
2022-01-22,S003,P0013,Groceries,East,431,68,0,61.15,10,Snowy,1,52.55,Winter,0,63
2022-01-22,S003,P0014,Groceries,East,173,128,0,98.72,0,Snowy,0,108.37,Winter,0,110
2022-01-22,S003,P0015,Groceries,East,119,119,0,120.71,10,Snowy,1,145.86,Winter,0,209
2022-01-22,S003,P0016,Electronics,East,513,78,0,84.05,25,Snowy,1,79.31,Winter,0,114
2022-01-22,S003,P0017,Furniture,East,379,68,358,133.81,5,Snowy,0,121.7,Winter,0,103
2022-01-22,S003,P0018,Furniture,East,312,92,0,141.63,5,Snowy,0,130.62,Winter,0,89
2022-01-22,S003,P0019,Groceries,East,139,91,144,51.9,20,Snowy,1,58.15,Winter,0,151
2022-01-22,S003,P0020,Clothing,East,769,90,0,61.39,15,Snowy,1,66.92,Winter,0,87
2022-01-22,S004,P0001,Groceries,West,562,109,0,10.85,10,Sunny,0,10.76,Winter,0,108
2022-01-22,S004,P0002,Groceries,West,250,121,191,18.71,15,Sunny,1,16.06,Winter,0,107
2022-01-22,S004,P0003,Furniture,West,267,72,359,127.81,20,Sunny,1,154.49,Winter,0,114
2022-01-22,S004,P0004,Groceries,West,170,128,0,49.53,20,Sunny,1,43.17,Winter,0,127
2022-01-22,S004,P0005,Clothing,West,137,137,228,82.88,15,Sunny,1,91.67,Winter,0,196
2022-01-22,S004,P0006,Groceries,West,607,80,0,34.38,10,Sunny,0,40.02,Winter,0,111
2022-01-22,S004,P0007,Groceries,West,454,71,0,26.86,10,Sunny,0,31.02,Winter,0,110
2022-01-22,S004,P0008,Furniture,West,92,83,59,93.27,5,Sunny,0,107.98,Winter,0,73
2022-01-22,S004,P0009,Clothing,West,370,60,0,99.29,10,Sunny,0,91.66,Winter,0,68
2022-01-22,S004,P0010,Groceries,West,613,122,0,24.92,15,Sunny,1,21.76,Winter,0,120
2022-01-22,S004,P0011,Clothing,West,929,54,0,49.27,10,Sunny,0,58.04,Winter,0,71
2022-01-22,S004,P0012,Electronics,West,125,84,91,114.26,5,Sunny,0,135.63,Winter,0,108
2022-01-22,S004,P0013,Groceries,West,436,113,0,24.96,10,Sunny,1,23.32,Winter,0,183
2022-01-22,S004,P0014,Furniture,West,63,63,0,169.37,5,Sunny,0,163.37,Winter,0,77
2022-01-22,S004,P0015,Furniture,West,153,110,398,93.64,20,Sunny,1,99.46,Winter,0,132
2022-01-22,S004,P0016,Furniture,West,29,29,0,109.36,15,Sunny,1,128.24,Winter,0,100
2022-01-22,S004,P0017,Clothing,West,236,195,173,116.09,10,Sunny,0,112.72,Winter,0,173
2022-01-22,S004,P0018,Furniture,West,118,29,0,138.43,10,Sunny,0,119.98,Winter,0,48
2022-01-22,S004,P0019,Clothing,West,107,37,50,41.25,20,Sunny,1,38.32,Winter,0,40
2022-01-22,S004,P0020,Furniture,West,264,104,0,131.26,10,Sunny,1,147.46,Winter,0,106
2022-01-22,S005,P0001,Groceries,North,287,88,0,11.69,5,Sunny,0,10.97,Winter,0,90
2022-01-22,S005,P0002,Electronics,North,493,90,0,38.4,20,Sunny,1,46.43,Winter,0,142
2022-01-22,S005,P0003,Toys,North,173,135,154,33.85,10,Sunny,1,28.81,Winter,0,149
2022-01-22,S005,P0004,Groceries,North,121,121,140,8.87,10,Sunny,1,8.72,Winter,0,163
2022-01-22,S005,P0005,Groceries,North,336,94,0,13.04,20,Sunny,1,14.06,Winter,0,97
2022-01-22,S005,P0006,Groceries,North,425,75,0,50.86,10,Sunny,0,56.02,Winter,0,83
2022-01-22,S005,P0007,Groceries,North,151,66,0,73.95,5,Sunny,0,67.77,Winter,0,68
2022-01-22,S005,P0008,Groceries,North,222,101,0,67.73,0,Sunny,0,72.08,Winter,0,122
2022-01-22,S005,P0009,Groceries,North,481,74,0,75.82,10,Sunny,0,88.68,Winter,0,61
2022-01-22,S005,P0010,Groceries,North,266,112,0,66.14,15,Sunny,1,59.55,Winter,0,170
2022-01-22,S005,P0011,Electronics,North,400,95,407,72.67,10,Sunny,0,77.26,Winter,0,96
2022-01-22,S005,P0012,Furniture,North,422,53,338,126.16,5,Sunny,0,152.35,Winter,0,82
2022-01-22,S005,P0013,Groceries,North,210,122,0,69.94,15,Sunny,1,81.4,Winter,0,130
2022-01-22,S005,P0014,Furniture,North,251,118,0,182.05,10,Sunny,0,218.44,Winter,0,136
2022-01-22,S005,P0015,Groceries,North,425,220,389,61.48,15,Sunny,1,60.55,Winter,0,210
2022-01-22,S005,P0016,Toys,North,260,127,0,34.21,20,Sunny,1,30.74,Winter,0,143
2022-01-22,S005,P0017,Toys,North,216,140,0,45.86,0,Sunny,0,42.41,Winter,0,142
2022-01-22,S005,P0018,Clothing,North,230,111,0,23.79,0,Sunny,0,27.66,Winter,0,123
2022-01-22,S005,P0019,Furniture,North,0,0,0,120.11,20,Sunny,1,140.09,Winter,0,96
2022-01-22,S005,P0020,Toys,North,139,108,186,34.08,15,Sunny,1,32.2,Winter,0,164
2022-01-23,S001,P0001,Electronics,North,109,109,276,70.74,15,Snowy,1,65.08,Winter,0,126
2022-01-23,S001,P0002,Clothing,North,193,149,123,65.74,10,Snowy,0,78.22,Winter,0,131
2022-01-23,S001,P0003,Clothing,North,719,151,0,69.49,0,Snowy,0,79.29,Winter,0,174
2022-01-23,S001,P0004,Electronics,North,172,58,0,95.11,0,Snowy,0,104.24,Winter,0,59
2022-01-23,S001,P0005,Groceries,North,256,57,0,47.15,10,Snowy,0,56.28,Winter,0,63
2022-01-23,S001,P0006,Toys,North,437,139,475,47.11,10,Snowy,1,46.17,Winter,0,158
2022-01-23,S001,P0007,Groceries,North,122,90,0,25.48,10,Snowy,1,25.22,Winter,0,123
2022-01-23,S001,P0008,Electronics,North,156,88,0,46.34,0,Snowy,0,52.99,Winter,0,105
2022-01-23,S001,P0009,Clothing,North,103,63,54,78.01,5,Snowy,0,68.27,Winter,0,58
2022-01-23,S001,P0010,Furniture,North,598,60,0,126.11,10,Snowy,1,125.78,Winter,0,85
2022-01-23,S001,P0011,Furniture,North,189,6,0,123.17,5,Snowy,0,108.28,Winter,0,7
2022-01-23,S001,P0012,Groceries,North,409,125,0,90.17,0,Snowy,0,104.27,Winter,0,125
2022-01-23,S001,P0013,Toys,North,134,35,0,27.66,10,Snowy,0,24.82,Winter,0,59
2022-01-23,S001,P0014,Groceries,North,760,149,0,85.37,5,Snowy,0,101.46,Winter,0,169
2022-01-23,S001,P0015,Toys,North,128,59,99,14.46,10,Snowy,1,17.23,Winter,0,95
2022-01-23,S001,P0016,Groceries,North,0,0,0,34.86,5,Snowy,0,36.88,Winter,0,81
2022-01-23,S001,P0017,Toys,North,67,67,104,17.71,20,Snowy,1,19.53,Winter,0,87
2022-01-23,S001,P0018,Groceries,North,128,71,96,51.41,20,Snowy,1,60.2,Winter,0,115
2022-01-23,S001,P0019,Furniture,North,107,53,56,103.47,10,Snowy,0,97.94,Winter,0,66
2022-01-23,S001,P0020,Furniture,North,556,44,0,105.88,0,Snowy,0,120.76,Winter,0,43
2022-01-23,S002,P0001,Groceries,South,97,97,685,82.73,25,Cloudy,1,99.08,Winter,0,207
2022-01-23,S002,P0002,Toys,South,197,66,0,30.15,10,Cloudy,0,29.74,Winter,0,83
2022-01-23,S002,P0003,Groceries,South,214,93,0,98.47,0,Cloudy,0,95.11,Winter,0,145
2022-01-23,S002,P0004,Groceries,South,646,154,0,52.06,0,Cloudy,0,46.72,Winter,0,150
2022-01-23,S002,P0005,Electronics,South,383,12,0,70.17,0,Cloudy,0,68.23,Winter,0,11
2022-01-23,S002,P0006,Clothing,South,87,83,100,56.51,15,Cloudy,1,59.66,Winter,0,99
2022-01-23,S002,P0007,Toys,South,370,126,319,27.82,10,Cloudy,1,29.54,Winter,0,120
2022-01-23,S002,P0008,Groceries,South,159,113,114,28.47,0,Cloudy,0,34.46,Winter,0,129
2022-01-23,S002,P0009,Groceries,South,199,55,142,56.08,5,Cloudy,0,55.9,Winter,0,68
2022-01-23,S002,P0010,Groceries,South,157,157,177,91.4,25,Cloudy,1,81.2,Winter,0,190
2022-01-23,S002,P0011,Groceries,South,568,137,0,99.09,5,Cloudy,0,111.87,Winter,0,127
2022-01-23,S002,P0012,Electronics,South,337,86,0,69.37,10,Cloudy,0,73.53,Winter,0,131
2022-01-23,S002,P0013,Groceries,South,23,23,0,25.94,0,Cloudy,0,29.33,Winter,0,149
2022-01-23,S002,P0014,Electronics,South,936,81,0,130.99,0,Cloudy,0,121.95,Winter,0,94
2022-01-23,S002,P0015,Clothing,South,167,167,703,84.07,15,Cloudy,1,77.58,Winter,0,206
2022-01-23,S002,P0016,Clothing,South,287,67,0,82.64,10,Cloudy,0,93.42,Winter,0,106
2022-01-23,S002,P0017,Toys,South,565,111,0,15.76,25,Cloudy,1,18.91,Winter,0,96
2022-01-23,S002,P0018,Clothing,South,110,72,84,22.39,20,Cloudy,1,20.34,Winter,0,82
2022-01-23,S002,P0019,Clothing,South,322,71,0,72.71,10,Cloudy,0,87.72,Winter,0,72
2022-01-23,S002,P0020,Furniture,South,127,63,0,125.0,5,Cloudy,0,120.63,Winter,0,64
2022-01-23,S003,P0001,Toys,East,202,84,156,12.01,25,Cloudy,1,13.19,Winter,0,81
2022-01-23,S003,P0002,Groceries,East,788,56,0,48.72,10,Cloudy,0,44.61,Winter,0,72
2022-01-23,S003,P0003,Electronics,East,204,81,0,82.32,10,Cloudy,0,73.35,Winter,0,86
2022-01-23,S003,P0004,Groceries,East,449,54,0,17.89,10,Cloudy,0,20.82,Winter,0,56
2022-01-23,S003,P0005,Toys,East,58,58,0,23.82,0,Cloudy,0,21.58,Winter,0,94
2022-01-23,S003,P0006,Toys,East,139,76,127,37.59,10,Cloudy,1,40.43,Winter,0,114
2022-01-23,S003,P0007,Groceries,East,581,153,0,17.93,15,Cloudy,1,16.58,Winter,0,168
2022-01-23,S003,P0008,Clothing,East,143,25,0,82.25,10,Cloudy,0,93.24,Winter,0,32
2022-01-23,S003,P0009,Groceries,East,79,38,51,46.97,0,Cloudy,0,56.39,Winter,0,57
2022-01-23,S003,P0010,Groceries,East,156,122,179,45.09,15,Cloudy,1,43.95,Winter,0,185
2022-01-23,S003,P0011,Electronics,East,80,56,0,128.27,0,Cloudy,0,112.88,Winter,0,91
2022-01-23,S003,P0012,Furniture,East,143,61,0,103.75,0,Cloudy,0,123.08,Winter,0,89
2022-01-23,S003,P0013,Groceries,East,363,107,639,77.4,5,Cloudy,0,91.14,Winter,0,134
2022-01-23,S003,P0014,Groceries,East,661,102,0,121.87,0,Cloudy,0,108.02,Winter,0,164
2022-01-23,S003,P0015,Groceries,East,787,114,0,101.13,15,Cloudy,1,88.13,Winter,0,144
2022-01-23,S003,P0016,Electronics,East,435,38,0,85.85,0,Cloudy,0,100.48,Winter,0,52
2022-01-23,S003,P0017,Furniture,East,311,33,0,97.33,10,Cloudy,1,115.9,Winter,0,44
2022-01-23,S003,P0018,Furniture,East,647,83,0,116.49,20,Cloudy,1,106.68,Winter,0,82
2022-01-23,S003,P0019,Groceries,East,192,87,0,54.53,10,Cloudy,0,54.4,Winter,0,111
2022-01-23,S003,P0020,Clothing,East,679,147,664,91.31,5,Cloudy,0,78.45,Winter,0,164
2022-01-23,S004,P0001,Groceries,West,453,160,629,11.74,20,Sunny,1,11.71,Winter,0,175
2022-01-23,S004,P0002,Groceries,West,129,129,380,26.09,5,Sunny,0,29.43,Winter,0,205
2022-01-23,S004,P0003,Furniture,West,195,79,0,135.9,10,Sunny,0,150.59,Winter,0,97
2022-01-23,S004,P0004,Groceries,West,412,135,427,58.52,10,Sunny,0,69.17,Winter,0,162
2022-01-23,S004,P0005,Clothing,West,228,89,0,71.95,5,Sunny,0,84.0,Winter,0,107
2022-01-23,S004,P0006,Groceries,West,527,123,0,35.46,15,Sunny,1,40.83,Winter,0,141
2022-01-23,S004,P0007,Groceries,West,383,110,0,25.02,15,Sunny,1,30.03,Winter,0,105
2022-01-23,S004,P0008,Furniture,West,68,68,125,100.61,10,Sunny,0,121.55,Winter,0,112
2022-01-23,S004,P0009,Clothing,West,310,85,255,120.55,0,Sunny,0,119.51,Winter,0,93
2022-01-23,S004,P0010,Groceries,West,491,128,785,27.13,15,Sunny,1,32.53,Winter,0,168
2022-01-23,S004,P0011,Clothing,West,875,77,0,53.62,10,Sunny,0,59.71,Winter,0,95
2022-01-23,S004,P0012,Electronics,West,132,67,82,115.45,5,Sunny,0,102.99,Winter,0,96
2022-01-23,S004,P0013,Groceries,West,984,163,0,26.34,5,Sunny,0,28.59,Winter,0,204
2022-01-23,S004,P0014,Furniture,West,200,78,175,171.22,0,Sunny,0,183.36,Winter,0,80
2022-01-23,S004,P0015,Furniture,West,264,117,0,94.21,20,Sunny,1,87.21,Winter,0,117
2022-01-23,S004,P0016,Furniture,West,385,30,0,89.02,10,Sunny,0,98.78,Winter,0,29
2022-01-23,S004,P0017,Clothing,West,214,185,139,108.57,10,Sunny,1,129.55,Winter,0,167
2022-01-23,S004,P0018,Furniture,West,89,89,107,135.78,25,Sunny,1,143.45,Winter,0,108
2022-01-23,S004,P0019,Clothing,West,120,120,124,68.69,0,Sunny,0,74.26,Winter,0,139
2022-01-23,S004,P0020,Furniture,West,160,49,132,131.44,0,Sunny,0,147.55,Winter,0,75
2022-01-23,S005,P0001,Groceries,North,199,49,0,8.15,25,Snowy,1,7.77,Winter,0,55
2022-01-23,S005,P0002,Electronics,North,403,91,0,35.78,10,Snowy,0,42.69,Winter,0,82
2022-01-23,S005,P0003,Toys,North,192,46,0,24.9,5,Snowy,0,23.36,Winter,0,42
2022-01-23,S005,P0004,Groceries,North,140,28,0,5.89,10,Snowy,0,5.72,Winter,0,40
2022-01-23,S005,P0005,Groceries,North,242,115,194,16.43,0,Snowy,0,17.56,Winter,0,100
2022-01-23,S005,P0006,Groceries,North,1054,54,0,42.62,25,Snowy,1,51.51,Winter,0,84
2022-01-23,S005,P0007,Groceries,North,360,208,540,106.83,10,Snowy,1,114.52,Winter,0,233
2022-01-23,S005,P0008,Groceries,North,121,88,112,70.42,0,Snowy,0,61.99,Winter,0,118
2022-01-23,S005,P0009,Groceries,North,407,31,0,83.26,0,Snowy,0,82.2,Winter,0,45
2022-01-23,S005,P0010,Groceries,North,645,126,0,50.99,25,Snowy,1,56.92,Winter,0,140
2022-01-23,S005,P0011,Electronics,North,305,69,0,73.57,0,Snowy,0,77.59,Winter,0,69
2022-01-23,S005,P0012,Furniture,North,369,74,0,125.85,5,Snowy,0,143.47,Winter,0,81
2022-01-23,S005,P0013,Groceries,North,88,76,0,67.04,0,Snowy,0,75.8,Winter,0,68
2022-01-23,S005,P0014,Furniture,North,133,42,0,160.64,0,Snowy,0,173.41,Winter,0,66
2022-01-23,S005,P0015,Groceries,North,205,157,0,44.63,20,Snowy,1,52.62,Winter,0,132
2022-01-23,S005,P0016,Toys,North,133,115,0,36.89,5,Snowy,0,32.07,Winter,0,111
2022-01-23,S005,P0017,Toys,North,76,75,101,36.79,10,Snowy,1,32.18,Winter,0,104
2022-01-23,S005,P0018,Clothing,North,119,58,0,14.84,25,Snowy,1,14.55,Winter,0,54
2022-01-23,S005,P0019,Furniture,North,282,109,0,141.76,5,Snowy,0,157.2,Winter,0,94
2022-01-23,S005,P0020,Toys,North,217,47,0,25.64,0,Snowy,0,28.54,Winter,0,44
2022-01-24,S001,P0001,Electronics,North,181,29,0,46.98,25,Snowy,1,45.06,Winter,0,44
2022-01-24,S001,P0002,Clothing,North,167,109,123,59.35,20,Snowy,1,69.35,Winter,0,136
2022-01-24,S001,P0003,Clothing,North,568,77,0,52.76,0,Snowy,0,57.23,Winter,0,83
2022-01-24,S001,P0004,Electronics,North,114,53,149,93.74,15,Snowy,1,82.35,Winter,0,86
2022-01-24,S001,P0005,Groceries,North,199,114,0,64.44,5,Snowy,0,59.17,Winter,0,124
2022-01-24,S001,P0006,Toys,North,298,52,0,38.24,5,Snowy,0,38.12,Winter,0,74
2022-01-24,S001,P0007,Groceries,North,32,32,0,20.68,10,Snowy,0,18.67,Winter,0,61
2022-01-24,S001,P0008,Electronics,North,68,51,62,38.56,10,Snowy,0,37.26,Winter,0,67
2022-01-24,S001,P0009,Clothing,North,94,94,131,92.95,10,Snowy,1,92.65,Winter,0,125
2022-01-24,S001,P0010,Furniture,North,538,47,0,124.28,0,Snowy,0,114.25,Winter,0,52
2022-01-24,S001,P0011,Furniture,North,183,77,185,149.4,10,Snowy,1,160.85,Winter,0,81
2022-01-24,S001,P0012,Groceries,North,284,97,269,94.92,5,Snowy,0,82.79,Winter,0,142
2022-01-24,S001,P0013,Toys,North,99,62,64,31.34,5,Snowy,0,26.93,Winter,0,78
2022-01-24,S001,P0014,Groceries,North,611,128,475,74.36,20,Snowy,1,81.27,Winter,0,182
2022-01-24,S001,P0015,Toys,North,168,103,95,15.03,10,Snowy,0,17.14,Winter,0,107
2022-01-24,S001,P0016,Groceries,North,248,69,0,36.2,10,Snowy,0,32.66,Winter,0,93
2022-01-24,S001,P0017,Toys,North,104,47,75,19.06,15,Snowy,1,18.32,Winter,0,76
2022-01-24,S001,P0018,Groceries,North,153,93,89,54.98,10,Snowy,0,65.44,Winter,0,100
2022-01-24,S001,P0019,Furniture,North,110,82,109,117.74,10,Snowy,0,115.54,Winter,0,103
2022-01-24,S001,P0020,Furniture,North,512,79,0,106.17,15,Snowy,1,114.46,Winter,0,88
2022-01-24,S002,P0001,Groceries,South,308,133,0,81.26,15,Cloudy,1,86.53,Winter,0,152
2022-01-24,S002,P0002,Toys,South,454,122,0,32.96,15,Cloudy,1,37.28,Winter,0,146
2022-01-24,S002,P0003,Groceries,South,121,121,507,93.48,5,Cloudy,0,104.81,Winter,0,163
2022-01-24,S002,P0004,Groceries,South,492,65,0,35.43,10,Cloudy,1,34.01,Winter,0,64
2022-01-24,S002,P0005,Electronics,South,371,13,0,68.37,0,Cloudy,0,80.93,Winter,0,17
2022-01-24,S002,P0006,Clothing,South,104,94,98,66.56,5,Cloudy,0,72.79,Winter,0,116
2022-01-24,S002,P0007,Toys,South,244,113,0,28.87,5,Cloudy,0,34.67,Winter,0,115
2022-01-24,S002,P0008,Groceries,South,160,69,0,24.25,5,Cloudy,0,28.76,Winter,0,95
2022-01-24,S002,P0009,Groceries,South,144,87,217,50.06,25,Cloudy,1,49.09,Winter,0,103
2022-01-24,S002,P0010,Groceries,South,177,147,131,106.17,0,Cloudy,0,99.76,Winter,0,139
2022-01-24,S002,P0011,Groceries,South,431,214,588,107.57,15,Cloudy,1,123.58,Winter,0,197
2022-01-24,S002,P0012,Electronics,South,251,105,0,69.92,0,Cloudy,0,79.98,Winter,0,100
2022-01-24,S002,P0013,Groceries,South,782,179,0,26.53,5,Cloudy,0,28.24,Winter,0,176
2022-01-24,S002,P0014,Electronics,South,855,175,0,138.36,10,Cloudy,1,164.22,Winter,0,165
2022-01-24,S002,P0015,Clothing,South,0,0,0,67.0,0,Cloudy,0,64.23,Winter,0,74
2022-01-24,S002,P0016,Clothing,South,220,158,268,94.34,10,Cloudy,0,86.48,Winter,0,133
2022-01-24,S002,P0017,Toys,South,454,109,0,17.76,25,Cloudy,1,15.28,Winter,0,117
2022-01-24,S002,P0018,Clothing,South,122,122,169,31.09,10,Cloudy,0,26.78,Winter,0,149
2022-01-24,S002,P0019,Clothing,South,251,173,0,98.71,5,Cloudy,0,107.53,Winter,0,151
2022-01-24,S002,P0020,Furniture,South,264,39,0,105.81,15,Cloudy,1,123.03,Winter,0,63
2022-01-24,S003,P0001,Toys,East,118,118,277,18.38,15,Cloudy,1,16.73,Winter,0,161
2022-01-24,S003,P0002,Groceries,East,732,151,0,51.38,20,Cloudy,1,61.32,Winter,0,141
2022-01-24,S003,P0003,Electronics,East,123,89,134,94.81,10,Cloudy,0,91.6,Winter,0,130
2022-01-24,S003,P0004,Groceries,East,395,128,0,21.7,15,Cloudy,1,19.13,Winter,0,113
2022-01-24,S003,P0005,Toys,East,572,82,0,20.52,5,Cloudy,0,22.87,Winter,0,81
2022-01-24,S003,P0006,Toys,East,190,37,0,32.14,10,Cloudy,0,30.63,Winter,0,55
2022-01-24,S003,P0007,Groceries,East,428,93,0,14.85,10,Cloudy,0,15.87,Winter,0,102
2022-01-24,S003,P0008,Clothing,East,306,90,280,131.62,5,Cloudy,0,128.33,Winter,0,137
2022-01-24,S003,P0009,Groceries,East,92,92,147,46.71,25,Cloudy,1,50.21,Winter,0,143
2022-01-24,S003,P0010,Groceries,East,213,123,0,39.61,10,Cloudy,0,39.49,Winter,0,118
2022-01-24,S003,P0011,Electronics,East,230,172,252,131.55,15,Cloudy,1,116.17,Winter,0,152
2022-01-24,S003,P0012,Furniture,East,228,67,0,99.41,5,Cloudy,0,92.93,Winter,0,76
2022-01-24,S003,P0013,Groceries,East,256,91,0,75.5,0,Cloudy,0,72.55,Winter,0,93
2022-01-24,S003,P0014,Groceries,East,559,108,0,82.72,15,Cloudy,1,74.21,Winter,0,90
2022-01-24,S003,P0015,Groceries,East,673,116,0,118.04,0,Cloudy,0,108.61,Winter,0,141
2022-01-24,S003,P0016,Electronics,East,397,101,0,93.51,5,Cloudy,0,111.62,Winter,0,90
2022-01-24,S003,P0017,Furniture,East,278,72,0,115.09,15,Cloudy,1,103.01,Winter,0,91
2022-01-24,S003,P0018,Furniture,East,564,21,0,114.65,0,Cloudy,0,135.92,Winter,0,33
2022-01-24,S003,P0019,Groceries,East,105,105,130,63.25,10,Cloudy,0,59.13,Winter,0,162
2022-01-24,S003,P0020,Clothing,East,532,69,0,50.74,25,Cloudy,1,56.12,Winter,0,68
2022-01-24,S004,P0001,Groceries,West,293,67,0,9.33,20,Sunny,1,8.31,Winter,0,98
2022-01-24,S004,P0002,Groceries,West,191,128,0,22.4,15,Sunny,1,20.67,Winter,0,169
2022-01-24,S004,P0003,Furniture,West,116,36,0,117.91,5,Sunny,0,142.38,Winter,0,43
2022-01-24,S004,P0004,Groceries,West,277,75,0,47.08,15,Sunny,1,56.55,Winter,0,107
2022-01-24,S004,P0005,Clothing,West,139,139,168,83.99,10,Sunny,0,99.36,Winter,0,179
2022-01-24,S004,P0006,Groceries,West,404,42,0,33.12,5,Sunny,0,28.29,Winter,0,69
2022-01-24,S004,P0007,Groceries,West,273,104,0,29.32,10,Sunny,0,33.75,Winter,0,139
2022-01-24,S004,P0008,Furniture,West,125,50,0,95.7,0,Sunny,0,103.5,Winter,0,66
2022-01-24,S004,P0009,Clothing,West,225,91,0,96.39,25,Sunny,1,91.73,Winter,0,113
2022-01-24,S004,P0010,Groceries,West,363,32,0,22.13,0,Sunny,0,25.95,Winter,0,53
2022-01-24,S004,P0011,Clothing,West,798,97,0,51.44,20,Sunny,1,60.13,Winter,0,119
2022-01-24,S004,P0012,Electronics,West,147,38,0,93.15,5,Sunny,0,80.53,Winter,0,38
2022-01-24,S004,P0013,Groceries,West,821,65,0,17.9,10,Sunny,0,21.02,Winter,0,88
2022-01-24,S004,P0014,Furniture,West,122,122,307,173.31,20,Sunny,1,202.32,Winter,0,156
2022-01-24,S004,P0015,Furniture,West,147,78,0,102.14,5,Sunny,0,94.86,Winter,0,89
2022-01-24,S004,P0016,Furniture,West,355,64,0,109.07,5,Sunny,0,98.15,Winter,0,53
2022-01-24,S004,P0017,Clothing,West,168,164,245,125.14,10,Sunny,1,132.08,Winter,0,223
2022-01-24,S004,P0018,Furniture,West,107,62,61,165.54,0,Sunny,0,165.5,Winter,0,67
2022-01-24,S004,P0019,Clothing,West,124,124,157,76.22,5,Sunny,0,72.25,Winter,0,176
2022-01-24,S004,P0020,Furniture,West,111,87,316,127.64,25,Sunny,1,120.29,Winter,0,140
2022-01-24,S005,P0001,Groceries,North,150,143,227,10.56,20,Snowy,1,11.89,Winter,0,128
2022-01-24,S005,P0002,Electronics,North,312,75,309,34.16,25,Snowy,1,30.39,Winter,0,108
2022-01-24,S005,P0003,Toys,North,146,49,64,25.17,5,Snowy,0,30.46,Winter,0,58
2022-01-24,S005,P0004,Groceries,North,112,76,123,7.05,15,Snowy,1,6.06,Winter,0,105
2022-01-24,S005,P0005,Groceries,North,127,84,0,13.89,10,Snowy,0,16.74,Winter,0,81
2022-01-24,S005,P0006,Groceries,North,1000,79,0,60.42,5,Snowy,0,54.08,Winter,0,102
2022-01-24,S005,P0007,Groceries,North,152,60,0,82.59,5,Snowy,0,77.95,Winter,0,100
2022-01-24,S005,P0008,Groceries,North,145,41,0,45.82,10,Snowy,0,54.25,Winter,0,41
2022-01-24,S005,P0009,Groceries,North,376,45,0,76.38,10,Snowy,1,85.27,Winter,0,63
2022-01-24,S005,P0010,Groceries,North,519,96,0,58.52,5,Snowy,0,64.54,Winter,0,107
2022-01-24,S005,P0011,Electronics,North,236,111,0,86.83,10,Snowy,1,81.62,Winter,0,137
2022-01-24,S005,P0012,Furniture,North,295,15,0,102.92,5,Snowy,0,93.93,Winter,0,17
2022-01-24,S005,P0013,Groceries,North,282,103,515,85.52,5,Snowy,0,77.32,Winter,0,143
2022-01-24,S005,P0014,Furniture,North,454,52,0,127.58,25,Snowy,1,143.83,Winter,0,82
2022-01-24,S005,P0015,Groceries,North,437,117,0,46.2,10,Snowy,0,54.4,Winter,0,105
2022-01-24,S005,P0016,Toys,North,322,63,0,32.66,10,Snowy,0,29.87,Winter,0,90
2022-01-24,S005,P0017,Toys,North,102,55,76,29.26,15,Snowy,1,32.99,Winter,0,69
2022-01-24,S005,P0018,Clothing,North,61,61,139,25.37,0,Snowy,0,27.72,Winter,0,144
2022-01-24,S005,P0019,Furniture,North,173,74,155,143.06,0,Snowy,0,121.9,Winter,0,67
2022-01-24,S005,P0020,Toys,North,170,100,119,28.59,20,Snowy,1,24.87,Winter,0,124
2022-01-25,S001,P0001,Electronics,North,428,55,0,60.18,10,Snowy,0,56.0,Winter,0,61
2022-01-25,S001,P0002,Clothing,North,181,67,0,68.43,0,Snowy,0,63.56,Winter,0,94
2022-01-25,S001,P0003,Clothing,North,491,96,0,48.38,15,Snowy,1,57.12,Winter,0,105
2022-01-25,S001,P0004,Electronics,North,61,61,227,115.22,0,Snowy,0,101.28,Winter,0,99
2022-01-25,S001,P0005,Groceries,North,599,40,0,47.24,5,Snowy,0,51.37,Winter,0,49
2022-01-25,S001,P0006,Toys,North,246,36,0,35.7,0,Snowy,0,38.61,Winter,0,56
2022-01-25,S001,P0007,Groceries,North,791,174,0,24.61,20,Snowy,1,23.91,Winter,0,151
2022-01-25,S001,P0008,Electronics,North,79,76,65,40.9,5,Snowy,0,37.85,Winter,0,68
2022-01-25,S001,P0009,Clothing,North,131,109,115,94.92,0,Snowy,0,84.53,Winter,0,98
2022-01-25,S001,P0010,Furniture,North,491,49,0,118.12,5,Snowy,0,133.17,Winter,0,66
2022-01-25,S001,P0011,Furniture,North,106,85,0,163.77,0,Snowy,0,194.09,Winter,0,77
2022-01-25,S001,P0012,Groceries,North,187,143,0,78.49,15,Snowy,1,87.63,Winter,0,133
2022-01-25,S001,P0013,Toys,North,101,101,159,34.97,20,Snowy,1,33.12,Winter,0,170
2022-01-25,S001,P0014,Groceries,North,483,80,0,72.67,0,Snowy,0,76.75,Winter,0,97
2022-01-25,S001,P0015,Toys,North,160,42,0,14.59,0,Snowy,0,15.38,Winter,0,67
2022-01-25,S001,P0016,Groceries,North,819,76,0,38.09,10,Snowy,0,34.83,Winter,0,109
2022-01-25,S001,P0017,Toys,North,132,71,124,23.58,5,Snowy,0,22.24,Winter,0,106
2022-01-25,S001,P0018,Groceries,North,149,94,93,54.76,10,Snowy,0,52.02,Winter,0,83
2022-01-25,S001,P0019,Furniture,North,137,98,79,100.26,15,Snowy,1,112.33,Winter,0,87
2022-01-25,S001,P0020,Furniture,North,433,34,0,98.24,10,Snowy,0,111.12,Winter,0,51
2022-01-25,S002,P0001,Groceries,South,175,17,0,60.58,0,Snowy,0,66.42,Winter,0,22
2022-01-25,S002,P0002,Toys,South,332,62,0,28.44,10,Snowy,0,32.93,Winter,0,81
2022-01-25,S002,P0003,Groceries,South,302,92,0,79.67,15,Snowy,1,70.14,Winter,0,128
2022-01-25,S002,P0004,Groceries,South,427,127,420,46.34,10,Snowy,0,41.44,Winter,0,146
2022-01-25,S002,P0005,Electronics,South,358,118,0,92.08,10,Snowy,0,86.19,Winter,0,110
2022-01-25,S002,P0006,Clothing,South,108,108,160,74.87,10,Snowy,0,64.58,Winter,0,157
2022-01-25,S002,P0007,Toys,South,131,67,0,22.8,25,Snowy,1,22.31,Winter,0,99
2022-01-25,S002,P0008,Groceries,South,91,91,143,25.05,10,Snowy,0,26.7,Winter,0,122
2022-01-25,S002,P0009,Groceries,South,199,63,0,58.31,5,Snowy,0,56.55,Winter,0,78
2022-01-25,S002,P0010,Groceries,South,161,47,0,76.91,5,Snowy,0,84.0,Winter,0,71
2022-01-25,S002,P0011,Groceries,South,217,50,0,89.74,0,Snowy,0,100.34,Winter,0,80
2022-01-25,S002,P0012,Electronics,South,146,34,0,55.5,10,Snowy,1,52.91,Winter,0,50
2022-01-25,S002,P0013,Groceries,South,603,140,0,18.74,25,Snowy,1,21.95,Winter,0,136
2022-01-25,S002,P0014,Electronics,South,680,53,0,111.7,10,Snowy,0,100.51,Winter,0,79
2022-01-25,S002,P0015,Clothing,South,701,5,0,43.13,10,Snowy,0,51.75,Winter,0,5
2022-01-25,S002,P0016,Clothing,South,62,62,0,88.11,0,Snowy,0,94.01,Winter,0,94
2022-01-25,S002,P0017,Toys,South,345,76,0,19.13,0,Snowy,0,22.87,Winter,0,69
2022-01-25,S002,P0018,Clothing,South,169,89,94,28.01,10,Snowy,0,24.89,Winter,0,114
2022-01-25,S002,P0019,Clothing,South,676,170,649,84.64,20,Snowy,1,98.06,Winter,0,158
2022-01-25,S002,P0020,Furniture,South,630,34,0,114.07,5,Snowy,0,112.26,Winter,0,41
2022-01-25,S003,P0001,Toys,East,156,136,0,18.13,5,Cloudy,0,18.09,Winter,0,118
2022-01-25,S003,P0002,Groceries,East,581,64,0,50.59,0,Cloudy,0,48.96,Winter,0,54
2022-01-25,S003,P0003,Electronics,East,168,168,164,97.41,20,Cloudy,1,90.33,Winter,0,183
2022-01-25,S003,P0004,Groceries,East,267,70,371,24.55,0,Cloudy,0,26.65,Winter,0,117
2022-01-25,S003,P0005,Toys,East,490,45,0,16.59,10,Cloudy,0,18.79,Winter,0,39
2022-01-25,S003,P0006,Toys,East,153,101,124,38.75,10,Cloudy,0,37.47,Winter,0,108
2022-01-25,S003,P0007,Groceries,East,335,54,0,12.65,15,Cloudy,1,11.16,Winter,0,58
2022-01-25,S003,P0008,Clothing,East,216,72,0,120.18,0,Cloudy,0,117.57,Winter,0,92
2022-01-25,S003,P0009,Groceries,East,147,30,0,40.78,10,Cloudy,0,46.32,Winter,0,48
2022-01-25,S003,P0010,Groceries,East,90,90,81,34.92,10,Cloudy,0,39.31,Winter,0,95
2022-01-25,S003,P0011,Electronics,East,58,58,439,144.28,10,Cloudy,0,171.55,Winter,0,184
2022-01-25,S003,P0012,Furniture,East,161,96,286,95.0,25,Cloudy,1,89.59,Winter,0,136
2022-01-25,S003,P0013,Groceries,East,165,143,0,75.36,20,Cloudy,1,73.82,Winter,0,167
2022-01-25,S003,P0014,Groceries,East,451,125,0,89.39,10,Cloudy,0,107.48,Winter,0,112
2022-01-25,S003,P0015,Groceries,East,557,115,0,92.24,10,Cloudy,0,101.19,Winter,0,112
2022-01-25,S003,P0016,Electronics,East,296,66,0,104.45,0,Cloudy,0,92.15,Winter,0,92
2022-01-25,S003,P0017,Furniture,East,206,95,0,128.03,0,Cloudy,0,143.16,Winter,0,89
2022-01-25,S003,P0018,Furniture,East,543,69,0,140.13,0,Cloudy,0,129.43,Winter,0,71
2022-01-25,S003,P0019,Groceries,East,130,119,148,54.94,15,Cloudy,1,61.45,Winter,0,150
2022-01-25,S003,P0020,Clothing,East,463,76,0,75.75,0,Cloudy,0,74.99,Winter,0,86
2022-01-25,S004,P0001,Groceries,West,226,169,0,12.68,0,Snowy,0,14.28,Winter,0,141
2022-01-25,S004,P0002,Groceries,West,443,72,0,20.05,0,Snowy,0,19.3,Winter,0,79
2022-01-25,S004,P0003,Furniture,West,439,112,307,121.98,25,Snowy,1,145.42,Winter,0,120
2022-01-25,S004,P0004,Groceries,West,202,185,0,57.99,10,Snowy,0,67.6,Winter,0,158
2022-01-25,S004,P0005,Clothing,West,168,120,0,74.58,0,Snowy,0,88.42,Winter,0,102
2022-01-25,S004,P0006,Groceries,West,362,140,0,36.92,5,Snowy,0,43.77,Winter,0,117
2022-01-25,S004,P0007,Groceries,West,992,95,0,28.07,10,Snowy,1,32.03,Winter,0,124
2022-01-25,S004,P0008,Furniture,West,75,75,93,100.22,0,Snowy,0,110.35,Winter,0,79
2022-01-25,S004,P0009,Clothing,West,134,58,0,108.07,0,Snowy,0,121.18,Winter,0,76
2022-01-25,S004,P0010,Groceries,West,331,101,0,25.06,0,Snowy,0,29.74,Winter,0,88
2022-01-25,S004,P0011,Clothing,West,701,95,0,69.15,0,Snowy,0,75.67,Winter,0,143
2022-01-25,S004,P0012,Electronics,West,109,109,121,109.05,20,Snowy,1,104.26,Winter,0,132
2022-01-25,S004,P0013,Groceries,West,756,67,0,18.42,10,Snowy,1,19.83,Winter,0,97
2022-01-25,S004,P0014,Furniture,West,175,44,0,167.49,0,Snowy,0,155.33,Winter,0,60
2022-01-25,S004,P0015,Furniture,West,467,51,0,94.49,5,Snowy,0,100.82,Winter,0,82
2022-01-25,S004,P0016,Furniture,West,291,81,0,118.47,5,Snowy,0,105.71,Winter,0,76
2022-01-25,S004,P0017,Clothing,West,249,71,0,100.83,5,Snowy,0,100.2,Winter,0,106
2022-01-25,S004,P0018,Furniture,West,106,23,0,136.57,0,Snowy,0,163.03,Winter,0,31
2022-01-25,S004,P0019,Clothing,West,157,157,175,60.8,20,Snowy,1,68.11,Winter,0,175
2022-01-25,S004,P0020,Furniture,West,156,14,0,94.16,10,Snowy,0,106.32,Winter,0,18
2022-01-25,S005,P0001,Groceries,North,7,7,291,13.5,0,Snowy,0,15.44,Winter,0,135
2022-01-25,S005,P0002,Electronics,North,237,98,0,42.02,5,Snowy,0,48.1,Winter,0,115
2022-01-25,S005,P0003,Toys,North,161,111,88,26.35,20,Snowy,1,22.47,Winter,0,105
2022-01-25,S005,P0004,Groceries,North,159,134,105,8.58,0,Snowy,0,7.64,Winter,0,116
2022-01-25,S005,P0005,Groceries,North,237,88,178,16.56,0,Snowy,0,18.78,Winter,0,102
2022-01-25,S005,P0006,Groceries,North,921,27,0,42.01,10,Snowy,0,46.28,Winter,0,33
2022-01-25,S005,P0007,Groceries,North,632,137,0,93.06,10,Snowy,1,99.05,Winter,0,176
2022-01-25,S005,P0008,Groceries,North,104,104,123,58.36,10,Snowy,0,68.44,Winter,0,108
2022-01-25,S005,P0009,Groceries,North,331,52,0,82.22,5,Snowy,0,80.66,Winter,0,55
2022-01-25,S005,P0010,Groceries,North,423,94,0,58.82,5,Snowy,0,55.07,Winter,0,93
2022-01-25,S005,P0011,Electronics,North,125,96,0,88.98,0,Snowy,0,80.09,Winter,0,110
2022-01-25,S005,P0012,Furniture,North,280,105,0,132.24,15,Snowy,1,118.76,Winter,0,114
2022-01-25,S005,P0013,Groceries,North,179,121,0,77.63,15,Snowy,1,70.23,Winter,0,148
2022-01-25,S005,P0014,Furniture,North,402,83,0,164.7,5,Snowy,0,162.15,Winter,0,73
2022-01-25,S005,P0015,Groceries,North,320,67,0,49.7,10,Snowy,0,42.63,Winter,0,112
2022-01-25,S005,P0016,Toys,North,259,87,290,35.63,5,Snowy,0,40.77,Winter,0,116
2022-01-25,S005,P0017,Toys,North,123,69,64,35.55,0,Snowy,0,34.97,Winter,0,64
2022-01-25,S005,P0018,Clothing,North,139,108,90,24.22,0,Snowy,0,21.79,Winter,0,112
2022-01-25,S005,P0019,Furniture,North,99,56,0,122.46,15,Snowy,1,115.67,Winter,0,69
2022-01-25,S005,P0020,Toys,North,189,67,0,29.41,5,Snowy,0,27.69,Winter,0,80
2022-01-26,S001,P0001,Electronics,North,373,147,331,68.86,25,Cloudy,1,61.97,Winter,0,160
2022-01-26,S001,P0002,Clothing,North,114,84,90,60.34,5,Cloudy,0,70.55,Winter,0,87
2022-01-26,S001,P0003,Clothing,North,1400,151,0,66.17,5,Cloudy,0,65.11,Winter,0,156
2022-01-26,S001,P0004,Electronics,North,149,149,0,125.84,5,Cloudy,0,109.15,Winter,0,144
2022-01-26,S001,P0005,Groceries,North,1510,180,0,73.21,0,Cloudy,0,69.7,Winter,0,150
2022-01-26,S001,P0006,Toys,North,685,104,0,40.07,15,Cloudy,1,42.7,Winter,0,139
2022-01-26,S001,P0007,Groceries,North,617,76,0,22.33,10,Cloudy,0,19.62,Winter,0,82
2022-01-26,S001,P0008,Electronics,North,68,68,130,44.73,10,Cloudy,0,42.7,Winter,0,111
2022-01-26,S001,P0009,Clothing,North,137,71,119,85.52,10,Cloudy,0,102.14,Winter,0,115
2022-01-26,S001,P0010,Furniture,North,442,35,0,111.29,5,Cloudy,0,133.68,Winter,0,50
2022-01-26,S001,P0011,Furniture,North,206,128,219,143.56,25,Cloudy,1,139.4,Winter,0,108
2022-01-26,S001,P0012,Groceries,North,313,101,293,92.17,10,Cloudy,1,87.64,Winter,0,151
2022-01-26,S001,P0013,Toys,North,159,73,0,34.25,0,Cloudy,0,29.8,Winter,0,89
2022-01-26,S001,P0014,Groceries,North,403,107,0,71.35,10,Cloudy,1,61.87,Winter,0,108
2022-01-26,S001,P0015,Toys,North,118,57,62,15.06,0,Cloudy,0,12.81,Winter,0,62
2022-01-26,S001,P0016,Groceries,North,743,126,0,40.09,10,Cloudy,0,47.15,Winter,0,143
2022-01-26,S001,P0017,Toys,North,185,45,0,21.68,0,Cloudy,0,21.33,Winter,0,66
2022-01-26,S001,P0018,Groceries,North,148,148,291,92.72,10,Cloudy,1,85.46,Winter,0,283
2022-01-26,S001,P0019,Furniture,North,118,46,0,96.94,10,Cloudy,1,87.37,Winter,0,49
2022-01-26,S001,P0020,Furniture,North,399,98,0,116.71,5,Cloudy,0,138.13,Winter,0,83
2022-01-26,S002,P0001,Groceries,South,843,111,0,68.25,15,Snowy,1,79.16,Winter,0,95
2022-01-26,S002,P0002,Toys,South,270,59,0,26.98,10,Snowy,0,31.25,Winter,0,67
2022-01-26,S002,P0003,Groceries,South,210,100,0,93.49,0,Snowy,0,102.39,Winter,0,145
2022-01-26,S002,P0004,Groceries,South,300,94,0,43.44,0,Snowy,0,42.11,Winter,0,91
2022-01-26,S002,P0005,Electronics,South,631,34,0,84.96,0,Snowy,0,75.58,Winter,0,57
2022-01-26,S002,P0006,Clothing,South,160,128,125,67.8,10,Snowy,1,65.18,Winter,0,122
2022-01-26,S002,P0007,Toys,South,383,99,0,24.88,10,Snowy,0,27.37,Winter,0,86
2022-01-26,S002,P0008,Groceries,South,143,47,0,22.24,5,Snowy,0,19.74,Winter,0,56
2022-01-26,S002,P0009,Groceries,South,353,61,0,59.35,5,Snowy,0,55.97,Winter,0,83
2022-01-26,S002,P0010,Groceries,South,114,57,69,75.44,10,Snowy,0,66.92,Winter,0,67
2022-01-26,S002,P0011,Groceries,South,167,148,0,89.77,20,Snowy,1,77.09,Winter,0,134
2022-01-26,S002,P0012,Electronics,South,566,126,0,53.46,25,Snowy,1,63.28,Winter,0,106
2022-01-26,S002,P0013,Groceries,South,463,171,408,26.16,0,Snowy,0,30.8,Winter,0,152
2022-01-26,S002,P0014,Electronics,South,627,94,0,107.38,20,Snowy,1,102.13,Winter,0,102
2022-01-26,S002,P0015,Clothing,South,696,64,0,69.81,0,Snowy,0,81.67,Winter,0,101
2022-01-26,S002,P0016,Clothing,South,268,67,0,73.78,10,Snowy,0,68.72,Winter,0,59
2022-01-26,S002,P0017,Toys,South,269,35,0,16.3,5,Snowy,0,18.97,Winter,0,41
2022-01-26,S002,P0018,Clothing,South,174,156,163,26.89,15,Snowy,1,30.26,Winter,0,136
2022-01-26,S002,P0019,Clothing,South,506,84,0,72.59,15,Snowy,1,84.71,Winter,0,88
2022-01-26,S002,P0020,Furniture,South,596,79,0,116.66,10,Snowy,0,134.74,Winter,0,74
2022-01-26,S003,P0001,Toys,East,297,103,0,14.21,20,Snowy,1,16.28,Winter,0,112
2022-01-26,S003,P0002,Groceries,East,517,86,0,64.53,0,Snowy,0,61.83,Winter,0,125
2022-01-26,S003,P0003,Electronics,East,164,164,160,116.25,0,Snowy,0,126.68,Winter,0,185
2022-01-26,S003,P0004,Groceries,East,197,82,0,24.64,10,Snowy,0,21.51,Winter,0,136
2022-01-26,S003,P0005,Toys,East,445,66,468,23.07,5,Snowy,0,20.96,Winter,0,100
2022-01-26,S003,P0006,Toys,East,176,100,123,34.01,20,Snowy,1,32.31,Winter,0,104
2022-01-26,S003,P0007,Groceries,East,1069,56,0,15.44,5,Snowy,0,15.24,Winter,0,82
2022-01-26,S003,P0008,Clothing,East,424,69,0,112.71,5,Snowy,0,99.63,Winter,0,88
2022-01-26,S003,P0009,Groceries,East,117,117,111,58.09,0,Snowy,0,62.12,Winter,0,120
2022-01-26,S003,P0010,Groceries,East,81,81,127,40.93,5,Snowy,0,47.55,Winter,0,128
2022-01-26,S003,P0011,Electronics,East,252,96,0,119.62,10,Snowy,1,143.56,Winter,0,118
2022-01-26,S003,P0012,Furniture,East,65,65,0,81.33,20,Snowy,1,88.71,Winter,0,83
2022-01-26,S003,P0013,Groceries,East,22,22,0,81.35,5,Snowy,0,76.85,Winter,0,133
2022-01-26,S003,P0014,Groceries,East,326,146,454,100.91,10,Snowy,1,100.45,Winter,0,134
2022-01-26,S003,P0015,Groceries,East,442,75,0,90.14,5,Snowy,0,103.09,Winter,0,88
2022-01-26,S003,P0016,Electronics,East,230,69,0,92.4,5,Snowy,0,89.66,Winter,0,72
2022-01-26,S003,P0017,Furniture,East,469,44,0,101.57,10,Snowy,0,121.48,Winter,0,54
2022-01-26,S003,P0018,Furniture,East,474,75,446,150.5,10,Snowy,1,136.89,Winter,0,125
2022-01-26,S003,P0019,Groceries,East,159,159,142,59.82,15,Snowy,1,53.88,Winter,0,162
2022-01-26,S003,P0020,Clothing,East,387,109,0,87.69,5,Snowy,0,75.44,Winter,0,149
2022-01-26,S004,P0001,Groceries,West,57,57,0,11.18,15,Cloudy,1,10.85,Winter,0,136
2022-01-26,S004,P0002,Groceries,West,371,118,0,22.48,0,Cloudy,0,19.6,Winter,0,114
2022-01-26,S004,P0003,Furniture,West,327,48,0,133.23,5,Cloudy,0,119.58,Winter,0,61
2022-01-26,S004,P0004,Groceries,West,444,27,0,38.58,10,Cloudy,0,43.4,Winter,0,37
2022-01-26,S004,P0005,Clothing,West,48,48,191,81.27,10,Cloudy,0,93.76,Winter,0,167
2022-01-26,S004,P0006,Groceries,West,222,145,253,35.83,15,Cloudy,1,35.29,Winter,0,127
2022-01-26,S004,P0007,Groceries,West,897,85,0,29.34,0,Cloudy,0,33.07,Winter,0,104
2022-01-26,S004,P0008,Furniture,West,93,77,59,90.62,5,Cloudy,0,102.74,Winter,0,65
2022-01-26,S004,P0009,Clothing,West,331,41,0,104.3,0,Cloudy,0,90.63,Winter,0,53
2022-01-26,S004,P0010,Groceries,West,230,85,0,21.5,10,Cloudy,0,25.46,Winter,0,74
2022-01-26,S004,P0011,Clothing,West,606,93,627,54.19,25,Cloudy,1,47.36,Winter,0,140
2022-01-26,S004,P0012,Electronics,West,121,102,86,97.44,20,Cloudy,1,87.42,Winter,0,96
2022-01-26,S004,P0013,Groceries,West,689,62,0,17.57,10,Cloudy,0,20.41,Winter,0,83
2022-01-26,S004,P0014,Furniture,West,438,140,0,162.48,25,Cloudy,1,140.48,Winter,0,138
2022-01-26,S004,P0015,Furniture,West,416,66,0,82.66,10,Cloudy,0,89.25,Winter,0,60
2022-01-26,S004,P0016,Furniture,West,210,36,148,105.33,5,Cloudy,0,110.92,Winter,0,58
2022-01-26,S004,P0017,Clothing,West,178,116,129,114.89,0,Cloudy,0,135.48,Winter,0,149
2022-01-26,S004,P0018,Furniture,West,83,83,112,139.42,25,Cloudy,1,129.98,Winter,0,100
2022-01-26,S004,P0019,Clothing,West,175,99,120,67.11,10,Cloudy,1,57.59,Winter,0,149
2022-01-26,S004,P0020,Furniture,West,458,87,0,126.46,5,Cloudy,0,148.65,Winter,0,79
2022-01-26,S005,P0001,Groceries,North,227,190,0,11.76,25,Cloudy,1,13.1,Winter,0,190
2022-01-26,S005,P0002,Electronics,North,139,108,0,38.85,10,Cloudy,0,37.48,Winter,0,92
2022-01-26,S005,P0003,Toys,North,138,94,99,26.8,10,Cloudy,0,31.09,Winter,0,90
2022-01-26,S005,P0004,Groceries,North,130,130,122,7.72,10,Cloudy,0,6.84,Winter,0,116
2022-01-26,S005,P0005,Groceries,North,149,64,0,14.67,0,Cloudy,0,15.86,Winter,0,67
2022-01-26,S005,P0006,Groceries,North,894,169,0,58.52,15,Cloudy,1,66.23,Winter,0,145
2022-01-26,S005,P0007,Groceries,North,495,217,0,111.49,0,Cloudy,0,109.88,Winter,0,186
2022-01-26,S005,P0008,Groceries,North,123,63,79,56.71,0,Cloudy,0,62.64,Winter,0,69
2022-01-26,S005,P0009,Groceries,North,279,61,351,96.44,5,Cloudy,0,95.95,Winter,0,100
2022-01-26,S005,P0010,Groceries,North,329,108,266,56.83,5,Cloudy,0,62.95,Winter,0,98
2022-01-26,S005,P0011,Electronics,North,436,102,590,83.21,10,Cloudy,1,77.7,Winter,0,123
2022-01-26,S005,P0012,Furniture,North,513,108,427,116.22,20,Cloudy,1,126.36,Winter,0,109
2022-01-26,S005,P0013,Groceries,North,58,36,0,55.92,10,Cloudy,0,53.34,Winter,0,35
2022-01-26,S005,P0014,Furniture,North,319,76,259,145.11,25,Cloudy,1,137.36,Winter,0,105
2022-01-26,S005,P0015,Groceries,North,253,62,0,44.41,10,Cloudy,0,40.18,Winter,0,78
2022-01-26,S005,P0016,Toys,North,172,64,0,31.54,0,Cloudy,0,33.42,Winter,0,65
2022-01-26,S005,P0017,Toys,North,118,104,86,33.01,10,Cloudy,0,39.8,Winter,0,87
2022-01-26,S005,P0018,Clothing,North,121,121,170,21.26,20,Cloudy,1,23.8,Winter,0,161
2022-01-26,S005,P0019,Furniture,North,198,112,244,145.7,10,Cloudy,1,127.67,Winter,0,103
2022-01-26,S005,P0020,Toys,North,122,75,70,29.32,0,Cloudy,0,32.28,Winter,0,79
2022-01-27,S001,P0001,Electronics,North,226,93,0,62.8,10,Cloudy,0,70.46,Winter,0,87
2022-01-27,S001,P0002,Clothing,North,120,82,102,63.78,10,Cloudy,0,56.32,Winter,0,105
2022-01-27,S001,P0003,Clothing,North,1249,115,0,54.81,10,Cloudy,0,61.47,Winter,0,127
2022-01-27,S001,P0004,Electronics,North,227,76,0,97.85,5,Cloudy,0,105.6,Winter,0,81
2022-01-27,S001,P0005,Groceries,North,1330,58,0,50.5,5,Cloudy,0,60.92,Winter,0,67
2022-01-27,S001,P0006,Toys,North,581,108,0,49.36,10,Cloudy,1,45.38,Winter,0,175
2022-01-27,S001,P0007,Groceries,North,541,175,677,28.59,10,Cloudy,1,24.78,Winter,0,163
2022-01-27,S001,P0008,Electronics,North,130,130,110,41.73,20,Cloudy,1,37.16,Winter,0,126
2022-01-27,S001,P0009,Clothing,North,185,102,130,98.54,0,Cloudy,0,91.44,Winter,0,110
2022-01-27,S001,P0010,Furniture,North,407,55,350,135.31,5,Cloudy,0,115.29,Winter,0,90
2022-01-27,S001,P0011,Furniture,North,78,78,0,168.01,0,Cloudy,0,198.98,Winter,0,84
2022-01-27,S001,P0012,Groceries,North,212,60,0,77.5,0,Cloudy,0,71.87,Winter,0,65
2022-01-27,S001,P0013,Toys,North,86,82,130,29.74,20,Cloudy,1,34.43,Winter,0,131
2022-01-27,S001,P0014,Groceries,North,771,129,0,79.24,0,Cloudy,0,70.57,Winter,0,108
2022-01-27,S001,P0015,Toys,North,123,75,112,15.67,10,Cloudy,1,17.3,Winter,0,120
2022-01-27,S001,P0016,Groceries,North,617,208,485,40.92,20,Cloudy,1,44.95,Winter,0,194
2022-01-27,S001,P0017,Toys,North,140,51,0,18.97,5,Cloudy,0,22.12,Winter,0,58
2022-01-27,S001,P0018,Groceries,North,291,121,0,59.33,10,Cloudy,0,56.52,Winter,0,107
2022-01-27,S001,P0019,Furniture,North,72,72,79,103.59,10,Cloudy,1,109.38,Winter,0,80
2022-01-27,S001,P0020,Furniture,North,301,90,336,125.02,5,Cloudy,0,111.09,Winter,0,88
2022-01-27,S002,P0001,Groceries,South,732,91,0,72.01,10,Cloudy,0,85.94,Winter,0,94
2022-01-27,S002,P0002,Toys,South,211,55,177,28.48,10,Cloudy,0,31.47,Winter,0,82
2022-01-27,S002,P0003,Groceries,South,617,117,0,80.61,10,Cloudy,0,86.97,Winter,0,130
2022-01-27,S002,P0004,Groceries,South,206,30,0,35.39,0,Cloudy,0,35.0,Winter,0,36
2022-01-27,S002,P0005,Electronics,South,597,30,0,74.35,5,Cloudy,0,88.55,Winter,0,49
2022-01-27,S002,P0006,Clothing,South,157,132,168,58.08,25,Cloudy,1,61.49,Winter,0,149
2022-01-27,S002,P0007,Toys,South,284,67,178,24.58,10,Cloudy,1,22.28,Winter,0,68
2022-01-27,S002,P0008,Groceries,South,96,96,150,23.21,20,Cloudy,1,26.64,Winter,0,136
2022-01-27,S002,P0009,Groceries,South,292,71,0,59.7,0,Cloudy,0,69.03,Winter,0,85
2022-01-27,S002,P0010,Groceries,South,126,97,69,76.47,10,Cloudy,0,91.77,Winter,0,85
2022-01-27,S002,P0011,Groceries,South,607,133,0,95.98,5,Cloudy,0,110.84,Winter,0,116
2022-01-27,S002,P0012,Electronics,South,440,114,307,68.83,5,Cloudy,0,58.96,Winter,0,95
2022-01-27,S002,P0013,Groceries,South,292,60,0,17.91,10,Cloudy,1,16.42,Winter,0,53
2022-01-27,S002,P0014,Electronics,South,533,73,0,125.92,0,Cloudy,0,147.34,Winter,0,98
2022-01-27,S002,P0015,Clothing,South,1335,153,0,70.12,15,Cloudy,1,60.34,Winter,0,138
2022-01-27,S002,P0016,Clothing,South,201,130,414,98.71,20,Cloudy,1,103.99,Winter,0,213
2022-01-27,S002,P0017,Toys,South,234,59,279,20.91,5,Cloudy,0,20.87,Winter,0,94
2022-01-27,S002,P0018,Clothing,South,181,115,0,30.87,0,Cloudy,0,30.74,Winter,0,112
2022-01-27,S002,P0019,Clothing,South,422,78,0,70.66,25,Cloudy,1,69.58,Winter,0,102
2022-01-27,S002,P0020,Furniture,South,517,60,0,134.53,5,Cloudy,0,128.21,Winter,0,85
2022-01-27,S003,P0001,Toys,East,194,48,0,14.5,5,Snowy,0,13.79,Winter,0,54
2022-01-27,S003,P0002,Groceries,East,431,114,397,54.47,10,Snowy,0,65.28,Winter,0,121
2022-01-27,S003,P0003,Electronics,East,160,80,109,94.37,0,Snowy,0,82.14,Winter,0,95
2022-01-27,S003,P0004,Groceries,East,115,83,0,26.51,0,Snowy,0,23.11,Winter,0,125
2022-01-27,S003,P0005,Toys,East,379,89,0,27.98,0,Snowy,0,26.69,Winter,0,147
2022-01-27,S003,P0006,Toys,East,199,86,0,34.69,15,Snowy,1,31.22,Winter,0,92
2022-01-27,S003,P0007,Groceries,East,1013,110,0,14.61,25,Snowy,1,16.98,Winter,0,157
2022-01-27,S003,P0008,Clothing,East,355,131,305,114.0,20,Snowy,1,97.5,Winter,0,147
2022-01-27,S003,P0009,Groceries,East,111,37,0,40.94,5,Snowy,0,45.7,Winter,0,36
2022-01-27,S003,P0010,Groceries,East,127,95,107,40.72,0,Snowy,0,49.25,Winter,0,110
2022-01-27,S003,P0011,Electronics,East,595,42,0,102.63,5,Snowy,0,94.12,Winter,0,44
2022-01-27,S003,P0012,Furniture,East,286,68,0,88.75,10,Snowy,0,83.91,Winter,0,60
2022-01-27,S003,P0013,Groceries,East,639,117,632,77.42,15,Snowy,1,85.07,Winter,0,174
2022-01-27,S003,P0014,Groceries,East,180,145,0,111.18,0,Snowy,0,131.78,Winter,0,149
2022-01-27,S003,P0015,Groceries,East,367,159,785,99.84,25,Snowy,1,116.33,Winter,0,206
2022-01-27,S003,P0016,Electronics,East,161,120,223,94.83,10,Snowy,1,109.34,Winter,0,111
2022-01-27,S003,P0017,Furniture,East,425,48,0,95.82,10,Snowy,0,108.25,Winter,0,40
2022-01-27,S003,P0018,Furniture,East,399,71,0,131.32,5,Snowy,0,152.78,Winter,0,82
2022-01-27,S003,P0019,Groceries,East,142,142,200,66.24,20,Snowy,1,63.63,Winter,0,227
2022-01-27,S003,P0020,Clothing,East,942,171,0,94.9,5,Snowy,0,92.7,Winter,0,178
2022-01-27,S004,P0001,Groceries,West,629,126,0,10.63,10,Snowy,0,11.87,Winter,0,117
2022-01-27,S004,P0002,Groceries,West,253,109,0,20.4,5,Snowy,0,19.31,Winter,0,100
2022-01-27,S004,P0003,Furniture,West,279,65,0,130.48,0,Snowy,0,150.58,Winter,0,56
2022-01-27,S004,P0004,Groceries,West,417,94,408,59.62,0,Snowy,0,52.43,Winter,0,114
2022-01-27,S004,P0005,Clothing,West,191,60,0,73.97,0,Snowy,0,80.71,Winter,0,99
2022-01-27,S004,P0006,Groceries,West,77,77,0,26.48,25,Snowy,1,30.86,Winter,0,88
2022-01-27,S004,P0007,Groceries,West,812,83,0,22.78,25,Snowy,1,24.11,Winter,0,115
2022-01-27,S004,P0008,Furniture,West,75,75,80,90.08,20,Snowy,1,76.65,Winter,0,98
2022-01-27,S004,P0009,Clothing,West,290,25,0,82.89,10,Snowy,0,81.09,Winter,0,23
2022-01-27,S004,P0010,Groceries,West,930,106,0,29.8,0,Snowy,0,26.9,Winter,0,125
2022-01-27,S004,P0011,Clothing,West,513,78,0,62.37,0,Snowy,0,60.21,Winter,0,93
2022-01-27,S004,P0012,Electronics,West,105,105,117,118.16,0,Snowy,0,130.69,Winter,0,103
2022-01-27,S004,P0013,Groceries,West,627,207,638,24.94,15,Snowy,1,26.78,Winter,0,227
2022-01-27,S004,P0014,Furniture,West,298,66,0,152.88,5,Snowy,0,169.47,Winter,0,63
2022-01-27,S004,P0015,Furniture,West,350,70,0,73.51,25,Snowy,1,87.16,Winter,0,77
2022-01-27,S004,P0016,Furniture,West,174,115,526,112.83,25,Snowy,1,130.59,Winter,0,151
2022-01-27,S004,P0017,Clothing,West,191,90,0,106.27,0,Snowy,0,104.04,Winter,0,106
2022-01-27,S004,P0018,Furniture,West,112,112,101,168.01,10,Snowy,0,201.73,Winter,0,118
2022-01-27,S004,P0019,Clothing,West,196,73,0,49.45,15,Snowy,1,55.82,Winter,0,86
2022-01-27,S004,P0020,Furniture,West,371,23,0,99.01,10,Snowy,0,115.52,Winter,0,30
2022-01-27,S005,P0001,Groceries,North,328,85,0,11.94,5,Cloudy,0,11.78,Winter,0,96
2022-01-27,S005,P0002,Electronics,North,340,101,0,36.36,10,Cloudy,0,40.26,Winter,0,87
2022-01-27,S005,P0003,Toys,North,143,55,72,29.18,0,Cloudy,0,27.37,Winter,0,70
2022-01-27,S005,P0004,Groceries,North,122,113,83,8.02,0,Cloudy,0,7.86,Winter,0,95
2022-01-27,S005,P0005,Groceries,North,263,92,0,17.05,0,Cloudy,0,14.57,Winter,0,96
2022-01-27,S005,P0006,Groceries,North,725,88,0,50.68,20,Cloudy,1,58.35,Winter,0,117
2022-01-27,S005,P0007,Groceries,North,278,185,321,78.71,25,Cloudy,1,78.38,Winter,0,163
2022-01-27,S005,P0008,Groceries,North,139,139,179,61.76,20,Cloudy,1,69.06,Winter,0,167
2022-01-27,S005,P0009,Groceries,North,218,60,0,82.93,0,Cloudy,0,98.03,Winter,0,57
2022-01-27,S005,P0010,Groceries,North,221,74,0,61.21,5,Cloudy,0,72.76,Winter,0,122
2022-01-27,S005,P0011,Electronics,North,334,61,0,67.19,10,Cloudy,0,66.71,Winter,0,60
2022-01-27,S005,P0012,Furniture,North,405,81,0,123.94,10,Cloudy,0,116.69,Winter,0,78
2022-01-27,S005,P0013,Groceries,North,537,140,0,67.91,20,Cloudy,1,78.97,Winter,0,140
2022-01-27,S005,P0014,Furniture,North,243,41,0,166.62,0,Cloudy,0,144.51,Winter,0,62
2022-01-27,S005,P0015,Groceries,North,191,90,285,42.39,25,Cloudy,1,50.16,Winter,0,137
2022-01-27,S005,P0016,Toys,North,108,108,458,40.78,10,Cloudy,1,36.38,Winter,0,164
2022-01-27,S005,P0017,Toys,North,100,100,108,40.41,0,Cloudy,0,39.43,Winter,0,101
2022-01-27,S005,P0018,Clothing,North,170,93,159,25.36,5,Cloudy,0,23.59,Winter,0,144
2022-01-27,S005,P0019,Furniture,North,86,80,0,124.15,15,Cloudy,1,133.97,Winter,0,88
2022-01-27,S005,P0020,Toys,North,117,54,73,29.94,5,Cloudy,0,29.25,Winter,0,85
2022-01-28,S001,P0001,Electronics,North,464,201,343,80.4,20,Sunny,1,73.36,Winter,0,194
2022-01-28,S001,P0002,Clothing,North,140,140,186,74.5,10,Sunny,0,83.59,Winter,0,176
2022-01-28,S001,P0003,Clothing,North,1134,141,0,79.72,0,Sunny,0,68.76,Winter,0,208
2022-01-28,S001,P0004,Electronics,North,151,59,140,90.67,10,Sunny,0,108.88,Winter,0,75
2022-01-28,S001,P0005,Groceries,North,1272,130,0,63.84,0,Sunny,0,72.9,Winter,0,121
2022-01-28,S001,P0006,Toys,North,473,78,0,34.99,10,Sunny,0,40.54,Winter,0,79
2022-01-28,S001,P0007,Groceries,North,366,100,0,26.28,10,Sunny,0,28.52,Winter,0,151
2022-01-28,S001,P0008,Electronics,North,110,110,123,56.14,0,Sunny,0,52.41,Winter,0,151
2022-01-28,S001,P0009,Clothing,North,213,133,0,90.57,10,Sunny,0,86.42,Winter,0,117
2022-01-28,S001,P0010,Furniture,North,352,53,0,102.26,20,Sunny,1,98.15,Winter,0,60
2022-01-28,S001,P0011,Furniture,North,219,71,171,140.66,20,Sunny,1,163.06,Winter,0,98
2022-01-28,S001,P0012,Groceries,North,445,76,0,81.4,10,Sunny,0,97.07,Winter,0,126
2022-01-28,S001,P0013,Toys,North,134,64,97,33.78,0,Sunny,0,33.58,Winter,0,85
2022-01-28,S001,P0014,Groceries,North,642,77,0,79.52,0,Sunny,0,85.48,Winter,0,126
2022-01-28,S001,P0015,Toys,North,160,82,0,15.94,0,Sunny,0,14.63,Winter,0,78
2022-01-28,S001,P0016,Groceries,North,409,161,0,43.89,10,Sunny,0,42.16,Winter,0,157
2022-01-28,S001,P0017,Toys,North,89,89,130,27.15,0,Sunny,0,24.94,Winter,0,135
2022-01-28,S001,P0018,Groceries,North,170,121,139,54.35,20,Sunny,1,49.01,Winter,0,117
2022-01-28,S001,P0019,Furniture,North,79,79,121,131.36,0,Sunny,0,142.29,Winter,0,120
2022-01-28,S001,P0020,Furniture,North,211,84,0,133.27,0,Sunny,0,130.45,Winter,0,92
2022-01-28,S002,P0001,Groceries,South,641,108,0,81.18,20,Snowy,1,95.07,Winter,0,174
2022-01-28,S002,P0002,Toys,South,156,89,0,34.97,5,Snowy,0,29.89,Winter,0,112
2022-01-28,S002,P0003,Groceries,South,500,75,0,78.51,5,Snowy,0,85.42,Winter,0,104
2022-01-28,S002,P0004,Groceries,South,596,54,0,36.72,10,Snowy,0,36.43,Winter,0,73
2022-01-28,S002,P0005,Electronics,South,567,37,0,79.25,0,Snowy,0,84.72,Winter,0,52
2022-01-28,S002,P0006,Clothing,South,193,48,0,55.89,5,Snowy,0,53.94,Winter,0,51
2022-01-28,S002,P0007,Toys,South,217,103,0,26.61,5,Snowy,0,29.03,Winter,0,90
2022-01-28,S002,P0008,Groceries,South,150,69,88,28.16,0,Snowy,0,26.41,Winter,0,109
2022-01-28,S002,P0009,Groceries,South,221,84,165,61.6,0,Snowy,0,56.13,Winter,0,79
2022-01-28,S002,P0010,Groceries,South,98,98,240,109.01,15,Snowy,1,92.76,Winter,0,210
2022-01-28,S002,P0011,Groceries,South,474,122,0,90.52,15,Snowy,1,83.71,Winter,0,117
2022-01-28,S002,P0012,Electronics,South,326,19,0,50.05,10,Snowy,0,44.77,Winter,0,25
2022-01-28,S002,P0013,Groceries,South,232,138,0,26.68,0,Snowy,0,31.9,Winter,0,159
2022-01-28,S002,P0014,Electronics,South,460,46,0,110.05,10,Snowy,0,104.59,Winter,0,74
2022-01-28,S002,P0015,Clothing,South,1182,155,0,82.96,0,Snowy,0,73.11,Winter,0,140
2022-01-28,S002,P0016,Clothing,South,71,71,0,90.28,0,Snowy,0,105.27,Winter,0,101
2022-01-28,S002,P0017,Toys,South,175,171,497,26.63,5,Snowy,0,23.77,Winter,0,176
2022-01-28,S002,P0018,Clothing,South,66,66,151,28.37,20,Snowy,1,30.03,Winter,0,178
2022-01-28,S002,P0019,Clothing,South,344,78,0,94.77,5,Snowy,0,83.38,Winter,0,120
2022-01-28,S002,P0020,Furniture,South,457,89,0,135.57,5,Snowy,0,130.97,Winter,0,87
2022-01-28,S003,P0001,Toys,East,146,84,222,14.94,25,Cloudy,1,14.5,Winter,0,132
2022-01-28,S003,P0002,Groceries,East,317,60,0,53.19,5,Cloudy,0,52.83,Winter,0,81
2022-01-28,S003,P0003,Electronics,East,189,17,0,69.38,0,Cloudy,0,66.27,Winter,0,16
2022-01-28,S003,P0004,Groceries,East,403,99,0,23.48,0,Cloudy,0,23.14,Winter,0,87
2022-01-28,S003,P0005,Toys,East,290,169,578,27.28,10,Cloudy,0,26.42,Winter,0,176
2022-01-28,S003,P0006,Toys,East,113,101,140,39.35,10,Cloudy,0,43.14,Winter,0,129
2022-01-28,S003,P0007,Groceries,East,903,43,0,13.6,10,Cloudy,0,11.96,Winter,0,62
2022-01-28,S003,P0008,Clothing,East,224,91,0,121.54,5,Cloudy,0,105.95,Winter,0,111
2022-01-28,S003,P0009,Groceries,East,74,63,103,50.26,5,Cloudy,0,54.02,Winter,0,91
2022-01-28,S003,P0010,Groceries,East,139,139,145,35.08,20,Cloudy,1,36.98,Winter,0,134
2022-01-28,S003,P0011,Electronics,East,553,148,0,119.5,20,Cloudy,1,105.74,Winter,0,139
2022-01-28,S003,P0012,Furniture,East,218,66,0,92.24,5,Cloudy,0,106.07,Winter,0,70
2022-01-28,S003,P0013,Groceries,East,522,36,0,55.08,5,Cloudy,0,63.08,Winter,0,36
2022-01-28,S003,P0014,Groceries,East,35,35,0,83.95,5,Cloudy,0,97.74,Winter,0,77
2022-01-28,S003,P0015,Groceries,East,208,71,0,81.66,10,Cloudy,0,79.49,Winter,0,61
2022-01-28,S003,P0016,Electronics,East,41,41,0,99.51,5,Cloudy,0,85.69,Winter,0,93
2022-01-28,S003,P0017,Furniture,East,377,67,285,124.45,0,Cloudy,0,146.39,Winter,0,81
2022-01-28,S003,P0018,Furniture,East,328,70,0,121.23,15,Cloudy,1,131.16,Winter,0,91
2022-01-28,S003,P0019,Groceries,East,200,118,169,61.51,5,Cloudy,0,73.84,Winter,0,151
2022-01-28,S003,P0020,Clothing,East,771,84,0,75.8,5,Cloudy,0,65.81,Winter,0,101
2022-01-28,S004,P0001,Groceries,West,503,93,602,10.44,15,Snowy,1,11.32,Winter,0,130
2022-01-28,S004,P0002,Groceries,West,144,56,0,17.03,0,Snowy,0,18.92,Winter,0,49
2022-01-28,S004,P0003,Furniture,West,521,86,0,139.17,0,Snowy,0,166.67,Winter,0,73
2022-01-28,S004,P0004,Groceries,West,323,66,0,50.74,0,Snowy,0,57.06,Winter,0,81
2022-01-28,S004,P0005,Clothing,West,131,99,88,70.84,5,Snowy,0,79.96,Winter,0,102
2022-01-28,S004,P0006,Groceries,West,253,78,0,37.46,0,Snowy,0,33.18,Winter,0,90
2022-01-28,S004,P0007,Groceries,West,729,174,0,32.5,5,Snowy,0,36.37,Winter,0,156
2022-01-28,S004,P0008,Furniture,West,80,62,53,90.64,10,Snowy,0,81.89,Winter,0,66
2022-01-28,S004,P0009,Clothing,West,265,83,271,107.91,0,Snowy,0,123.25,Winter,0,76
2022-01-28,S004,P0010,Groceries,West,824,180,0,24.62,20,Snowy,1,27.88,Winter,0,154
2022-01-28,S004,P0011,Clothing,West,435,35,0,37.86,25,Snowy,1,39.87,Winter,0,49
2022-01-28,S004,P0012,Electronics,West,117,117,116,115.48,5,Snowy,0,132.54,Winter,0,112
2022-01-28,S004,P0013,Groceries,West,420,86,0,23.68,0,Snowy,0,22.21,Winter,0,127
2022-01-28,S004,P0014,Furniture,West,232,61,0,171.23,5,Snowy,0,148.8,Winter,0,80
2022-01-28,S004,P0015,Furniture,West,280,27,0,86.13,5,Snowy,0,76.99,Winter,0,43
2022-01-28,S004,P0016,Furniture,West,59,59,0,137.15,0,Snowy,0,117.63,Winter,0,103
2022-01-28,S004,P0017,Clothing,West,101,61,95,100.31,0,Snowy,0,98.5,Winter,0,89
2022-01-28,S004,P0018,Furniture,West,101,71,70,132.81,20,Snowy,1,145.57,Winter,0,82
2022-01-28,S004,P0019,Clothing,West,123,123,137,69.06,0,Snowy,0,60.11,Winter,0,123
2022-01-28,S004,P0020,Furniture,West,348,63,0,142.58,0,Snowy,0,127.36,Winter,0,84
2022-01-28,S005,P0001,Groceries,North,243,78,0,9.38,20,Sunny,1,10.92,Winter,0,90
2022-01-28,S005,P0002,Electronics,North,239,125,407,46.32,0,Sunny,0,52.36,Winter,0,130
2022-01-28,S005,P0003,Toys,North,160,22,0,24.38,0,Sunny,0,22.47,Winter,0,25
2022-01-28,S005,P0004,Groceries,North,92,61,102,7.4,5,Sunny,0,6.79,Winter,0,86
2022-01-28,S005,P0005,Groceries,North,171,94,168,16.84,0,Sunny,0,16.77,Winter,0,92
2022-01-28,S005,P0006,Groceries,North,637,127,581,63.74,10,Sunny,0,67.57,Winter,0,155
2022-01-28,S005,P0007,Groceries,North,93,93,0,85.07,10,Sunny,0,89.62,Winter,0,144
2022-01-28,S005,P0008,Groceries,North,179,134,114,66.9,0,Sunny,0,78.76,Winter,0,118
2022-01-28,S005,P0009,Groceries,North,158,74,0,83.57,10,Sunny,0,78.98,Winter,0,74
2022-01-28,S005,P0010,Groceries,North,147,131,486,52.31,25,Sunny,1,57.21,Winter,0,149
2022-01-28,S005,P0011,Electronics,North,273,122,0,65.52,25,Sunny,1,68.98,Winter,0,121
2022-01-28,S005,P0012,Furniture,North,324,76,0,120.6,10,Sunny,0,111.22,Winter,0,70
2022-01-28,S005,P0013,Groceries,North,397,134,372,83.36,0,Sunny,0,71.82,Winter,0,117
2022-01-28,S005,P0014,Furniture,North,202,115,0,190.28,0,Sunny,0,171.32,Winter,0,100
2022-01-28,S005,P0015,Groceries,North,101,52,0,44.29,10,Sunny,0,38.85,Winter,0,78
2022-01-28,S005,P0016,Toys,North,290,106,0,36.73,5,Sunny,0,42.27,Winter,0,126
2022-01-28,S005,P0017,Toys,North,108,61,84,34.69,0,Sunny,0,38.73,Winter,0,71
2022-01-28,S005,P0018,Clothing,North,236,218,0,22.32,25,Sunny,1,19.76,Winter,0,184
2022-01-28,S005,P0019,Furniture,North,250,36,0,128.98,0,Sunny,0,154.49,Winter,0,54
2022-01-28,S005,P0020,Toys,North,136,35,0,26.63,5,Sunny,0,25.83,Winter,0,53
2022-01-29,S001,P0001,Electronics,North,263,69,0,65.0,5,Sunny,0,77.11,Winter,0,81
2022-01-29,S001,P0002,Clothing,North,186,107,151,79.9,0,Sunny,0,70.35,Winter,0,144
2022-01-29,S001,P0003,Clothing,North,993,108,0,55.44,5,Sunny,0,66.54,Winter,0,113
2022-01-29,S001,P0004,Electronics,North,92,92,308,120.63,5,Sunny,0,106.8,Winter,0,130
2022-01-29,S001,P0005,Groceries,North,1142,137,0,79.16,5,Sunny,0,74.11,Winter,0,200
2022-01-29,S001,P0006,Toys,North,395,129,399,42.79,5,Sunny,0,45.59,Winter,0,124
2022-01-29,S001,P0007,Groceries,North,266,106,0,25.5,10,Sunny,0,21.81,Winter,0,123
2022-01-29,S001,P0008,Electronics,North,123,85,97,45.58,0,Sunny,0,39.51,Winter,0,84
2022-01-29,S001,P0009,Clothing,North,80,80,119,84.6,10,Sunny,0,92.78,Winter,0,111
2022-01-29,S001,P0010,Furniture,North,299,120,0,139.73,10,Sunny,0,134.06,Winter,0,116
2022-01-29,S001,P0011,Furniture,North,148,86,0,156.85,5,Sunny,0,170.92,Winter,0,79
2022-01-29,S001,P0012,Groceries,North,369,36,0,69.26,0,Sunny,0,78.19,Winter,0,49
2022-01-29,S001,P0013,Toys,North,167,29,0,25.12,10,Sunny,0,24.93,Winter,0,34
2022-01-29,S001,P0014,Groceries,North,565,182,425,79.38,10,Sunny,0,85.75,Winter,0,162
2022-01-29,S001,P0015,Toys,North,78,78,126,17.47,5,Sunny,0,16.58,Winter,0,121
2022-01-29,S001,P0016,Groceries,North,248,134,0,41.82,5,Sunny,0,44.72,Winter,0,139
2022-01-29,S001,P0017,Toys,North,130,128,106,22.96,10,Sunny,0,22.8,Winter,0,115
2022-01-29,S001,P0018,Groceries,North,188,138,144,66.27,10,Sunny,0,71.52,Winter,0,162
2022-01-29,S001,P0019,Furniture,North,121,39,0,114.16,0,Sunny,0,105.56,Winter,0,64
2022-01-29,S001,P0020,Furniture,North,127,97,0,132.24,0,Sunny,0,119.37,Winter,0,90
2022-01-29,S002,P0001,Groceries,South,533,211,533,108.65,0,Sunny,0,100.79,Winter,0,181
2022-01-29,S002,P0002,Toys,South,244,73,0,30.96,0,Sunny,0,26.52,Winter,0,61
2022-01-29,S002,P0003,Groceries,South,425,97,0,80.68,5,Sunny,0,96.59,Winter,0,113
2022-01-29,S002,P0004,Groceries,South,542,99,431,50.78,0,Sunny,0,56.43,Winter,0,160
2022-01-29,S002,P0005,Electronics,South,530,51,0,79.34,10,Sunny,0,89.38,Winter,0,81
2022-01-29,S002,P0006,Clothing,South,145,114,116,79.38,0,Sunny,0,72.21,Winter,0,140
2022-01-29,S002,P0007,Toys,South,114,97,359,30.3,0,Sunny,0,32.48,Winter,0,114
2022-01-29,S002,P0008,Groceries,South,169,119,111,26.98,10,Sunny,0,26.86,Winter,0,130
2022-01-29,S002,P0009,Groceries,South,137,102,240,65.73,5,Sunny,0,65.19,Winter,0,114
2022-01-29,S002,P0010,Groceries,South,240,106,0,86.32,5,Sunny,0,95.3,Winter,0,105
2022-01-29,S002,P0011,Groceries,South,352,98,0,96.86,0,Sunny,0,113.92,Winter,0,103
2022-01-29,S002,P0012,Electronics,South,307,98,432,73.14,10,Sunny,0,66.3,Winter,0,132
2022-01-29,S002,P0013,Groceries,South,502,194,488,25.61,10,Sunny,0,22.89,Winter,0,164
2022-01-29,S002,P0014,Electronics,South,414,92,515,137.02,5,Sunny,0,118.34,Winter,0,124
2022-01-29,S002,P0015,Clothing,South,1027,178,0,86.88,5,Sunny,0,81.95,Winter,0,175
2022-01-29,S002,P0016,Clothing,South,414,159,332,105.73,10,Sunny,0,115.35,Winter,0,193
2022-01-29,S002,P0017,Toys,South,4,4,0,19.87,10,Sunny,0,16.99,Winter,0,95
2022-01-29,S002,P0018,Clothing,South,151,125,124,29.97,10,Sunny,0,26.47,Winter,0,136
2022-01-29,S002,P0019,Clothing,South,915,83,0,80.97,10,Sunny,0,76.97,Winter,0,88
2022-01-29,S002,P0020,Furniture,South,368,60,0,132.27,10,Sunny,0,113.09,Winter,0,96
2022-01-29,S003,P0001,Toys,East,62,62,0,14.79,10,Cloudy,0,13.18,Winter,0,73
2022-01-29,S003,P0002,Groceries,East,257,135,0,65.4,0,Cloudy,0,57.01,Winter,0,130
2022-01-29,S003,P0003,Electronics,East,172,108,117,95.26,0,Cloudy,0,92.45,Winter,0,98
2022-01-29,S003,P0004,Groceries,East,304,81,260,24.2,0,Cloudy,0,22.51,Winter,0,96
2022-01-29,S003,P0005,Toys,East,121,112,0,22.31,10,Cloudy,0,20.73,Winter,0,107
2022-01-29,S003,P0006,Toys,East,152,69,0,33.51,10,Cloudy,0,29.15,Winter,0,66
2022-01-29,S003,P0007,Groceries,East,860,122,0,16.09,10,Cloudy,0,16.97,Winter,0,127
2022-01-29,S003,P0008,Clothing,East,438,80,0,115.94,0,Cloudy,0,130.39,Winter,0,96
2022-01-29,S003,P0009,Groceries,East,114,37,0,43.22,5,Cloudy,0,47.41,Winter,0,49
2022-01-29,S003,P0010,Groceries,East,145,74,0,34.67,0,Cloudy,0,38.4,Winter,0,63
2022-01-29,S003,P0011,Electronics,East,405,166,407,164.54,5,Cloudy,0,143.65,Winter,0,194
2022-01-29,S003,P0012,Furniture,East,152,120,221,113.97,5,Cloudy,0,112.0,Winter,0,118
2022-01-29,S003,P0013,Groceries,East,486,175,0,81.63,10,Cloudy,0,75.94,Winter,0,153
2022-01-29,S003,P0014,Groceries,East,454,88,0,85.34,10,Cloudy,0,81.59,Winter,0,82
2022-01-29,S003,P0015,Groceries,East,137,110,0,109.09,0,Cloudy,0,98.34,Winter,0,115
2022-01-29,S003,P0016,Electronics,East,223,81,197,109.89,0,Cloudy,0,95.35,Winter,0,108
2022-01-29,S003,P0017,Furniture,East,310,81,0,136.54,0,Cloudy,0,163.41,Winter,0,109
2022-01-29,S003,P0018,Furniture,East,258,54,0,139.21,0,Cloudy,0,164.56,Winter,0,84
2022-01-29,S003,P0019,Groceries,East,251,91,0,54.83,0,Cloudy,0,53.76,Winter,0,81
2022-01-29,S003,P0020,Clothing,East,687,145,680,86.88,10,Cloudy,0,94.5,Winter,0,185
2022-01-29,S004,P0001,Groceries,West,410,75,0,12.03,0,Sunny,0,12.75,Winter,0,123
2022-01-29,S004,P0002,Groceries,West,88,80,168,18.48,5,Sunny,0,21.83,Winter,0,85
2022-01-29,S004,P0003,Furniture,West,435,117,0,153.84,5,Sunny,0,143.09,Winter,0,103
2022-01-29,S004,P0004,Groceries,West,257,123,0,69.45,5,Sunny,0,67.58,Winter,0,186
2022-01-29,S004,P0005,Clothing,West,120,113,141,74.96,5,Sunny,0,85.0,Winter,0,120
2022-01-29,S004,P0006,Groceries,West,175,94,187,34.04,10,Sunny,0,30.25,Winter,0,93
2022-01-29,S004,P0007,Groceries,West,555,138,670,29.74,10,Sunny,0,32.25,Winter,0,143
2022-01-29,S004,P0008,Furniture,West,71,69,66,92.73,0,Sunny,0,112.1,Winter,0,58
2022-01-29,S004,P0009,Clothing,West,182,40,0,109.91,0,Sunny,0,96.99,Winter,0,67
2022-01-29,S004,P0010,Groceries,West,644,74,0,21.71,10,Sunny,0,18.51,Winter,0,63
2022-01-29,S004,P0011,Clothing,West,400,127,0,72.29,0,Sunny,0,78.46,Winter,0,159
2022-01-29,S004,P0012,Electronics,West,116,116,178,139.37,5,Sunny,0,120.05,Winter,0,158
2022-01-29,S004,P0013,Groceries,West,334,99,0,19.54,5,Sunny,0,22.5,Winter,0,98
2022-01-29,S004,P0014,Furniture,West,171,30,0,143.56,0,Sunny,0,161.04,Winter,0,34
2022-01-29,S004,P0015,Furniture,West,253,23,0,88.63,0,Sunny,0,79.02,Winter,0,38
2022-01-29,S004,P0016,Furniture,West,148,36,0,101.94,5,Sunny,0,115.79,Winter,0,49
2022-01-29,S004,P0017,Clothing,West,135,135,197,127.78,0,Sunny,0,135.58,Winter,0,189
2022-01-29,S004,P0018,Furniture,West,100,59,50,142.39,5,Sunny,0,154.29,Winter,0,54
2022-01-29,S004,P0019,Clothing,West,137,120,105,66.06,0,Sunny,0,78.12,Winter,0,126
2022-01-29,S004,P0020,Furniture,West,285,80,0,144.81,0,Sunny,0,135.29,Winter,0,88
2022-01-29,S005,P0001,Groceries,North,165,70,199,11.33,5,Sunny,0,12.62,Winter,0,96
2022-01-29,S005,P0002,Electronics,North,114,58,0,38.86,5,Sunny,0,34.42,Winter,0,76
2022-01-29,S005,P0003,Toys,North,138,78,139,32.59,0,Sunny,0,35.08,Winter,0,118
2022-01-29,S005,P0004,Groceries,North,133,99,90,7.5,5,Sunny,0,7.35,Winter,0,90
2022-01-29,S005,P0005,Groceries,North,77,77,235,18.33,5,Sunny,0,17.05,Winter,0,135
2022-01-29,S005,P0006,Groceries,North,510,63,0,60.66,0,Sunny,0,69.24,Winter,0,104
2022-01-29,S005,P0007,Groceries,North,321,82,0,73.52,10,Sunny,0,84.7,Winter,0,96
2022-01-29,S005,P0008,Groceries,North,159,77,0,62.16,5,Sunny,0,58.59,Winter,0,95
2022-01-29,S005,P0009,Groceries,North,435,110,0,95.98,0,Sunny,0,111.61,Winter,0,98
2022-01-29,S005,P0010,Groceries,North,282,178,0,77.56,0,Sunny,0,67.23,Winter,0,169
2022-01-29,S005,P0011,Electronics,North,151,92,0,86.1,0,Sunny,0,91.39,Winter,0,116
2022-01-29,S005,P0012,Furniture,North,248,90,0,126.6,10,Sunny,0,123.81,Winter,0,84
2022-01-29,S005,P0013,Groceries,North,263,123,0,79.82,10,Sunny,0,77.3,Winter,0,138
2022-01-29,S005,P0014,Furniture,North,346,78,0,157.51,5,Sunny,0,184.82,Winter,0,75
2022-01-29,S005,P0015,Groceries,North,334,85,0,47.99,5,Sunny,0,52.61,Winter,0,100
2022-01-29,S005,P0016,Toys,North,184,97,0,35.89,5,Sunny,0,41.71,Winter,0,119
2022-01-29,S005,P0017,Toys,North,131,85,78,35.0,10,Sunny,0,32.0,Winter,0,89
2022-01-29,S005,P0018,Clothing,North,18,18,103,19.91,10,Sunny,0,23.21,Winter,0,100
2022-01-29,S005,P0019,Furniture,North,214,115,251,145.62,10,Sunny,0,160.69,Winter,0,119
2022-01-29,S005,P0020,Toys,North,101,101,112,34.89,5,Sunny,0,31.95,Winter,0,133
2022-01-30,S001,P0001,Electronics,North,537,73,0,71.59,0,Cloudy,0,69.69,Winter,0,79
2022-01-30,S001,P0002,Clothing,North,230,121,0,64.01,10,Cloudy,0,76.27,Winter,0,122
2022-01-30,S001,P0003,Clothing,North,885,83,0,62.5,5,Cloudy,0,58.53,Winter,0,136
2022-01-30,S001,P0004,Electronics,North,140,65,0,101.42,0,Cloudy,0,118.16,Winter,0,77
2022-01-30,S001,P0005,Groceries,North,1005,27,0,45.47,10,Cloudy,0,40.67,Winter,0,40
2022-01-30,S001,P0006,Toys,North,266,86,0,41.72,0,Cloudy,0,44.82,Winter,0,100
2022-01-30,S001,P0007,Groceries,North,160,51,0,22.02,10,Cloudy,0,20.68,Winter,0,79
2022-01-30,S001,P0008,Electronics,North,135,85,160,50.61,5,Cloudy,0,49.08,Winter,0,133
2022-01-30,S001,P0009,Clothing,North,119,119,149,100.31,0,Cloudy,0,115.33,Winter,0,133
2022-01-30,S001,P0010,Furniture,North,179,47,0,115.68,5,Cloudy,0,101.47,Winter,0,47
2022-01-30,S001,P0011,Furniture,North,233,57,207,173.18,5,Cloudy,0,160.03,Winter,0,93
2022-01-30,S001,P0012,Groceries,North,333,107,361,103.12,0,Cloudy,0,100.04,Winter,0,154
2022-01-30,S001,P0013,Toys,North,138,102,126,32.93,10,Cloudy,0,28.68,Winter,0,109
2022-01-30,S001,P0014,Groceries,North,383,191,0,83.86,5,Cloudy,0,91.59,Winter,0,162
2022-01-30,S001,P0015,Toys,North,126,112,87,15.26,5,Cloudy,0,17.6,Winter,0,95
2022-01-30,S001,P0016,Groceries,North,599,55,0,34.27,10,Cloudy,0,31.48,Winter,0,77
2022-01-30,S001,P0017,Toys,North,108,62,0,19.83,10,Cloudy,0,17.6,Winter,0,71
2022-01-30,S001,P0018,Groceries,North,194,116,139,59.52,10,Cloudy,0,68.19,Winter,0,125
2022-01-30,S001,P0019,Furniture,North,82,80,132,115.99,10,Cloudy,0,139.33,Winter,0,114
2022-01-30,S001,P0020,Furniture,North,30,30,283,120.13,0,Cloudy,0,138.75,Winter,0,77
2022-01-30,S002,P0001,Groceries,South,322,59,0,74.49,10,Snowy,0,68.44,Winter,0,89
2022-01-30,S002,P0002,Toys,South,171,96,233,32.2,5,Snowy,0,37.08,Winter,0,102
2022-01-30,S002,P0003,Groceries,South,328,122,283,76.11,10,Snowy,0,87.02,Winter,0,111
2022-01-30,S002,P0004,Groceries,South,443,36,0,33.66,10,Snowy,0,32.69,Winter,0,50
2022-01-30,S002,P0005,Electronics,South,479,56,0,80.16,10,Snowy,0,74.37,Winter,0,69
2022-01-30,S002,P0006,Clothing,South,147,113,131,70.27,10,Snowy,0,66.95,Winter,0,134
2022-01-30,S002,P0007,Toys,South,195,85,0,26.74,0,Snowy,0,31.84,Winter,0,76
2022-01-30,S002,P0008,Groceries,South,161,140,188,31.46,5,Snowy,0,29.54,Winter,0,164
2022-01-30,S002,P0009,Groceries,South,200,81,0,63.24,0,Snowy,0,56.82,Winter,0,87
2022-01-30,S002,P0010,Groceries,South,134,107,122,84.25,10,Snowy,0,97.87,Winter,0,114
2022-01-30,S002,P0011,Groceries,South,254,66,190,84.75,5,Snowy,0,101.88,Winter,0,79
2022-01-30,S002,P0012,Electronics,South,209,64,0,62.55,5,Snowy,0,66.1,Winter,0,82
2022-01-30,S002,P0013,Groceries,South,308,71,0,19.36,10,Snowy,0,22.95,Winter,0,89
2022-01-30,S002,P0014,Electronics,South,322,46,0,122.38,0,Snowy,0,110.95,Winter,0,75
2022-01-30,S002,P0015,Clothing,South,849,84,0,67.59,5,Snowy,0,81.24,Winter,0,106
2022-01-30,S002,P0016,Clothing,South,255,52,0,72.35,5,Snowy,0,84.29,Winter,0,53
2022-01-30,S002,P0017,Toys,South,279,62,0,19.7,10,Snowy,0,17.84,Winter,0,93
2022-01-30,S002,P0018,Clothing,South,150,62,0,25.86,10,Snowy,0,22.78,Winter,0,90
2022-01-30,S002,P0019,Clothing,South,832,87,0,96.7,10,Snowy,0,89.65,Winter,0,145
2022-01-30,S002,P0020,Furniture,South,308,54,0,114.05,5,Snowy,0,128.33,Winter,0,54
2022-01-30,S003,P0001,Toys,East,222,105,235,16.98,10,Snowy,0,19.77,Winter,0,132
2022-01-30,S003,P0002,Groceries,East,519,116,483,67.06,0,Snowy,0,71.87,Winter,0,156
2022-01-30,S003,P0003,Electronics,East,181,108,0,92.88,0,Snowy,0,85.38,Winter,0,91
2022-01-30,S003,P0004,Groceries,East,223,140,531,27.84,5,Snowy,0,23.76,Winter,0,160
2022-01-30,S003,P0005,Toys,East,477,89,0,19.11,10,Snowy,0,20.54,Winter,0,76
2022-01-30,S003,P0006,Toys,East,83,83,83,38.29,5,Snowy,0,37.72,Winter,0,88
2022-01-30,S003,P0007,Groceries,East,738,110,0,17.31,0,Snowy,0,15.1,Winter,0,101
2022-01-30,S003,P0008,Clothing,East,358,109,0,130.73,5,Snowy,0,124.23,Winter,0,135
2022-01-30,S003,P0009,Groceries,East,77,55,68,47.7,10,Snowy,0,46.39,Winter,0,76
2022-01-30,S003,P0010,Groceries,East,71,71,70,37.77,5,Snowy,0,33.72,Winter,0,87
2022-01-30,S003,P0011,Electronics,East,239,65,0,110.81,5,Snowy,0,124.72,Winter,0,78
2022-01-30,S003,P0012,Furniture,East,32,32,0,91.07,0,Snowy,0,107.63,Winter,0,53
2022-01-30,S003,P0013,Groceries,East,311,104,0,68.79,10,Snowy,0,78.15,Winter,0,113
2022-01-30,S003,P0014,Groceries,East,366,66,0,88.67,0,Snowy,0,81.57,Winter,0,64
2022-01-30,S003,P0015,Groceries,East,27,27,0,99.39,10,Snowy,0,87.29,Winter,0,119
2022-01-30,S003,P0016,Electronics,East,142,142,294,105.08,10,Snowy,0,110.98,Winter,0,145
2022-01-30,S003,P0017,Furniture,East,229,76,0,124.97,0,Snowy,0,138.73,Winter,0,82
2022-01-30,S003,P0018,Furniture,East,650,73,0,132.75,5,Snowy,0,131.55,Winter,0,71
2022-01-30,S003,P0019,Groceries,East,160,122,130,51.64,10,Snowy,0,58.87,Winter,0,110
2022-01-30,S003,P0020,Clothing,East,542,101,0,76.19,0,Snowy,0,82.16,Winter,0,103
2022-01-30,S004,P0001,Groceries,West,335,130,0,11.04,10,Snowy,0,10.44,Winter,0,113
2022-01-30,S004,P0002,Groceries,West,8,8,325,24.17,0,Snowy,0,21.4,Winter,0,138
2022-01-30,S004,P0003,Furniture,West,318,42,0,121.84,10,Snowy,0,117.97,Winter,0,52
2022-01-30,S004,P0004,Groceries,West,542,60,0,54.68,0,Snowy,0,53.84,Winter,0,88
2022-01-30,S004,P0005,Clothing,West,148,97,115,76.74,5,Snowy,0,71.39,Winter,0,111
2022-01-30,S004,P0006,Groceries,West,81,81,0,36.78,0,Snowy,0,38.97,Winter,0,100
2022-01-30,S004,P0007,Groceries,West,417,92,0,25.7,5,Snowy,0,28.64,Winter,0,80
2022-01-30,S004,P0008,Furniture,West,68,68,83,94.64,10,Snowy,0,81.3,Winter,0,78
2022-01-30,S004,P0009,Clothing,West,142,32,0,89.99,10,Snowy,0,77.97,Winter,0,42
2022-01-30,S004,P0010,Groceries,West,570,85,0,25.21,10,Snowy,0,26.93,Winter,0,122
2022-01-30,S004,P0011,Clothing,West,900,31,0,51.11,0,Snowy,0,57.58,Winter,0,52
2022-01-30,S004,P0012,Electronics,West,178,68,0,125.01,0,Snowy,0,122.59,Winter,0,104
2022-01-30,S004,P0013,Groceries,West,873,71,0,20.16,10,Snowy,0,18.94,Winter,0,109
2022-01-30,S004,P0014,Furniture,West,141,54,186,174.09,0,Snowy,0,188.55,Winter,0,85
2022-01-30,S004,P0015,Furniture,West,230,103,254,101.88,5,Snowy,0,90.19,Winter,0,88
2022-01-30,S004,P0016,Furniture,West,638,65,0,115.28,10,Snowy,0,105.1,Winter,0,83
2022-01-30,S004,P0017,Clothing,West,197,114,0,103.1,0,Snowy,0,110.17,Winter,0,113
2022-01-30,S004,P0018,Furniture,West,91,89,82,166.83,0,Snowy,0,195.94,Winter,0,84
2022-01-30,S004,P0019,Clothing,West,122,70,71,56.42,0,Snowy,0,60.19,Winter,0,77
2022-01-30,S004,P0020,Furniture,West,205,18,0,103.44,10,Snowy,0,98.11,Winter,0,28
2022-01-30,S005,P0001,Groceries,North,95,73,0,10.12,5,Cloudy,0,10.96,Winter,0,64
2022-01-30,S005,P0002,Electronics,North,56,56,0,40.87,0,Cloudy,0,36.67,Winter,0,76
2022-01-30,S005,P0003,Toys,North,199,87,119,32.21,5,Cloudy,0,29.99,Winter,0,114
2022-01-30,S005,P0004,Groceries,North,124,121,152,8.07,5,Cloudy,0,9.66,Winter,0,129
2022-01-30,S005,P0005,Groceries,North,168,95,0,16.24,0,Cloudy,0,15.02,Winter,0,81
2022-01-30,S005,P0006,Groceries,North,447,42,0,49.02,5,Cloudy,0,51.98,Winter,0,58
2022-01-30,S005,P0007,Groceries,North,239,171,347,108.35,0,Cloudy,0,126.73,Winter,0,194
2022-01-30,S005,P0008,Groceries,North,82,82,141,76.13,5,Cloudy,0,75.98,Winter,0,162
2022-01-30,S005,P0009,Groceries,North,325,70,0,81.29,5,Cloudy,0,94.16,Winter,0,65
2022-01-30,S005,P0010,Groceries,North,104,61,0,52.83,10,Cloudy,0,44.91,Winter,0,78
2022-01-30,S005,P0011,Electronics,North,649,58,0,72.41,5,Cloudy,0,80.54,Winter,0,79
2022-01-30,S005,P0012,Furniture,North,585,80,0,133.84,0,Cloudy,0,143.69,Winter,0,84
2022-01-30,S005,P0013,Groceries,North,140,35,0,64.78,0,Cloudy,0,76.23,Winter,0,59
2022-01-30,S005,P0014,Furniture,North,268,59,270,175.35,0,Cloudy,0,184.74,Winter,0,91
2022-01-30,S005,P0015,Groceries,North,249,111,314,59.0,0,Cloudy,0,52.99,Winter,0,134
2022-01-30,S005,P0016,Toys,North,545,143,0,36.47,5,Cloudy,0,40.63,Winter,0,124
2022-01-30,S005,P0017,Toys,North,124,82,60,33.23,10,Cloudy,0,33.17,Winter,0,75
2022-01-30,S005,P0018,Clothing,North,103,85,97,22.89,5,Cloudy,0,22.02,Winter,0,110
2022-01-30,S005,P0019,Furniture,North,99,45,0,116.47,10,Cloudy,0,132.33,Winter,0,54
2022-01-30,S005,P0020,Toys,North,112,52,50,24.89,10,Cloudy,0,22.13,Winter,0,50
2022-01-31,S001,P0001,Electronics,North,464,103,0,72.1,10,Cloudy,0,70.23,Winter,0,113
2022-01-31,S001,P0002,Clothing,North,109,103,97,65.64,5,Cloudy,0,61.62,Winter,0,97
2022-01-31,S001,P0003,Clothing,North,802,107,0,65.92,10,Cloudy,0,60.55,Winter,0,175
2022-01-31,S001,P0004,Electronics,North,383,94,0,112.46,0,Cloudy,0,103.15,Winter,0,92
2022-01-31,S001,P0005,Groceries,North,978,64,0,58.88,0,Cloudy,0,53.6,Winter,0,81
2022-01-31,S001,P0006,Toys,North,180,77,0,41.58,5,Cloudy,0,39.92,Winter,0,99
2022-01-31,S001,P0007,Groceries,North,786,170,0,29.0,5,Cloudy,0,28.98,Winter,0,149
2022-01-31,S001,P0008,Electronics,North,210,64,0,36.79,5,Cloudy,0,41.79,Winter,0,54
2022-01-31,S001,P0009,Clothing,North,149,101,99,87.7,10,Cloudy,0,93.36,Winter,0,123
2022-01-31,S001,P0010,Furniture,North,482,33,0,112.28,5,Cloudy,0,106.15,Winter,0,40
2022-01-31,S001,P0011,Furniture,North,176,38,0,139.01,10,Cloudy,0,131.6,Winter,0,48
2022-01-31,S001,P0012,Groceries,North,226,111,0,81.39,10,Cloudy,0,72.03,Winter,0,109
2022-01-31,S001,P0013,Toys,North,162,52,0,29.93,10,Cloudy,0,28.02,Winter,0,80
2022-01-31,S001,P0014,Groceries,North,192,97,0,72.58,10,Cloudy,0,70.5,Winter,0,114
2022-01-31,S001,P0015,Toys,North,101,92,86,16.22,5,Cloudy,0,14.22,Winter,0,98
2022-01-31,S001,P0016,Groceries,North,544,70,0,33.71,10,Cloudy,0,30.01,Winter,0,73
2022-01-31,S001,P0017,Toys,North,46,46,137,24.56,5,Cloudy,0,24.54,Winter,0,119
2022-01-31,S001,P0018,Groceries,North,217,123,132,68.77,0,Cloudy,0,82.83,Winter,0,138
2022-01-31,S001,P0019,Furniture,North,134,71,0,105.92,10,Cloudy,0,104.45,Winter,0,72
2022-01-31,S001,P0020,Furniture,North,336,44,0,104.42,10,Cloudy,0,110.73,Winter,0,67
2022-01-31,S002,P0001,Groceries,South,263,32,0,72.14,0,Sunny,0,65.96,Winter,0,51
2022-01-31,S002,P0002,Toys,South,75,75,0,32.63,0,Sunny,0,31.12,Winter,0,76
2022-01-31,S002,P0003,Groceries,South,206,109,0,81.14,10,Sunny,0,69.11,Winter,0,115
2022-01-31,S002,P0004,Groceries,South,407,101,0,41.66,5,Sunny,0,38.63,Winter,0,94
2022-01-31,S002,P0005,Electronics,South,423,88,413,103.06,0,Sunny,0,88.19,Winter,0,112
2022-01-31,S002,P0006,Clothing,South,165,106,112,74.73,0,Sunny,0,85.42,Winter,0,137
2022-01-31,S002,P0007,Toys,South,110,82,0,24.55,10,Sunny,0,27.51,Winter,0,82
2022-01-31,S002,P0008,Groceries,South,209,79,0,25.87,0,Sunny,0,25.86,Winter,0,84
2022-01-31,S002,P0009,Groceries,South,359,103,338,66.49,10,Sunny,0,74.57,Winter,0,154
2022-01-31,S002,P0010,Groceries,South,149,105,95,95.48,0,Sunny,0,94.58,Winter,0,104
2022-01-31,S002,P0011,Groceries,South,188,82,326,95.2,10,Sunny,0,84.47,Winter,0,115
2022-01-31,S002,P0012,Electronics,South,452,78,0,62.15,10,Sunny,0,68.68,Winter,0,96
2022-01-31,S002,P0013,Groceries,South,237,71,0,20.22,5,Sunny,0,18.08,Winter,0,71
2022-01-31,S002,P0014,Electronics,South,276,156,0,141.57,0,Sunny,0,164.87,Winter,0,135
2022-01-31,S002,P0015,Clothing,South,765,77,0,67.54,5,Sunny,0,72.27,Winter,0,106
2022-01-31,S002,P0016,Clothing,South,535,90,0,86.44,10,Sunny,0,104.09,Winter,0,121
2022-01-31,S002,P0017,Toys,South,714,92,0,22.85,0,Sunny,0,19.62,Winter,0,106
2022-01-31,S002,P0018,Clothing,South,88,81,96,27.84,5,Sunny,0,24.98,Winter,0,95
2022-01-31,S002,P0019,Clothing,South,745,119,0,85.41,5,Sunny,0,91.04,Winter,0,103
2022-01-31,S002,P0020,Furniture,South,254,122,311,144.21,0,Sunny,0,168.07,Winter,0,106
2022-01-31,S003,P0001,Toys,East,117,91,0,18.56,0,Sunny,0,16.83,Winter,0,109
2022-01-31,S003,P0002,Groceries,East,403,165,0,60.59,10,Sunny,0,58.43,Winter,0,139
2022-01-31,S003,P0003,Electronics,East,73,73,170,109.68,5,Sunny,0,102.58,Winter,0,163
2022-01-31,S003,P0004,Groceries,East,83,83,0,25.27,10,Sunny,0,21.64,Winter,0,145
2022-01-31,S003,P0005,Toys,East,388,67,0,19.7,10,Sunny,0,16.99,Winter,0,70
2022-01-31,S003,P0006,Toys,East,83,83,110,36.18,10,Sunny,0,43.15,Winter,0,103
2022-01-31,S003,P0007,Groceries,East,628,128,0,15.85,10,Sunny,0,18.13,Winter,0,123
2022-01-31,S003,P0008,Clothing,East,249,76,0,100.59,5,Sunny,0,119.77,Winter,0,70
2022-01-31,S003,P0009,Groceries,East,90,58,84,48.67,5,Sunny,0,51.75,Winter,0,81
2022-01-31,S003,P0010,Groceries,East,70,70,101,39.04,10,Sunny,0,36.13,Winter,0,114
2022-01-31,S003,P0011,Electronics,East,581,26,0,97.52,0,Sunny,0,112.53,Winter,0,32
2022-01-31,S003,P0012,Furniture,East,221,78,148,90.03,10,Sunny,0,103.78,Winter,0,78
2022-01-31,S003,P0013,Groceries,East,839,149,776,85.82,10,Sunny,0,101.34,Winter,0,192
2022-01-31,S003,P0014,Groceries,East,300,93,424,109.78,5,Sunny,0,101.87,Winter,0,145
2022-01-31,S003,P0015,Groceries,East,785,71,0,93.83,5,Sunny,0,109.8,Winter,0,100
2022-01-31,S003,P0016,Electronics,East,197,111,0,108.17,5,Sunny,0,98.96,Winter,0,119
2022-01-31,S003,P0017,Furniture,East,153,46,0,115.83,0,Sunny,0,104.83,Winter,0,48
2022-01-31,S003,P0018,Furniture,East,577,58,0,116.78,10,Sunny,0,135.08,Winter,0,64
2022-01-31,S003,P0019,Groceries,East,168,100,116,56.54,0,Sunny,0,62.13,Winter,0,106
2022-01-31,S003,P0020,Clothing,East,441,76,0,74.7,5,Sunny,0,87.48,Winter,0,113
2022-01-31,S004,P0001,Groceries,West,205,72,0,10.31,10,Cloudy,0,9.08,Winter,0,92
2022-01-31,S004,P0002,Groceries,West,168,110,0,21.84,0,Cloudy,0,20.55,Winter,0,105
2022-01-31,S004,P0003,Furniture,West,276,104,238,148.54,0,Cloudy,0,158.11,Winter,0,92
2022-01-31,S004,P0004,Groceries,West,482,118,359,60.27,5,Cloudy,0,55.86,Winter,0,135
2022-01-31,S004,P0005,Clothing,West,166,65,0,68.4,5,Cloudy,0,81.9,Winter,0,91
2022-01-31,S004,P0006,Groceries,West,187,122,250,36.58,5,Cloudy,0,39.54,Winter,0,114
2022-01-31,S004,P0007,Groceries,West,325,99,0,30.28,10,Cloudy,0,28.82,Winter,0,132
2022-01-31,S004,P0008,Furniture,West,83,80,114,116.12,0,Cloudy,0,102.29,Winter,0,108
2022-01-31,S004,P0009,Clothing,West,381,73,0,107.45,5,Cloudy,0,115.97,Winter,0,89
2022-01-31,S004,P0010,Groceries,West,485,164,654,32.38,0,Cloudy,0,28.67,Winter,0,154
2022-01-31,S004,P0011,Clothing,West,869,145,0,73.66,5,Cloudy,0,62.87,Winter,0,166
2022-01-31,S004,P0012,Electronics,West,110,56,80,99.93,5,Cloudy,0,116.98,Winter,0,69
2022-01-31,S004,P0013,Groceries,West,802,38,0,15.29,10,Cloudy,0,17.71,Winter,0,45
2022-01-31,S004,P0014,Furniture,West,87,87,0,166.98,10,Cloudy,0,144.6,Winter,0,89
2022-01-31,S004,P0015,Furniture,West,127,55,0,84.6,10,Cloudy,0,79.43,Winter,0,52
2022-01-31,S004,P0016,Furniture,West,573,117,0,118.34,10,Cloudy,0,129.63,Winter,0,106
2022-01-31,S004,P0017,Clothing,West,83,54,99,95.42,5,Cloudy,0,83.0,Winter,0,89
2022-01-31,S004,P0018,Furniture,West,84,84,87,178.52,5,Cloudy,0,154.41,Winter,0,104
2022-01-31,S004,P0019,Clothing,West,123,108,117,64.17,0,Cloudy,0,75.24,Winter,0,116
2022-01-31,S004,P0020,Furniture,West,187,93,182,128.68,5,Cloudy,0,155.36,Winter,0,84
2022-01-31,S005,P0001,Groceries,North,221,82,217,11.78,5,Cloudy,0,14.01,Winter,0,108
2022-01-31,S005,P0002,Electronics,North,407,41,0,37.0,0,Cloudy,0,35.01,Winter,0,49
2022-01-31,S005,P0003,Toys,North,231,51,0,27.62,0,Cloudy,0,32.33,Winter,0,69
2022-01-31,S005,P0004,Groceries,North,155,59,82,7.3,5,Cloudy,0,6.68,Winter,0,82
2022-01-31,S005,P0005,Groceries,North,308,61,0,15.41,0,Cloudy,0,17.79,Winter,0,81
2022-01-31,S005,P0006,Groceries,North,405,90,0,59.35,5,Cloudy,0,67.67,Winter,0,113
2022-01-31,S005,P0007,Groceries,North,68,68,0,88.91,5,Cloudy,0,76.29,Winter,0,123
2022-01-31,S005,P0008,Groceries,North,141,99,90,63.37,0,Cloudy,0,60.65,Winter,0,86
2022-01-31,S005,P0009,Groceries,North,255,74,314,102.88,0,Cloudy,0,102.2,Winter,0,104
2022-01-31,S005,P0010,Groceries,North,529,43,0,46.65,10,Cloudy,0,54.73,Winter,0,58
2022-01-31,S005,P0011,Electronics,North,591,93,0,80.45,5,Cloudy,0,77.38,Winter,0,95
2022-01-31,S005,P0012,Furniture,North,505,56,0,138.41,0,Cloudy,0,127.8,Winter,0,79
2022-01-31,S005,P0013,Groceries,North,477,62,0,64.59,10,Cloudy,0,73.71,Winter,0,87
2022-01-31,S005,P0014,Furniture,North,209,80,0,166.71,0,Cloudy,0,201.56,Winter,0,76
2022-01-31,S005,P0015,Groceries,North,138,121,0,46.77,10,Cloudy,0,56.39,Winter,0,109
2022-01-31,S005,P0016,Toys,North,402,87,426,39.65,0,Cloudy,0,42.54,Winter,0,135
2022-01-31,S005,P0017,Toys,North,102,101,106,38.86,0,Cloudy,0,38.38,Winter,0,89
2022-01-31,S005,P0018,Clothing,North,115,102,145,24.1,5,Cloudy,0,22.1,Winter,0,127
2022-01-31,S005,P0019,Furniture,North,305,94,0,139.96,10,Cloudy,0,139.24,Winter,0,91
2022-01-31,S005,P0020,Toys,North,110,74,106,29.86,10,Cloudy,0,33.11,Winter,0,117
2022-02-01,S001,P0001,Electronics,North,361,102,0,70.53,5,Snowy,0,66.56,Winter,0,90
2022-02-01,S001,P0002,Clothing,North,103,103,212,77.86,15,Snowy,1,77.64,Winter,0,195
2022-02-01,S001,P0003,Clothing,North,695,184,674,69.72,5,Snowy,0,60.9,Winter,0,175
2022-02-01,S001,P0004,Electronics,North,289,66,0,90.62,5,Snowy,0,97.68,Winter,0,60
2022-02-01,S001,P0005,Groceries,North,914,97,0,65.51,5,Snowy,0,60.04,Winter,0,130
2022-02-01,S001,P0006,Toys,North,502,86,0,41.04,10,Snowy,0,46.3,Winter,0,128
2022-02-01,S001,P0007,Groceries,North,616,112,0,23.53,10,Snowy,1,21.52,Winter,0,98
2022-02-01,S001,P0008,Electronics,North,146,77,135,40.46,15,Snowy,1,48.35,Winter,0,113
2022-02-01,S001,P0009,Clothing,North,147,123,151,114.32,0,Snowy,0,98.9,Winter,0,160
2022-02-01,S001,P0010,Furniture,North,449,81,0,133.23,0,Snowy,0,145.66,Winter,0,85
2022-02-01,S001,P0011,Furniture,North,345,54,0,151.88,10,Snowy,1,132.2,Winter,0,71
2022-02-01,S001,P0012,Groceries,North,476,87,0,73.67,20,Snowy,1,78.26,Winter,0,132
2022-02-01,S001,P0013,Toys,North,110,89,84,32.72,5,Snowy,0,32.53,Winter,0,90
2022-02-01,S001,P0014,Groceries,North,520,115,0,64.94,20,Snowy,1,71.95,Winter,0,133
2022-02-01,S001,P0015,Toys,North,95,65,63,13.34,15,Snowy,1,12.08,Winter,0,73
2022-02-01,S001,P0016,Groceries,North,474,213,556,40.31,25,Snowy,1,39.75,Winter,0,194
2022-02-01,S001,P0017,Toys,North,137,137,160,21.48,25,Snowy,1,22.67,Winter,0,172
2022-02-01,S001,P0018,Groceries,North,226,140,153,60.89,10,Snowy,1,67.8,Winter,0,132
2022-02-01,S001,P0019,Furniture,North,63,39,52,96.18,10,Snowy,0,105.51,Winter,0,60
2022-02-01,S001,P0020,Furniture,North,292,46,0,117.93,5,Snowy,0,101.37,Winter,0,72
2022-02-01,S002,P0001,Groceries,South,764,60,0,78.48,0,Snowy,0,76.91,Winter,0,74
2022-02-01,S002,P0002,Toys,South,233,100,186,30.49,15,Snowy,1,28.23,Winter,0,104
2022-02-01,S002,P0003,Groceries,South,97,97,357,92.87,0,Snowy,0,103.38,Winter,0,142
2022-02-01,S002,P0004,Groceries,South,737,163,0,48.96,0,Snowy,0,51.84,Winter,0,147
2022-02-01,S002,P0005,Electronics,South,335,106,0,92.78,10,Snowy,0,79.72,Winter,0,112
2022-02-01,S002,P0006,Clothing,South,171,114,130,72.92,0,Snowy,0,81.97,Winter,0,129
2022-02-01,S002,P0007,Toys,South,387,70,0,22.67,25,Snowy,1,19.61,Winter,0,97
2022-02-01,S002,P0008,Groceries,South,130,112,195,26.99,20,Snowy,1,26.55,Winter,0,171
2022-02-01,S002,P0009,Groceries,South,256,125,0,68.55,0,Snowy,0,63.38,Winter,0,111
2022-02-01,S002,P0010,Groceries,South,139,107,97,86.46,5,Snowy,0,93.39,Winter,0,105
2022-02-01,S002,P0011,Groceries,South,106,85,0,82.32,10,Snowy,1,74.48,Winter,0,71
2022-02-01,S002,P0012,Electronics,South,374,86,0,56.56,25,Snowy,1,53.68,Winter,0,107
2022-02-01,S002,P0013,Groceries,South,654,83,0,20.56,10,Snowy,0,22.73,Winter,0,107
2022-02-01,S002,P0014,Electronics,South,120,60,0,103.9,10,Snowy,1,112.41,Winter,0,73
2022-02-01,S002,P0015,Clothing,South,688,91,0,68.7,10,Snowy,1,74.72,Winter,0,129
2022-02-01,S002,P0016,Clothing,South,445,169,0,98.45,15,Snowy,1,97.62,Winter,0,168
2022-02-01,S002,P0017,Toys,South,622,123,0,20.43,15,Snowy,1,17.86,Winter,0,122
2022-02-01,S002,P0018,Clothing,South,103,103,127,25.07,20,Snowy,1,29.18,Winter,0,133
2022-02-01,S002,P0019,Clothing,South,626,81,0,100.98,0,Snowy,0,88.93,Winter,0,124
2022-02-01,S002,P0020,Furniture,South,132,42,0,120.6,0,Snowy,0,117.1,Winter,0,42
2022-02-01,S003,P0001,Toys,East,261,40,0,13.61,0,Snowy,0,15.68,Winter,0,38
2022-02-01,S003,P0002,Groceries,East,238,105,0,45.93,25,Snowy,1,39.82,Winter,0,108
2022-02-01,S003,P0003,Electronics,East,170,123,127,92.98,0,Snowy,0,104.97,Winter,0,107
2022-02-01,S003,P0004,Groceries,East,260,96,0,25.8,5,Snowy,0,27.54,Winter,0,151
2022-02-01,S003,P0005,Toys,East,899,60,0,18.6,10,Snowy,0,16.8,Winter,0,55
2022-02-01,S003,P0006,Toys,East,110,91,79,38.53,0,Snowy,0,42.87,Winter,0,90
2022-02-01,S003,P0007,Groceries,East,500,129,518,17.79,10,Snowy,1,17.52,Winter,0,144
2022-02-01,S003,P0008,Clothing,East,173,128,206,95.11,25,Snowy,1,100.64,Winter,0,124
2022-02-01,S003,P0009,Groceries,East,116,107,86,51.56,10,Snowy,0,45.34,Winter,0,99
2022-02-01,S003,P0010,Groceries,East,101,94,116,39.23,5,Snowy,0,33.7,Winter,0,98
2022-02-01,S003,P0011,Electronics,East,555,129,0,130.19,15,Snowy,1,123.2,Winter,0,148
2022-02-01,S003,P0012,Furniture,East,143,68,0,82.14,25,Snowy,1,80.77,Winter,0,89
2022-02-01,S003,P0013,Groceries,East,690,59,0,69.46,5,Snowy,0,82.33,Winter,0,99
2022-02-01,S003,P0014,Groceries,East,207,40,0,69.43,10,Snowy,1,83.01,Winter,0,41
2022-02-01,S003,P0015,Groceries,East,714,140,746,104.53,15,Snowy,1,121.71,Winter,0,175
2022-02-01,S003,P0016,Electronics,East,380,182,357,111.74,25,Snowy,1,95.27,Winter,0,219
2022-02-01,S003,P0017,Furniture,East,392,93,501,122.21,10,Snowy,1,132.22,Winter,0,107
2022-02-01,S003,P0018,Furniture,East,519,62,0,120.69,15,Snowy,1,116.94,Winter,0,75
2022-02-01,S003,P0019,Groceries,East,184,108,0,56.72,0,Snowy,0,54.19,Winter,0,91
2022-02-01,S003,P0020,Clothing,East,365,101,0,77.54,5,Snowy,0,90.18,Winter,0,125
2022-02-01,S004,P0001,Groceries,West,735,51,0,9.55,0,Snowy,0,10.22,Winter,0,56
2022-02-01,S004,P0002,Groceries,West,383,105,0,20.88,15,Snowy,1,18.69,Winter,0,143
2022-02-01,S004,P0003,Furniture,West,172,47,0,120.24,10,Snowy,0,117.91,Winter,0,49
2022-02-01,S004,P0004,Groceries,West,364,23,0,40.72,10,Snowy,0,40.32,Winter,0,37
2022-02-01,S004,P0005,Clothing,West,101,67,55,59.62,10,Snowy,0,69.01,Winter,0,68
2022-02-01,S004,P0006,Groceries,West,65,50,0,31.3,0,Snowy,0,35.26,Winter,0,54
2022-02-01,S004,P0007,Groceries,West,226,133,0,27.78,15,Snowy,1,23.66,Winter,0,122
2022-02-01,S004,P0008,Furniture,West,117,74,57,74.48,25,Snowy,1,65.0,Winter,0,62
2022-02-01,S004,P0009,Clothing,West,308,145,410,129.66,0,Snowy,0,137.7,Winter,0,132
2022-02-01,S004,P0010,Groceries,West,321,121,0,27.09,0,Snowy,0,29.57,Winter,0,111
2022-02-01,S004,P0011,Clothing,West,724,112,0,56.81,10,Snowy,1,52.4,Winter,0,97
2022-02-01,S004,P0012,Electronics,West,134,85,115,98.77,25,Snowy,1,95.04,Winter,0,121
2022-02-01,S004,P0013,Groceries,West,764,49,0,16.08,10,Snowy,0,15.53,Winter,0,45
2022-02-01,S004,P0014,Furniture,West,186,59,224,135.33,25,Snowy,1,153.62,Winter,0,96
2022-02-01,S004,P0015,Furniture,West,72,72,304,89.34,15,Snowy,1,99.48,Winter,0,98
2022-02-01,S004,P0016,Furniture,West,456,103,0,115.31,20,Snowy,1,105.47,Winter,0,119
2022-02-01,S004,P0017,Clothing,West,128,128,202,98.9,20,Snowy,1,112.15,Winter,0,176
2022-02-01,S004,P0018,Furniture,West,87,68,74,143.3,15,Snowy,1,122.52,Winter,0,72
2022-02-01,S004,P0019,Clothing,West,132,109,99,58.34,10,Snowy,0,55.72,Winter,0,103
2022-02-01,S004,P0020,Furniture,West,94,46,0,118.86,5,Snowy,0,112.58,Winter,0,48
2022-02-01,S005,P0001,Groceries,North,139,115,0,12.55,5,Snowy,0,11.59,Winter,0,111
2022-02-01,S005,P0002,Electronics,North,366,149,493,47.96,10,Snowy,1,42.61,Winter,0,161
2022-02-01,S005,P0003,Toys,North,180,80,0,30.72,0,Snowy,0,30.31,Winter,0,84
2022-02-01,S005,P0004,Groceries,North,178,146,141,9.02,0,Snowy,0,8.38,Winter,0,132
2022-02-01,S005,P0005,Groceries,North,247,75,193,14.73,10,Snowy,0,15.65,Winter,0,99
2022-02-01,S005,P0006,Groceries,North,896,45,0,53.46,0,Snowy,0,62.18,Winter,0,67
2022-02-01,S005,P0007,Groceries,North,347,97,0,80.01,10,Snowy,1,73.98,Winter,0,106
2022-02-01,S005,P0008,Groceries,North,132,125,116,55.55,15,Snowy,1,60.94,Winter,0,110
2022-02-01,S005,P0009,Groceries,North,181,88,0,91.8,10,Snowy,0,81.43,Winter,0,101
2022-02-01,S005,P0010,Groceries,North,486,24,0,45.73,5,Snowy,0,48.22,Winter,0,39
2022-02-01,S005,P0011,Electronics,North,498,80,0,67.25,20,Snowy,1,70.87,Winter,0,109
2022-02-01,S005,P0012,Furniture,North,449,130,401,132.7,15,Snowy,1,114.55,Winter,0,115
2022-02-01,S005,P0013,Groceries,North,415,59,0,64.85,10,Snowy,0,77.58,Winter,0,88
2022-02-01,S005,P0014,Furniture,North,129,108,0,137.33,25,Snowy,1,156.19,Winter,0,104
2022-02-01,S005,P0015,Groceries,North,331,148,294,48.14,25,Snowy,1,47.3,Winter,0,164
2022-02-01,S005,P0016,Toys,North,315,95,0,28.07,25,Snowy,1,25.57,Winter,0,100
2022-02-01,S005,P0017,Toys,North,107,107,127,38.45,10,Snowy,1,42.98,Winter,0,135
2022-02-01,S005,P0018,Clothing,North,158,158,178,22.36,20,Snowy,1,25.88,Winter,0,180
2022-02-01,S005,P0019,Furniture,North,211,69,0,143.82,0,Snowy,0,137.28,Winter,0,69
2022-02-01,S005,P0020,Toys,North,142,106,85,29.22,10,Snowy,0,24.84,Winter,0,94
2022-02-02,S001,P0001,Electronics,North,259,94,215,60.16,20,Cloudy,1,54.96,Winter,0,94
2022-02-02,S001,P0002,Clothing,North,212,177,248,76.43,15,Cloudy,1,84.38,Winter,0,208
2022-02-02,S001,P0003,Clothing,North,511,80,0,54.73,10,Cloudy,1,60.23,Winter,0,127
2022-02-02,S001,P0004,Electronics,North,223,143,233,101.6,20,Cloudy,1,98.0,Winter,0,130
2022-02-02,S001,P0005,Groceries,North,817,140,0,70.02,5,Cloudy,0,66.62,Winter,0,153
2022-02-02,S001,P0006,Toys,North,416,63,0,38.72,5,Cloudy,0,44.66,Winter,0,93
2022-02-02,S001,P0007,Groceries,North,504,5,0,15.34,15,Cloudy,1,14.07,Winter,0,4
2022-02-02,S001,P0008,Electronics,North,204,82,0,42.47,10,Cloudy,0,40.28,Winter,0,95
2022-02-02,S001,P0009,Clothing,North,175,175,216,86.08,25,Cloudy,1,91.21,Winter,0,181
2022-02-02,S001,P0010,Furniture,North,368,93,502,121.19,20,Cloudy,1,128.39,Winter,0,125
2022-02-02,S001,P0011,Furniture,North,291,94,231,145.45,20,Cloudy,1,156.75,Winter,0,108
2022-02-02,S001,P0012,Groceries,North,389,35,0,58.8,10,Cloudy,0,70.53,Winter,0,34
2022-02-02,S001,P0013,Toys,North,105,39,57,31.51,0,Cloudy,0,26.96,Winter,0,65
2022-02-02,S001,P0014,Groceries,North,405,83,0,62.98,10,Cloudy,0,56.98,Winter,0,72
2022-02-02,S001,P0015,Toys,North,93,93,137,18.49,0,Cloudy,0,21.52,Winter,0,140
2022-02-02,S001,P0016,Groceries,North,261,129,0,45.9,0,Cloudy,0,43.07,Winter,0,135
2022-02-02,S001,P0017,Toys,North,160,160,154,23.58,25,Cloudy,1,23.43,Winter,0,189
2022-02-02,S001,P0018,Groceries,North,239,93,0,59.41,15,Cloudy,1,59.11,Winter,0,126
2022-02-02,S001,P0019,Furniture,North,76,61,63,95.25,10,Cloudy,0,104.05,Winter,0,57
2022-02-02,S001,P0020,Furniture,North,246,58,0,108.58,10,Cloudy,0,129.54,Winter,0,78
2022-02-02,S002,P0001,Groceries,South,704,102,0,70.49,20,Sunny,1,68.11,Winter,0,108
2022-02-02,S002,P0002,Toys,South,133,133,380,35.84,15,Sunny,1,43.13,Winter,0,177
2022-02-02,S002,P0003,Groceries,South,283,126,0,89.51,10,Sunny,1,88.84,Winter,0,148
2022-02-02,S002,P0004,Groceries,South,574,176,0,39.18,25,Sunny,1,38.25,Winter,0,151
2022-02-02,S002,P0005,Electronics,South,229,64,0,84.92,10,Sunny,0,100.99,Winter,0,101
2022-02-02,S002,P0006,Clothing,South,187,110,0,70.49,0,Sunny,0,82.96,Winter,0,117
2022-02-02,S002,P0007,Toys,South,317,168,507,31.36,10,Sunny,1,29.74,Winter,0,143
2022-02-02,S002,P0008,Groceries,South,213,98,0,32.47,0,Sunny,0,32.22,Winter,0,157
2022-02-02,S002,P0009,Groceries,South,469,178,0,61.01,25,Sunny,1,70.27,Winter,0,190
2022-02-02,S002,P0010,Groceries,South,129,129,248,116.55,10,Sunny,1,123.35,Winter,0,237
2022-02-02,S002,P0011,Groceries,South,211,145,0,93.82,20,Sunny,1,87.06,Winter,0,149
2022-02-02,S002,P0012,Electronics,South,720,54,0,64.02,10,Sunny,0,60.91,Winter,0,90
2022-02-02,S002,P0013,Groceries,South,571,68,0,19.66,10,Sunny,0,19.18,Winter,0,78
2022-02-02,S002,P0014,Electronics,South,575,156,544,145.13,0,Sunny,0,173.58,Winter,0,144
2022-02-02,S002,P0015,Clothing,South,597,135,886,81.62,10,Sunny,0,86.17,Winter,0,192
2022-02-02,S002,P0016,Clothing,South,276,123,364,109.09,10,Sunny,0,96.81,Winter,0,185
2022-02-02,S002,P0017,Toys,South,499,152,420,22.5,15,Sunny,1,25.76,Winter,0,174
2022-02-02,S002,P0018,Clothing,South,127,127,171,24.25,25,Sunny,1,29.07,Winter,0,144
2022-02-02,S002,P0019,Clothing,South,545,116,520,95.96,10,Sunny,0,83.68,Winter,0,142
2022-02-02,S002,P0020,Furniture,South,90,81,0,136.85,10,Sunny,0,120.93,Winter,0,106
2022-02-02,S003,P0001,Toys,East,221,179,338,19.66,10,Sunny,1,21.2,Winter,0,184
2022-02-02,S003,P0002,Groceries,East,616,224,513,66.35,10,Sunny,1,75.57,Winter,0,192
2022-02-02,S003,P0003,Electronics,East,174,133,177,102.55,15,Sunny,1,102.27,Winter,0,179
2022-02-02,S003,P0004,Groceries,East,695,166,0,26.35,15,Sunny,1,24.21,Winter,0,181
2022-02-02,S003,P0005,Toys,East,839,137,0,27.18,5,Sunny,0,24.82,Winter,0,155
2022-02-02,S003,P0006,Toys,East,98,98,104,40.11,10,Sunny,0,38.88,Winter,0,119
2022-02-02,S003,P0007,Groceries,East,371,219,0,18.47,15,Sunny,1,21.65,Winter,0,199
2022-02-02,S003,P0008,Clothing,East,45,45,330,123.78,10,Sunny,0,149.65,Winter,0,152
2022-02-02,S003,P0009,Groceries,East,95,95,145,49.43,25,Sunny,1,45.15,Winter,0,145
2022-02-02,S003,P0010,Groceries,East,123,69,110,35.47,10,Sunny,1,40.68,Winter,0,100
2022-02-02,S003,P0011,Electronics,East,426,169,345,131.0,25,Sunny,1,112.27,Winter,0,198
2022-02-02,S003,P0012,Furniture,East,223,32,0,79.84,10,Sunny,0,74.41,Winter,0,34
2022-02-02,S003,P0013,Groceries,East,631,86,0,72.94,10,Sunny,0,82.51,Winter,0,132
2022-02-02,S003,P0014,Groceries,East,167,73,0,97.31,0,Sunny,0,114.61,Winter,0,105
2022-02-02,S003,P0015,Groceries,East,574,109,0,103.14,0,Sunny,0,112.47,Winter,0,114
2022-02-02,S003,P0016,Electronics,East,198,149,0,103.14,10,Sunny,0,120.35,Winter,0,138
2022-02-02,S003,P0017,Furniture,East,299,118,0,141.85,10,Sunny,1,159.79,Winter,0,157
2022-02-02,S003,P0018,Furniture,East,457,56,0,106.16,25,Sunny,1,116.65,Winter,0,89
2022-02-02,S003,P0019,Groceries,East,76,76,122,58.19,5,Sunny,0,63.73,Winter,0,131
2022-02-02,S003,P0020,Clothing,East,944,100,0,82.31,0,Sunny,0,79.86,Winter,0,111
2022-02-02,S004,P0001,Groceries,West,684,187,803,12.65,10,Sunny,1,15.22,Winter,0,179
2022-02-02,S004,P0002,Groceries,West,278,146,376,19.25,25,Sunny,1,21.57,Winter,0,178
2022-02-02,S004,P0003,Furniture,West,125,56,0,106.03,20,Sunny,1,128.16,Winter,0,60
2022-02-02,S004,P0004,Groceries,West,341,173,0,61.52,10,Sunny,1,70.68,Winter,0,180
2022-02-02,S004,P0005,Clothing,West,89,89,135,76.28,10,Sunny,0,91.99,Winter,0,144
2022-02-02,S004,P0006,Groceries,West,265,147,333,46.41,0,Sunny,0,42.26,Winter,0,160
2022-02-02,S004,P0007,Groceries,West,763,126,665,36.73,10,Sunny,1,33.37,Winter,0,204
2022-02-02,S004,P0008,Furniture,West,100,50,90,100.66,5,Sunny,0,98.0,Winter,0,80
2022-02-02,S004,P0009,Clothing,West,163,163,593,134.87,15,Sunny,1,144.84,Winter,0,208
2022-02-02,S004,P0010,Groceries,West,200,164,895,32.4,10,Sunny,1,36.67,Winter,0,215
2022-02-02,S004,P0011,Clothing,West,612,123,0,50.31,20,Sunny,1,58.46,Winter,0,111
2022-02-02,S004,P0012,Electronics,West,164,62,0,105.87,5,Sunny,0,100.87,Winter,0,71
2022-02-02,S004,P0013,Groceries,West,715,122,0,24.15,0,Sunny,0,26.2,Winter,0,151
2022-02-02,S004,P0014,Furniture,West,127,32,0,135.94,10,Sunny,0,133.87,Winter,0,34
2022-02-02,S004,P0015,Furniture,West,254,52,0,94.77,0,Sunny,0,113.2,Winter,0,68
2022-02-02,S004,P0016,Furniture,West,353,76,0,102.33,10,Sunny,0,121.38,Winter,0,64
2022-02-02,S004,P0017,Clothing,West,202,202,218,129.67,10,Sunny,1,145.74,Winter,0,239
2022-02-02,S004,P0018,Furniture,West,93,86,127,161.68,15,Sunny,1,193.23,Winter,0,124
2022-02-02,S004,P0019,Clothing,West,122,63,66,59.62,0,Sunny,0,51.56,Winter,0,78
2022-02-02,S004,P0020,Furniture,West,230,114,187,137.29,10,Sunny,0,134.78,Winter,0,104
2022-02-02,S005,P0001,Groceries,North,241,135,348,11.9,15,Cloudy,1,13.1,Winter,0,148
2022-02-02,S005,P0002,Electronics,North,217,57,0,30.56,20,Cloudy,1,29.73,Winter,0,57
2022-02-02,S005,P0003,Toys,North,100,76,73,20.9,25,Cloudy,1,24.67,Winter,0,71
2022-02-02,S005,P0004,Groceries,North,173,85,108,6.8,15,Cloudy,1,7.96,Winter,0,110
2022-02-02,S005,P0005,Groceries,North,172,48,0,15.32,0,Cloudy,0,17.12,Winter,0,79
2022-02-02,S005,P0006,Groceries,North,851,61,0,53.81,10,Cloudy,0,62.93,Winter,0,99
2022-02-02,S005,P0007,Groceries,North,250,191,465,92.0,15,Cloudy,1,105.81,Winter,0,194
2022-02-02,S005,P0008,Groceries,North,123,114,101,59.16,10,Cloudy,0,56.9,Winter,0,96
2022-02-02,S005,P0009,Groceries,North,93,85,0,79.92,15,Cloudy,1,95.43,Winter,0,92
2022-02-02,S005,P0010,Groceries,North,462,83,0,55.15,20,Cloudy,1,52.93,Winter,0,127
2022-02-02,S005,P0011,Electronics,North,418,187,609,72.68,25,Cloudy,1,87.01,Winter,0,156
2022-02-02,S005,P0012,Furniture,North,319,56,0,115.54,10,Cloudy,0,101.81,Winter,0,59
2022-02-02,S005,P0013,Groceries,North,356,106,496,86.37,10,Cloudy,0,86.35,Winter,0,166
2022-02-02,S005,P0014,Furniture,North,291,41,0,136.83,5,Cloudy,0,158.54,Winter,0,38
2022-02-02,S005,P0015,Groceries,North,183,163,0,51.19,10,Cloudy,0,59.18,Winter,0,139
2022-02-02,S005,P0016,Toys,North,220,19,0,28.24,0,Cloudy,0,26.11,Winter,0,25
2022-02-02,S005,P0017,Toys,North,127,127,104,32.49,25,Cloudy,1,32.13,Winter,0,123
2022-02-02,S005,P0018,Clothing,North,178,88,120,19.15,25,Cloudy,1,21.35,Winter,0,147
2022-02-02,S005,P0019,Furniture,North,142,62,123,131.65,10,Cloudy,0,128.78,Winter,0,74
2022-02-02,S005,P0020,Toys,North,121,58,99,29.74,0,Cloudy,0,32.17,Winter,0,84
2022-02-03,S001,P0001,Electronics,North,165,41,0,64.73,5,Cloudy,0,56.97,Winter,0,66
2022-02-03,S001,P0002,Clothing,North,283,47,0,49.84,15,Cloudy,1,56.17,Winter,0,65
2022-02-03,S001,P0003,Clothing,North,431,49,0,38.8,25,Cloudy,1,37.03,Winter,0,63
2022-02-03,S001,P0004,Electronics,North,80,80,0,102.23,15,Cloudy,1,109.5,Winter,0,129
2022-02-03,S001,P0005,Groceries,North,677,116,621,59.18,25,Cloudy,1,52.42,Winter,0,178
2022-02-03,S001,P0006,Toys,North,353,98,422,34.29,25,Cloudy,1,37.7,Winter,0,129
2022-02-03,S001,P0007,Groceries,North,499,110,0,22.62,10,Cloudy,0,25.34,Winter,0,102
2022-02-03,S001,P0008,Electronics,North,122,69,0,35.18,15,Cloudy,1,42.3,Winter,0,72
2022-02-03,S001,P0009,Clothing,North,216,216,248,112.87,10,Cloudy,1,129.63,Winter,0,217
2022-02-03,S001,P0010,Furniture,North,275,126,0,144.53,0,Cloudy,0,156.96,Winter,0,110
2022-02-03,S001,P0011,Furniture,North,197,80,0,151.56,10,Cloudy,0,149.19,Winter,0,71
2022-02-03,S001,P0012,Groceries,North,354,80,0,68.59,20,Cloudy,1,80.23,Winter,0,109
2022-02-03,S001,P0013,Toys,North,123,98,108,27.73,20,Cloudy,1,33.56,Winter,0,108
2022-02-03,S001,P0014,Groceries,North,322,111,348,69.88,10,Cloudy,0,63.08,Winter,0,102
2022-02-03,S001,P0015,Toys,North,137,72,101,14.01,10,Cloudy,1,16.72,Winter,0,86
2022-02-03,S001,P0016,Groceries,North,132,132,0,48.42,5,Cloudy,0,43.83,Winter,0,173
2022-02-03,S001,P0017,Toys,North,154,60,0,20.78,0,Cloudy,0,17.97,Winter,0,55
2022-02-03,S001,P0018,Groceries,North,146,66,77,54.53,10,Cloudy,0,49.13,Winter,0,82
2022-02-03,S001,P0019,Furniture,North,78,78,101,103.05,15,Cloudy,1,118.09,Winter,0,95
2022-02-03,S001,P0020,Furniture,North,471,115,570,133.11,10,Cloudy,1,142.84,Winter,0,142
2022-02-03,S002,P0001,Groceries,South,602,91,0,78.39,10,Cloudy,0,87.41,Winter,0,121
2022-02-03,S002,P0002,Toys,South,186,91,0,35.82,10,Cloudy,1,31.08,Winter,0,138
2022-02-03,S002,P0003,Groceries,South,157,148,470,78.29,20,Cloudy,1,86.92,Winter,0,161
2022-02-03,S002,P0004,Groceries,South,398,189,529,45.41,20,Cloudy,1,44.16,Winter,0,182
2022-02-03,S002,P0005,Electronics,South,165,114,517,92.54,20,Cloudy,1,89.89,Winter,0,151
2022-02-03,S002,P0006,Clothing,South,77,62,70,49.93,20,Cloudy,1,52.64,Winter,0,81
2022-02-03,S002,P0007,Toys,South,149,106,0,30.95,0,Cloudy,0,34.99,Winter,0,121
2022-02-03,S002,P0008,Groceries,South,115,115,198,29.17,15,Cloudy,1,34.72,Winter,0,198
2022-02-03,S002,P0009,Groceries,South,291,213,390,72.7,20,Cloudy,1,78.97,Winter,0,236
2022-02-03,S002,P0010,Groceries,South,248,104,0,90.07,5,Cloudy,0,79.37,Winter,0,102
2022-02-03,S002,P0011,Groceries,South,392,205,519,119.84,5,Cloudy,0,114.7,Winter,0,176
2022-02-03,S002,P0012,Electronics,South,666,112,653,68.76,20,Cloudy,1,77.43,Winter,0,170
2022-02-03,S002,P0013,Groceries,South,503,131,521,26.05,15,Cloudy,1,24.78,Winter,0,192
2022-02-03,S002,P0014,Electronics,South,419,60,0,112.07,10,Cloudy,0,128.17,Winter,0,94
2022-02-03,S002,P0015,Clothing,South,462,126,0,76.68,15,Cloudy,1,92.66,Winter,0,190
2022-02-03,S002,P0016,Clothing,South,153,92,0,91.19,10,Cloudy,0,83.37,Winter,0,121
2022-02-03,S002,P0017,Toys,South,347,117,0,22.0,5,Cloudy,0,21.45,Winter,0,110
2022-02-03,S002,P0018,Clothing,South,171,80,0,24.84,10,Cloudy,0,26.29,Winter,0,93
2022-02-03,S002,P0019,Clothing,South,429,87,0,76.05,25,Cloudy,1,86.35,Winter,0,143
2022-02-03,S002,P0020,Furniture,South,320,114,383,118.61,25,Cloudy,1,137.77,Winter,0,136
2022-02-03,S003,P0001,Toys,East,42,42,0,16.19,5,Cloudy,0,17.53,Winter,0,99
2022-02-03,S003,P0002,Groceries,East,392,129,0,55.99,15,Cloudy,1,65.58,Winter,0,150
2022-02-03,S003,P0003,Electronics,East,218,147,167,82.87,25,Cloudy,1,80.29,Winter,0,147
2022-02-03,S003,P0004,Groceries,East,529,106,0,20.02,25,Cloudy,1,21.34,Winter,0,145
2022-02-03,S003,P0005,Toys,East,702,79,0,17.63,15,Cloudy,1,19.76,Winter,0,69
2022-02-03,S003,P0006,Toys,East,104,104,91,37.05,15,Cloudy,1,32.4,Winter,0,112
2022-02-03,S003,P0007,Groceries,East,152,74,0,15.77,10,Cloudy,0,15.17,Winter,0,105
2022-02-03,S003,P0008,Clothing,East,206,105,0,101.18,15,Cloudy,1,111.37,Winter,0,104
2022-02-03,S003,P0009,Groceries,East,145,145,189,70.42,15,Cloudy,1,64.19,Winter,0,235
2022-02-03,S003,P0010,Groceries,East,164,145,162,43.16,5,Cloudy,0,51.92,Winter,0,146
2022-02-03,S003,P0011,Electronics,East,257,84,0,118.76,5,Cloudy,0,142.36,Winter,0,98
2022-02-03,S003,P0012,Furniture,East,191,95,235,102.52,10,Cloudy,1,97.57,Winter,0,101
2022-02-03,S003,P0013,Groceries,East,545,187,0,79.25,10,Cloudy,1,95.31,Winter,0,161
2022-02-03,S003,P0014,Groceries,East,518,202,563,128.52,5,Cloudy,0,110.29,Winter,0,205
2022-02-03,S003,P0015,Groceries,East,465,71,0,81.56,10,Cloudy,1,94.12,Winter,0,75
2022-02-03,S003,P0016,Electronics,East,406,97,0,92.81,5,Cloudy,0,111.25,Winter,0,88
2022-02-03,S003,P0017,Furniture,East,181,48,0,108.13,10,Cloudy,0,126.73,Winter,0,71
2022-02-03,S003,P0018,Furniture,East,401,63,322,130.44,10,Cloudy,0,116.32,Winter,0,81
2022-02-03,S003,P0019,Groceries,East,122,89,137,52.61,15,Cloudy,1,59.38,Winter,0,135
2022-02-03,S003,P0020,Clothing,East,844,146,0,92.74,10,Cloudy,1,85.24,Winter,0,190
2022-02-03,S004,P0001,Groceries,West,497,89,0,11.48,5,Sunny,0,13.66,Winter,0,125
2022-02-03,S004,P0002,Groceries,West,132,132,516,28.72,10,Sunny,1,26.54,Winter,0,247
2022-02-03,S004,P0003,Furniture,West,307,109,269,133.54,15,Sunny,1,125.08,Winter,0,93
2022-02-03,S004,P0004,Groceries,West,527,134,579,52.28,25,Sunny,1,62.77,Winter,0,188
2022-02-03,S004,P0005,Clothing,West,135,132,149,60.82,25,Sunny,1,71.96,Winter,0,129
2022-02-03,S004,P0006,Groceries,West,118,118,469,38.61,25,Sunny,1,38.1,Winter,0,200
2022-02-03,S004,P0007,Groceries,West,637,87,0,29.93,10,Sunny,0,28.58,Winter,0,128
2022-02-03,S004,P0008,Furniture,West,140,137,119,88.41,25,Sunny,1,97.41,Winter,0,129
2022-02-03,S004,P0009,Clothing,West,0,0,0,134.49,15,Sunny,1,119.97,Winter,0,186
2022-02-03,S004,P0010,Groceries,West,36,36,0,27.32,0,Sunny,0,32.07,Winter,0,114
2022-02-03,S004,P0011,Clothing,West,489,227,794,74.73,5,Sunny,0,81.4,Winter,0,191
2022-02-03,S004,P0012,Electronics,West,102,48,69,92.13,15,Sunny,1,102.07,Winter,0,77
2022-02-03,S004,P0013,Groceries,West,593,186,469,22.65,15,Sunny,1,25.17,Winter,0,188
2022-02-03,S004,P0014,Furniture,West,319,28,0,139.18,5,Sunny,0,149.43,Winter,0,39
2022-02-03,S004,P0015,Furniture,West,202,195,577,106.69,25,Sunny,1,105.42,Winter,0,184
2022-02-03,S004,P0016,Furniture,West,277,71,0,118.29,0,Sunny,0,101.53,Winter,0,61
2022-02-03,S004,P0017,Clothing,West,218,86,0,101.97,5,Sunny,0,115.76,Winter,0,126
2022-02-03,S004,P0018,Furniture,West,134,83,89,157.16,10,Sunny,0,177.24,Winter,0,97
2022-02-03,S004,P0019,Clothing,West,125,125,190,56.93,25,Sunny,1,61.14,Winter,0,175
2022-02-03,S004,P0020,Furniture,West,116,28,0,98.09,15,Sunny,1,91.06,Winter,0,29
2022-02-03,S005,P0001,Groceries,North,106,78,0,10.97,5,Cloudy,0,11.65,Winter,0,86
2022-02-03,S005,P0002,Electronics,North,160,160,0,50.56,10,Cloudy,1,48.75,Winter,0,181
2022-02-03,S005,P0003,Toys,North,97,50,71,24.38,15,Cloudy,1,26.68,Winter,0,79
2022-02-03,S005,P0004,Groceries,North,196,140,125,6.61,25,Cloudy,1,6.02,Winter,0,125
2022-02-03,S005,P0005,Groceries,North,317,77,0,12.42,20,Cloudy,1,14.55,Winter,0,83
2022-02-03,S005,P0006,Groceries,North,790,302,937,83.56,15,Cloudy,1,74.78,Winter,0,270
2022-02-03,S005,P0007,Groceries,North,59,59,0,83.62,10,Cloudy,0,73.32,Winter,0,120
2022-02-03,S005,P0008,Groceries,North,110,87,86,51.83,20,Cloudy,1,46.72,Winter,0,92
2022-02-03,S005,P0009,Groceries,North,322,103,357,80.97,20,Cloudy,1,87.81,Winter,0,115
2022-02-03,S005,P0010,Groceries,North,379,75,0,53.14,5,Cloudy,0,58.71,Winter,0,79
2022-02-03,S005,P0011,Electronics,North,231,92,0,86.48,10,Cloudy,0,74.81,Winter,0,136
2022-02-03,S005,P0012,Furniture,North,263,133,0,138.6,15,Cloudy,1,123.78,Winter,0,130
2022-02-03,S005,P0013,Groceries,North,250,90,0,66.36,20,Cloudy,1,59.64,Winter,0,116
2022-02-03,S005,P0014,Furniture,North,250,62,0,153.97,5,Cloudy,0,153.89,Winter,0,55
2022-02-03,S005,P0015,Groceries,North,314,141,406,49.75,25,Cloudy,1,43.57,Winter,0,176
2022-02-03,S005,P0016,Toys,North,627,90,0,41.71,0,Cloudy,0,36.3,Winter,0,134
2022-02-03,S005,P0017,Toys,North,104,76,58,32.65,10,Cloudy,0,29.08,Winter,0,70
2022-02-03,S005,P0018,Clothing,North,210,74,0,22.57,0,Cloudy,0,24.31,Winter,0,106
2022-02-03,S005,P0019,Furniture,North,80,80,278,151.78,10,Cloudy,1,168.37,Winter,0,133
2022-02-03,S005,P0020,Toys,North,162,152,203,33.42,20,Cloudy,1,38.77,Winter,0,200
2022-02-04,S001,P0001,Electronics,North,339,76,0,69.7,10,Snowy,1,81.05,Winter,0,119
2022-02-04,S001,P0002,Clothing,North,236,69,0,66.86,0,Snowy,0,72.25,Winter,0,102
2022-02-04,S001,P0003,Clothing,North,382,103,0,53.29,5,Snowy,0,58.64,Winter,0,101
2022-02-04,S001,P0004,Electronics,North,233,74,257,114.21,5,Snowy,0,110.84,Winter,0,112
2022-02-04,S001,P0005,Groceries,North,561,92,0,51.86,10,Snowy,0,56.4,Winter,0,90
2022-02-04,S001,P0006,Toys,North,255,56,0,38.39,5,Snowy,0,44.2,Winter,0,90
2022-02-04,S001,P0007,Groceries,North,389,119,384,25.05,10,Snowy,0,21.47,Winter,0,118
2022-02-04,S001,P0008,Electronics,North,53,53,71,40.59,0,Snowy,0,42.87,Winter,0,66
2022-02-04,S001,P0009,Clothing,North,248,131,0,91.31,10,Snowy,0,81.02,Winter,0,119
2022-02-04,S001,P0010,Furniture,North,149,114,0,131.25,5,Snowy,0,153.37,Winter,0,96
2022-02-04,S001,P0011,Furniture,North,348,103,0,169.25,5,Snowy,0,188.64,Winter,0,102
2022-02-04,S001,P0012,Groceries,North,274,130,277,87.21,10,Snowy,1,93.29,Winter,0,150
2022-02-04,S001,P0013,Toys,North,133,83,84,32.13,10,Snowy,0,27.91,Winter,0,101
2022-02-04,S001,P0014,Groceries,North,211,147,0,77.81,10,Snowy,0,69.02,Winter,0,137
2022-02-04,S001,P0015,Toys,North,166,84,0,14.99,5,Snowy,0,14.79,Winter,0,75
2022-02-04,S001,P0016,Groceries,North,556,179,447,44.77,15,Snowy,1,40.74,Winter,0,186
2022-02-04,S001,P0017,Toys,North,94,84,84,23.56,0,Snowy,0,23.15,Winter,0,90
2022-02-04,S001,P0018,Groceries,North,157,81,140,54.01,20,Snowy,1,59.14,Winter,0,132
2022-02-04,S001,P0019,Furniture,North,101,57,89,122.7,0,Snowy,0,113.52,Winter,0,84
2022-02-04,S001,P0020,Furniture,North,356,93,0,125.4,5,Snowy,0,121.25,Winter,0,89
2022-02-04,S002,P0001,Groceries,South,511,175,530,95.92,15,Sunny,1,109.36,Winter,0,217
2022-02-04,S002,P0002,Toys,South,475,49,0,28.46,10,Sunny,0,27.85,Winter,0,67
2022-02-04,S002,P0003,Groceries,South,366,107,0,76.74,10,Sunny,0,67.58,Winter,0,98
2022-02-04,S002,P0004,Groceries,South,209,137,0,48.38,10,Sunny,0,45.84,Winter,0,162
2022-02-04,S002,P0005,Electronics,South,464,65,0,96.86,0,Sunny,0,83.96,Winter,0,93
2022-02-04,S002,P0006,Clothing,South,85,85,133,78.19,0,Sunny,0,83.41,Winter,0,153
2022-02-04,S002,P0007,Toys,South,43,31,0,21.51,10,Sunny,0,23.83,Winter,0,47
2022-02-04,S002,P0008,Groceries,South,198,82,0,21.57,10,Sunny,0,25.15,Winter,0,77
2022-02-04,S002,P0009,Groceries,South,78,78,0,65.25,10,Sunny,0,72.27,Winter,0,147
2022-02-04,S002,P0010,Groceries,South,144,144,200,104.79,10,Sunny,0,90.22,Winter,0,172
2022-02-04,S002,P0011,Groceries,South,187,38,0,74.71,10,Sunny,0,70.25,Winter,0,46
2022-02-04,S002,P0012,Electronics,South,554,97,0,56.37,25,Sunny,1,50.52,Winter,0,106
2022-02-04,S002,P0013,Groceries,South,372,93,0,21.87,0,Sunny,0,25.36,Winter,0,94
2022-02-04,S002,P0014,Electronics,South,359,70,0,126.94,0,Sunny,0,146.53,Winter,0,100
2022-02-04,S002,P0015,Clothing,South,336,119,0,73.47,0,Sunny,0,81.64,Winter,0,117
2022-02-04,S002,P0016,Clothing,South,425,181,361,109.96,10,Sunny,1,123.75,Winter,0,209
2022-02-04,S002,P0017,Toys,South,230,83,0,20.81,5,Sunny,0,22.75,Winter,0,109
2022-02-04,S002,P0018,Clothing,South,91,91,162,33.95,10,Sunny,1,29.37,Winter,0,182
2022-02-04,S002,P0019,Clothing,South,342,75,0,84.32,10,Sunny,0,77.4,Winter,0,100
2022-02-04,S002,P0020,Furniture,South,206,77,0,139.79,0,Sunny,0,168.44,Winter,0,96
2022-02-04,S003,P0001,Toys,East,338,110,0,15.08,20,Sunny,1,13.2,Winter,0,114
2022-02-04,S003,P0002,Groceries,East,263,153,0,76.28,0,Sunny,0,68.37,Winter,0,185
2022-02-04,S003,P0003,Electronics,East,238,72,0,91.85,5,Sunny,0,105.39,Winter,0,119
2022-02-04,S003,P0004,Groceries,East,423,112,363,24.47,5,Sunny,0,26.87,Winter,0,133
2022-02-04,S003,P0005,Toys,East,623,73,0,23.15,5,Sunny,0,20.35,Winter,0,101
2022-02-04,S003,P0006,Toys,East,91,63,88,32.88,10,Sunny,0,37.0,Winter,0,74
2022-02-04,S003,P0007,Groceries,East,78,78,0,14.98,10,Sunny,0,16.65,Winter,0,104
2022-02-04,S003,P0008,Clothing,East,431,45,0,105.87,0,Sunny,0,97.58,Winter,0,56
2022-02-04,S003,P0009,Groceries,East,189,139,0,63.25,0,Sunny,0,60.78,Winter,0,131
2022-02-04,S003,P0010,Groceries,East,181,105,169,46.09,10,Sunny,0,44.28,Winter,0,171
2022-02-04,S003,P0011,Electronics,East,518,244,0,169.32,5,Sunny,0,149.53,Winter,0,206
2022-02-04,S003,P0012,Furniture,East,96,96,288,113.2,15,Sunny,1,101.6,Winter,0,153
2022-02-04,S003,P0013,Groceries,East,1134,84,0,75.11,0,Sunny,0,82.39,Winter,0,107
2022-02-04,S003,P0014,Groceries,East,316,108,0,103.45,5,Sunny,0,116.28,Winter,0,142
2022-02-04,S003,P0015,Groceries,East,394,76,0,91.94,10,Sunny,0,102.13,Winter,0,111
2022-02-04,S003,P0016,Electronics,East,309,132,373,104.03,15,Sunny,1,119.14,Winter,0,162
2022-02-04,S003,P0017,Furniture,East,133,106,0,136.3,0,Sunny,0,130.68,Winter,0,93
2022-02-04,S003,P0018,Furniture,East,338,79,0,114.14,20,Sunny,1,124.89,Winter,0,91
2022-02-04,S003,P0019,Groceries,East,170,170,166,69.69,0,Sunny,0,84.07,Winter,0,178
2022-02-04,S003,P0020,Clothing,East,698,151,0,83.62,10,Sunny,0,82.5,Winter,0,152
2022-02-04,S004,P0001,Groceries,West,408,252,0,11.44,25,Cloudy,1,12.96,Winter,0,211
2022-02-04,S004,P0002,Groceries,West,376,63,0,19.84,5,Cloudy,0,17.87,Winter,0,91
2022-02-04,S004,P0003,Furniture,West,198,77,0,142.39,0,Cloudy,0,128.39,Winter,0,66
2022-02-04,S004,P0004,Groceries,West,393,126,0,62.8,5,Cloudy,0,59.53,Winter,0,149
2022-02-04,S004,P0005,Clothing,West,152,106,121,80.53,0,Cloudy,0,95.27,Winter,0,126
2022-02-04,S004,P0006,Groceries,West,333,86,0,39.42,5,Cloudy,0,35.54,Winter,0,122
2022-02-04,S004,P0007,Groceries,West,550,134,0,33.25,0,Cloudy,0,32.55,Winter,0,128
2022-02-04,S004,P0008,Furniture,West,122,32,0,84.82,5,Cloudy,0,80.35,Winter,0,35
2022-02-04,S004,P0009,Clothing,West,410,95,0,118.08,0,Cloudy,0,129.84,Winter,0,102
2022-02-04,S004,P0010,Groceries,West,654,126,0,28.18,5,Cloudy,0,29.85,Winter,0,141
2022-02-04,S004,P0011,Clothing,West,262,113,0,68.3,0,Cloudy,0,76.2,Winter,0,139
2022-02-04,S004,P0012,Electronics,West,123,73,0,99.73,10,Cloudy,1,86.81,Winter,0,69
2022-02-04,S004,P0013,Groceries,West,407,86,0,20.47,10,Cloudy,0,19.85,Winter,0,113
2022-02-04,S004,P0014,Furniture,West,291,67,0,193.94,0,Cloudy,0,188.13,Winter,0,102
2022-02-04,S004,P0015,Furniture,West,311,56,0,93.49,0,Cloudy,0,89.16,Winter,0,51
2022-02-04,S004,P0016,Furniture,West,206,77,187,102.99,10,Cloudy,1,122.13,Winter,0,66
2022-02-04,S004,P0017,Clothing,West,132,57,75,87.95,5,Cloudy,0,97.35,Winter,0,80
2022-02-04,S004,P0018,Furniture,West,140,104,112,165.45,10,Cloudy,1,150.84,Winter,0,97
2022-02-04,S004,P0019,Clothing,West,190,75,0,55.6,10,Cloudy,0,51.0,Winter,0,89
2022-02-04,S004,P0020,Furniture,West,275,90,0,133.43,10,Cloudy,0,113.5,Winter,0,95
2022-02-04,S005,P0001,Groceries,North,376,148,381,15.61,10,Snowy,1,14.64,Winter,0,210
2022-02-04,S005,P0002,Electronics,North,493,96,0,42.82,0,Snowy,0,48.91,Winter,0,105
2022-02-04,S005,P0003,Toys,North,118,104,85,27.25,10,Snowy,0,29.21,Winter,0,95
2022-02-04,S005,P0004,Groceries,North,181,122,108,7.97,5,Snowy,0,7.67,Winter,0,109
2022-02-04,S005,P0005,Groceries,North,240,67,0,15.15,0,Snowy,0,14.75,Winter,0,62
2022-02-04,S005,P0006,Groceries,North,488,84,0,58.64,5,Snowy,0,69.61,Winter,0,109
2022-02-04,S005,P0007,Groceries,North,465,79,0,70.3,5,Snowy,0,74.11,Winter,0,68
2022-02-04,S005,P0008,Groceries,North,109,109,98,65.22,5,Snowy,0,60.12,Winter,0,110
2022-02-04,S005,P0009,Groceries,North,219,49,0,70.03,10,Snowy,0,77.92,Winter,0,41
2022-02-04,S005,P0010,Groceries,North,304,116,533,68.19,10,Snowy,0,68.08,Winter,0,160
2022-02-04,S005,P0011,Electronics,North,139,94,0,76.1,5,Snowy,0,89.01,Winter,0,94
2022-02-04,S005,P0012,Furniture,North,130,70,369,123.17,20,Snowy,1,116.91,Winter,0,111
2022-02-04,S005,P0013,Groceries,North,160,57,0,64.23,5,Snowy,0,71.77,Winter,0,70
2022-02-04,S005,P0014,Furniture,North,188,91,229,170.69,0,Snowy,0,182.49,Winter,0,83
2022-02-04,S005,P0015,Groceries,North,173,103,0,61.91,0,Snowy,0,54.57,Winter,0,150
2022-02-04,S005,P0016,Toys,North,537,68,0,27.19,25,Snowy,1,32.74,Winter,0,106
2022-02-04,S005,P0017,Toys,North,86,53,106,34.97,5,Snowy,0,39.41,Winter,0,88
2022-02-04,S005,P0018,Clothing,North,136,136,208,21.19,25,Snowy,1,24.28,Winter,0,184
2022-02-04,S005,P0019,Furniture,North,123,91,0,133.73,10,Snowy,0,131.45,Winter,0,78
2022-02-04,S005,P0020,Toys,North,213,124,0,33.89,0,Snowy,0,35.96,Winter,0,124
2022-02-05,S001,P0001,Electronics,North,263,81,0,64.98,5,Sunny,0,76.39,Winter,0,81
2022-02-05,S001,P0002,Clothing,North,167,94,141,57.26,25,Sunny,1,55.71,Winter,0,128
2022-02-05,S001,P0003,Clothing,North,953,149,0,59.21,10,Sunny,0,63.27,Winter,0,154
2022-02-05,S001,P0004,Electronics,North,159,128,0,108.93,10,Sunny,0,104.43,Winter,0,114
2022-02-05,S001,P0005,Groceries,North,469,111,0,56.37,20,Sunny,1,68.23,Winter,0,155
2022-02-05,S001,P0006,Toys,North,199,92,0,44.82,0,Sunny,0,43.22,Winter,0,106
2022-02-05,S001,P0007,Groceries,North,270,82,0,22.84,5,Sunny,0,25.02,Winter,0,88
2022-02-05,S001,P0008,Electronics,North,71,71,78,40.88,5,Sunny,0,34.91,Winter,0,68
2022-02-05,S001,P0009,Clothing,North,117,117,216,112.2,10,Sunny,1,110.63,Winter,0,193
2022-02-05,S001,P0010,Furniture,North,35,35,0,134.22,10,Sunny,0,117.9,Winter,0,104
2022-02-05,S001,P0011,Furniture,North,245,71,0,126.96,25,Sunny,1,119.55,Winter,0,72
2022-02-05,S001,P0012,Groceries,North,144,144,424,103.28,10,Sunny,1,98.89,Winter,0,194
2022-02-05,S001,P0013,Toys,North,134,40,0,29.9,0,Sunny,0,31.92,Winter,0,65
2022-02-05,S001,P0014,Groceries,North,64,64,426,77.55,15,Sunny,1,83.19,Winter,0,174
2022-02-05,S001,P0015,Toys,North,82,67,75,13.64,5,Sunny,0,16.36,Winter,0,63
2022-02-05,S001,P0016,Groceries,North,377,80,0,36.03,10,Sunny,1,33.63,Winter,0,92
2022-02-05,S001,P0017,Toys,North,94,94,115,20.65,10,Sunny,0,22.09,Winter,0,97
2022-02-05,S001,P0018,Groceries,North,216,124,0,66.88,0,Sunny,0,57.6,Winter,0,112
2022-02-05,S001,P0019,Furniture,North,133,87,0,107.56,5,Sunny,0,126.95,Winter,0,75
2022-02-05,S001,P0020,Furniture,North,263,60,0,126.47,0,Sunny,0,116.2,Winter,0,77
2022-02-05,S002,P0001,Groceries,South,336,132,0,81.53,10,Cloudy,0,76.4,Winter,0,117
2022-02-05,S002,P0002,Toys,South,426,115,0,27.44,25,Cloudy,1,24.77,Winter,0,110
2022-02-05,S002,P0003,Groceries,South,259,93,0,88.39,0,Cloudy,0,77.27,Winter,0,109
2022-02-05,S002,P0004,Groceries,South,72,50,0,37.4,5,Cloudy,0,40.94,Winter,0,78
2022-02-05,S002,P0005,Electronics,South,399,86,0,86.8,15,Cloudy,1,79.47,Winter,0,109
2022-02-05,S002,P0006,Clothing,South,133,133,120,76.6,0,Cloudy,0,72.32,Winter,0,128
2022-02-05,S002,P0007,Toys,South,519,73,0,26.31,5,Cloudy,0,28.19,Winter,0,86
2022-02-05,S002,P0008,Groceries,South,116,90,162,27.57,10,Cloudy,0,25.34,Winter,0,137
2022-02-05,S002,P0009,Groceries,South,390,121,443,65.93,25,Cloudy,1,57.62,Winter,0,201
2022-02-05,S002,P0010,Groceries,South,200,66,0,86.25,5,Cloudy,0,83.63,Winter,0,89
2022-02-05,S002,P0011,Groceries,South,149,149,556,102.86,25,Cloudy,1,115.46,Winter,0,231
2022-02-05,S002,P0012,Electronics,South,457,44,0,45.7,20,Cloudy,1,48.81,Winter,0,44
2022-02-05,S002,P0013,Groceries,South,279,144,0,26.03,5,Cloudy,0,24.88,Winter,0,150
2022-02-05,S002,P0014,Electronics,South,289,150,0,136.08,10,Cloudy,1,164.14,Winter,0,158
2022-02-05,S002,P0015,Clothing,South,217,31,0,54.03,5,Cloudy,0,49.07,Winter,0,32
2022-02-05,S002,P0016,Clothing,South,244,184,0,91.43,25,Cloudy,1,97.85,Winter,0,208
2022-02-05,S002,P0017,Toys,South,567,69,0,21.45,0,Cloudy,0,20.4,Winter,0,87
2022-02-05,S002,P0018,Clothing,South,162,109,160,30.75,5,Cloudy,0,37.08,Winter,0,144
2022-02-05,S002,P0019,Clothing,South,267,92,0,92.35,10,Cloudy,0,92.14,Winter,0,129
2022-02-05,S002,P0020,Furniture,South,129,98,0,122.81,10,Cloudy,0,142.66,Winter,0,89
2022-02-05,S003,P0001,Toys,East,228,101,222,16.48,10,Sunny,0,18.6,Winter,0,121
2022-02-05,S003,P0002,Groceries,East,623,98,0,48.46,20,Sunny,1,46.74,Winter,0,105
2022-02-05,S003,P0003,Electronics,East,166,166,168,109.45,10,Sunny,0,97.02,Winter,0,182
2022-02-05,S003,P0004,Groceries,East,311,109,0,26.62,5,Sunny,0,31.3,Winter,0,162
2022-02-05,S003,P0005,Toys,East,550,184,1007,26.89,15,Sunny,1,31.41,Winter,0,214
2022-02-05,S003,P0006,Toys,East,116,82,76,35.91,0,Sunny,0,38.43,Winter,0,70
2022-02-05,S003,P0007,Groceries,East,518,104,421,17.63,5,Sunny,0,16.6,Winter,0,123
2022-02-05,S003,P0008,Clothing,East,386,183,426,145.1,10,Sunny,0,144.91,Winter,0,193
2022-02-05,S003,P0009,Groceries,East,50,50,87,51.52,10,Sunny,1,45.83,Winter,0,99
2022-02-05,S003,P0010,Groceries,East,245,161,150,44.91,10,Sunny,0,48.49,Winter,0,181
2022-02-05,S003,P0011,Electronics,East,274,95,207,120.95,15,Sunny,1,105.17,Winter,0,123
2022-02-05,S003,P0012,Furniture,East,235,93,0,82.92,25,Sunny,1,82.12,Winter,0,92
2022-02-05,S003,P0013,Groceries,East,1050,81,0,76.18,0,Sunny,0,87.73,Winter,0,112
2022-02-05,S003,P0014,Groceries,East,208,113,0,83.08,20,Sunny,1,80.88,Winter,0,109
2022-02-05,S003,P0015,Groceries,East,1064,55,0,91.46,0,Sunny,0,103.58,Winter,0,78
2022-02-05,S003,P0016,Electronics,East,177,109,0,86.46,20,Sunny,1,103.66,Winter,0,119
2022-02-05,S003,P0017,Furniture,East,528,79,0,129.09,0,Sunny,0,119.43,Winter,0,77
2022-02-05,S003,P0018,Furniture,East,259,65,0,133.2,10,Sunny,0,157.08,Winter,0,102
2022-02-05,S003,P0019,Groceries,East,166,162,159,59.32,5,Sunny,0,65.27,Winter,0,138
2022-02-05,S003,P0020,Clothing,East,547,88,0,75.62,5,Sunny,0,87.28,Winter,0,117
2022-02-05,S004,P0001,Groceries,West,156,87,0,13.13,0,Cloudy,0,13.13,Winter,0,136
2022-02-05,S004,P0002,Groceries,West,829,128,0,17.03,25,Cloudy,1,19.41,Winter,0,134
2022-02-05,S004,P0003,Furniture,West,121,78,257,146.19,5,Cloudy,0,175.2,Winter,0,103
2022-02-05,S004,P0004,Groceries,West,267,55,0,48.63,5,Cloudy,0,55.54,Winter,0,84
2022-02-05,S004,P0005,Clothing,West,167,167,184,86.02,10,Cloudy,1,103.28,Winter,0,188
2022-02-05,S004,P0006,Groceries,West,716,105,0,39.31,0,Cloudy,0,36.12,Winter,0,104
2022-02-05,S004,P0007,Groceries,West,416,127,0,28.48,5,Cloudy,0,33.69,Winter,0,111
2022-02-05,S004,P0008,Furniture,West,90,63,103,102.57,10,Cloudy,0,87.33,Winter,0,102
2022-02-05,S004,P0009,Clothing,West,908,94,0,115.91,15,Cloudy,1,133.37,Winter,0,150
2022-02-05,S004,P0010,Groceries,West,528,62,0,23.68,10,Cloudy,0,21.13,Winter,0,87
2022-02-05,S004,P0011,Clothing,West,149,149,1013,86.49,15,Cloudy,1,73.66,Winter,0,281
2022-02-05,S004,P0012,Electronics,West,50,50,119,99.76,20,Cloudy,1,110.54,Winter,0,120
2022-02-05,S004,P0013,Groceries,West,321,109,0,20.3,5,Cloudy,0,23.91,Winter,0,110
2022-02-05,S004,P0014,Furniture,West,224,124,201,148.66,25,Cloudy,1,137.85,Winter,0,109
2022-02-05,S004,P0015,Furniture,West,255,74,0,109.83,0,Cloudy,0,97.16,Winter,0,96
2022-02-05,S004,P0016,Furniture,West,129,113,354,98.06,25,Cloudy,1,115.84,Winter,0,105
2022-02-05,S004,P0017,Clothing,West,150,90,138,111.48,0,Cloudy,0,127.77,Winter,0,139
2022-02-05,S004,P0018,Furniture,West,148,74,0,141.8,10,Cloudy,0,161.28,Winter,0,67
2022-02-05,S004,P0019,Clothing,West,115,115,146,72.04,5,Cloudy,0,76.5,Winter,0,174
2022-02-05,S004,P0020,Furniture,West,185,107,183,134.63,10,Cloudy,0,130.82,Winter,0,98
2022-02-05,S005,P0001,Groceries,North,228,135,0,12.76,0,Sunny,0,13.53,Winter,0,117
2022-02-05,S005,P0002,Electronics,North,397,185,584,45.42,15,Sunny,1,41.21,Winter,0,162
2022-02-05,S005,P0003,Toys,North,99,98,103,26.75,10,Sunny,0,29.37,Winter,0,90
2022-02-05,S005,P0004,Groceries,North,167,167,155,8.64,10,Sunny,0,7.67,Winter,0,154
2022-02-05,S005,P0005,Groceries,North,173,162,247,15.69,20,Sunny,1,13.6,Winter,0,141
2022-02-05,S005,P0006,Groceries,North,404,108,0,67.64,0,Sunny,0,60.45,Winter,0,122
2022-02-05,S005,P0007,Groceries,North,386,43,0,68.51,5,Sunny,0,73.83,Winter,0,61
2022-02-05,S005,P0008,Groceries,North,98,90,138,63.63,5,Sunny,0,75.17,Winter,0,118
2022-02-05,S005,P0009,Groceries,North,170,123,0,82.97,20,Sunny,1,76.03,Winter,0,106
2022-02-05,S005,P0010,Groceries,North,188,166,0,65.55,5,Sunny,0,69.58,Winter,0,145
2022-02-05,S005,P0011,Electronics,North,45,45,0,73.65,15,Sunny,1,84.11,Winter,0,118
2022-02-05,S005,P0012,Furniture,North,461,108,0,120.12,15,Sunny,1,130.52,Winter,0,100
2022-02-05,S005,P0013,Groceries,North,599,111,0,86.99,0,Sunny,0,94.44,Winter,0,149
2022-02-05,S005,P0014,Furniture,North,97,36,0,116.52,25,Sunny,1,107.13,Winter,0,44
2022-02-05,S005,P0015,Groceries,North,476,48,0,44.27,5,Sunny,0,51.29,Winter,0,77
2022-02-05,S005,P0016,Toys,North,469,101,0,30.12,25,Sunny,1,32.71,Winter,0,139
2022-02-05,S005,P0017,Toys,North,139,67,85,35.35,10,Sunny,0,31.17,Winter,0,92
2022-02-05,S005,P0018,Clothing,North,208,147,0,27.36,0,Sunny,0,27.16,Winter,0,153
2022-02-05,S005,P0019,Furniture,North,310,99,0,152.93,0,Sunny,0,137.25,Winter,0,86
2022-02-05,S005,P0020,Toys,North,89,77,88,29.08,0,Sunny,0,31.98,Winter,0,77
2022-02-06,S001,P0001,Electronics,North,182,65,124,66.85,0,Sunny,0,65.43,Winter,0,61
2022-02-06,S001,P0002,Clothing,North,214,104,0,68.75,5,Sunny,0,59.39,Winter,0,111
2022-02-06,S001,P0003,Clothing,North,804,141,0,59.75,5,Sunny,0,68.27,Winter,0,138
2022-02-06,S001,P0004,Electronics,North,288,90,0,108.48,0,Sunny,0,118.38,Winter,0,96
2022-02-06,S001,P0005,Groceries,North,358,195,0,74.51,5,Sunny,0,70.88,Winter,0,176
2022-02-06,S001,P0006,Toys,North,529,74,0,40.5,10,Sunny,0,45.18,Winter,0,124
2022-02-06,S001,P0007,Groceries,North,188,132,426,26.88,0,Sunny,0,30.89,Winter,0,123
2022-02-06,S001,P0008,Electronics,North,78,78,131,42.74,15,Sunny,1,50.42,Winter,0,131
2022-02-06,S001,P0009,Clothing,North,216,184,166,100.53,10,Sunny,0,108.83,Winter,0,171
2022-02-06,S001,P0010,Furniture,North,502,59,0,112.59,10,Sunny,0,107.89,Winter,0,54
2022-02-06,S001,P0011,Furniture,North,174,160,266,176.76,20,Sunny,1,176.45,Winter,0,157
2022-02-06,S001,P0012,Groceries,North,277,122,0,88.84,0,Sunny,0,101.09,Winter,0,120
2022-02-06,S001,P0013,Toys,North,94,48,50,25.97,5,Sunny,0,28.74,Winter,0,42
2022-02-06,S001,P0014,Groceries,North,348,115,0,73.26,15,Sunny,1,72.86,Winter,0,136
2022-02-06,S001,P0015,Toys,North,90,90,102,15.67,5,Sunny,0,14.66,Winter,0,87
2022-02-06,S001,P0016,Groceries,North,297,143,0,42.41,0,Sunny,0,50.95,Winter,0,126
2022-02-06,S001,P0017,Toys,North,115,81,76,19.37,10,Sunny,0,21.23,Winter,0,79
2022-02-06,S001,P0018,Groceries,North,92,92,197,70.54,10,Sunny,0,64.63,Winter,0,166
2022-02-06,S001,P0019,Furniture,North,46,46,102,110.25,15,Sunny,1,102.11,Winter,0,100
2022-02-06,S001,P0020,Furniture,North,203,111,0,100.36,25,Sunny,1,118.14,Winter,0,109
2022-02-06,S002,P0001,Groceries,South,204,188,0,98.2,10,Cloudy,0,109.07,Winter,0,203
2022-02-06,S002,P0002,Toys,South,311,105,0,32.43,5,Cloudy,0,29.91,Winter,0,89
2022-02-06,S002,P0003,Groceries,South,636,75,0,77.45,5,Cloudy,0,86.95,Winter,0,100
2022-02-06,S002,P0004,Groceries,South,551,151,544,46.91,10,Cloudy,0,51.28,Winter,0,169
2022-02-06,S002,P0005,Electronics,South,313,32,0,74.76,5,Cloudy,0,79.91,Winter,0,50
2022-02-06,S002,P0006,Clothing,South,120,81,127,65.99,10,Cloudy,0,65.41,Winter,0,114
2022-02-06,S002,P0007,Toys,South,446,63,0,23.88,10,Cloudy,0,25.22,Winter,0,74
2022-02-06,S002,P0008,Groceries,South,188,137,0,23.67,15,Cloudy,1,25.3,Winter,0,122
2022-02-06,S002,P0009,Groceries,South,269,165,0,71.08,10,Cloudy,0,64.02,Winter,0,160
2022-02-06,S002,P0010,Groceries,South,134,72,131,83.3,10,Cloudy,0,98.21,Winter,0,111
2022-02-06,S002,P0011,Groceries,South,519,99,0,80.25,20,Cloudy,1,90.22,Winter,0,114
2022-02-06,S002,P0012,Electronics,South,413,78,0,69.73,5,Cloudy,0,67.57,Winter,0,99
2022-02-06,S002,P0013,Groceries,South,656,117,0,23.25,0,Cloudy,0,26.51,Winter,0,112
2022-02-06,S002,P0014,Electronics,South,683,52,0,95.76,25,Cloudy,1,94.12,Winter,0,87
2022-02-06,S002,P0015,Clothing,South,1072,195,0,87.4,10,Cloudy,0,75.56,Winter,0,199
2022-02-06,S002,P0016,Clothing,South,421,139,0,104.39,0,Cloudy,0,123.82,Winter,0,149
2022-02-06,S002,P0017,Toys,South,498,128,447,24.18,5,Cloudy,0,20.83,Winter,0,141
2022-02-06,S002,P0018,Clothing,South,213,73,0,25.56,10,Cloudy,0,27.75,Winter,0,102
2022-02-06,S002,P0019,Clothing,South,695,136,759,89.29,20,Cloudy,1,87.69,Winter,0,159
2022-02-06,S002,P0020,Furniture,South,414,51,0,112.48,10,Cloudy,1,130.52,Winter,0,64
2022-02-06,S003,P0001,Toys,East,127,71,0,17.62,5,Cloudy,0,15.15,Winter,0,109
2022-02-06,S003,P0002,Groceries,East,525,105,0,58.97,0,Cloudy,0,53.01,Winter,0,97
2022-02-06,S003,P0003,Electronics,East,168,52,0,80.47,10,Cloudy,0,74.08,Winter,0,80
2022-02-06,S003,P0004,Groceries,East,202,150,0,23.35,10,Cloudy,0,26.49,Winter,0,135
2022-02-06,S003,P0005,Toys,East,366,102,0,22.03,0,Cloudy,0,24.29,Winter,0,87
2022-02-06,S003,P0006,Toys,East,110,92,70,36.23,5,Cloudy,0,39.21,Winter,0,87
2022-02-06,S003,P0007,Groceries,East,414,81,0,18.91,0,Cloudy,0,16.61,Winter,0,129
2022-02-06,S003,P0008,Clothing,East,203,175,0,101.82,25,Cloudy,1,114.74,Winter,0,148
2022-02-06,S003,P0009,Groceries,East,87,60,93,45.83,10,Cloudy,0,55.11,Winter,0,80
2022-02-06,S003,P0010,Groceries,East,234,39,0,32.43,5,Cloudy,0,34.94,Winter,0,59
2022-02-06,S003,P0011,Electronics,East,179,70,0,118.19,10,Cloudy,1,135.19,Winter,0,114
2022-02-06,S003,P0012,Furniture,East,430,49,0,94.82,10,Cloudy,0,92.46,Winter,0,78
2022-02-06,S003,P0013,Groceries,East,969,73,0,72.84,10,Cloudy,0,70.17,Winter,0,115
2022-02-06,S003,P0014,Groceries,East,658,104,0,86.6,25,Cloudy,1,83.1,Winter,0,145
2022-02-06,S003,P0015,Groceries,East,1009,72,0,86.47,10,Cloudy,0,95.99,Winter,0,92
2022-02-06,S003,P0016,Electronics,East,441,72,0,93.05,10,Cloudy,0,82.27,Winter,0,89
2022-02-06,S003,P0017,Furniture,East,449,85,0,131.84,0,Cloudy,0,129.05,Winter,0,83
2022-02-06,S003,P0018,Furniture,East,194,57,0,145.3,0,Cloudy,0,130.76,Winter,0,82
2022-02-06,S003,P0019,Groceries,East,163,163,235,67.66,15,Cloudy,1,61.98,Winter,0,210
2022-02-06,S003,P0020,Clothing,East,459,77,437,65.42,20,Cloudy,1,64.13,Winter,0,109
2022-02-06,S004,P0001,Groceries,West,872,143,0,12.78,0,Snowy,0,11.53,Winter,0,126
2022-02-06,S004,P0002,Groceries,West,701,126,0,19.06,10,Snowy,0,20.38,Winter,0,111
2022-02-06,S004,P0003,Furniture,West,312,39,0,126.32,10,Snowy,0,121.87,Winter,0,62
2022-02-06,S004,P0004,Groceries,West,791,90,0,58.74,5,Snowy,0,54.77,Winter,0,126
2022-02-06,S004,P0005,Clothing,West,184,76,0,73.91,5,Snowy,0,69.84,Winter,0,99
2022-02-06,S004,P0006,Groceries,West,611,59,0,34.75,0,Snowy,0,33.36,Winter,0,69
2022-02-06,S004,P0007,Groceries,West,954,47,0,23.53,0,Snowy,0,27.64,Winter,0,43
2022-02-06,S004,P0008,Furniture,West,130,64,86,76.54,25,Snowy,1,87.85,Winter,0,84
2022-02-06,S004,P0009,Clothing,West,814,102,0,127.58,0,Snowy,0,141.06,Winter,0,127
2022-02-06,S004,P0010,Groceries,West,1361,134,0,30.3,0,Snowy,0,33.8,Winter,0,149
2022-02-06,S004,P0011,Clothing,West,0,0,0,60.0,20,Snowy,1,67.25,Winter,0,172
2022-02-06,S004,P0012,Electronics,West,119,22,0,88.93,0,Snowy,0,99.19,Winter,0,27
2022-02-06,S004,P0013,Groceries,West,681,107,0,20.28,10,Snowy,0,21.43,Winter,0,127
2022-02-06,S004,P0014,Furniture,West,100,68,0,127.63,25,Snowy,1,121.9,Winter,0,64
2022-02-06,S004,P0015,Furniture,West,758,54,0,85.66,10,Snowy,0,95.29,Winter,0,69
2022-02-06,S004,P0016,Furniture,West,16,16,0,92.12,10,Snowy,0,111.16,Winter,0,37
2022-02-06,S004,P0017,Clothing,West,198,89,136,93.48,10,Snowy,0,106.21,Winter,0,115
2022-02-06,S004,P0018,Furniture,West,74,74,92,176.27,0,Snowy,0,157.53,Winter,0,85
2022-02-06,S004,P0019,Clothing,West,146,104,184,56.34,25,Snowy,1,64.2,Winter,0,171
2022-02-06,S004,P0020,Furniture,West,78,39,0,95.58,15,Snowy,1,113.01,Winter,0,35
2022-02-06,S005,P0001,Groceries,North,474,76,0,10.07,10,Sunny,0,11.96,Winter,0,77
2022-02-06,S005,P0002,Electronics,North,212,89,0,43.49,5,Sunny,0,43.11,Winter,0,109
2022-02-06,S005,P0003,Toys,North,104,29,59,25.64,0,Sunny,0,30.7,Winter,0,49
2022-02-06,S005,P0004,Groceries,North,155,155,191,9.89,0,Sunny,0,11.35,Winter,0,184
2022-02-06,S005,P0005,Groceries,North,11,11,346,19.79,0,Sunny,0,17.86,Winter,0,144
2022-02-06,S005,P0006,Groceries,North,296,195,0,73.58,0,Sunny,0,87.83,Winter,0,169
2022-02-06,S005,P0007,Groceries,North,343,131,0,91.36,0,Sunny,0,98.23,Winter,0,132
2022-02-06,S005,P0008,Groceries,North,146,126,212,77.18,10,Sunny,1,72.65,Winter,0,188
2022-02-06,S005,P0009,Groceries,North,404,137,0,107.73,0,Sunny,0,101.26,Winter,0,118
2022-02-06,S005,P0010,Groceries,North,22,22,442,74.13,5,Sunny,0,64.49,Winter,0,171
2022-02-06,S005,P0011,Electronics,North,609,107,759,83.02,15,Sunny,1,94.54,Winter,0,159
2022-02-06,S005,P0012,Furniture,North,353,72,0,134.08,0,Sunny,0,118.59,Winter,0,70
2022-02-06,S005,P0013,Groceries,North,488,140,496,90.96,5,Sunny,0,87.67,Winter,0,165
2022-02-06,S005,P0014,Furniture,North,61,61,342,152.07,25,Sunny,1,145.11,Winter,0,120
2022-02-06,S005,P0015,Groceries,North,428,89,0,53.7,5,Sunny,0,58.36,Winter,0,137
2022-02-06,S005,P0016,Toys,North,368,55,0,32.09,0,Sunny,0,31.28,Winter,0,56
2022-02-06,S005,P0017,Toys,North,157,99,131,40.84,10,Sunny,0,39.12,Winter,0,138
2022-02-06,S005,P0018,Clothing,North,61,61,148,27.21,5,Sunny,0,23.28,Winter,0,170
2022-02-06,S005,P0019,Furniture,North,211,74,240,129.02,20,Sunny,1,118.97,Winter,0,102
2022-02-06,S005,P0020,Toys,North,100,100,121,27.06,25,Sunny,1,29.69,Winter,0,145
2022-02-07,S001,P0001,Electronics,North,117,74,0,61.3,5,Snowy,0,70.26,Winter,0,65
2022-02-07,S001,P0002,Clothing,North,110,49,55,57.61,0,Snowy,0,63.15,Winter,0,60
2022-02-07,S001,P0003,Clothing,North,663,166,587,66.97,5,Snowy,0,59.23,Winter,0,160
2022-02-07,S001,P0004,Electronics,North,198,162,280,114.64,15,Snowy,1,102.57,Winter,0,151
2022-02-07,S001,P0005,Groceries,North,784,169,0,65.27,5,Snowy,0,69.05,Winter,0,146
2022-02-07,S001,P0006,Toys,North,455,60,0,35.68,10,Snowy,0,37.99,Winter,0,85
2022-02-07,S001,P0007,Groceries,North,56,56,0,22.56,25,Snowy,1,22.38,Winter,0,144
2022-02-07,S001,P0008,Electronics,North,131,131,191,52.92,15,Snowy,1,51.74,Winter,0,190
2022-02-07,S001,P0009,Clothing,North,198,142,128,91.49,10,Snowy,0,90.84,Winter,0,120
2022-02-07,S001,P0010,Furniture,North,443,78,0,142.5,0,Snowy,0,129.62,Winter,0,90
2022-02-07,S001,P0011,Furniture,North,14,14,282,140.59,25,Snowy,1,169.91,Winter,0,118
2022-02-07,S001,P0012,Groceries,North,579,46,0,70.9,10,Snowy,0,68.35,Winter,0,69
2022-02-07,S001,P0013,Toys,North,96,63,83,32.66,0,Snowy,0,30.94,Winter,0,75
2022-02-07,S001,P0014,Groceries,North,233,114,0,73.28,10,Snowy,1,86.61,Winter,0,134
2022-02-07,S001,P0015,Toys,North,102,88,121,12.36,25,Snowy,1,14.6,Winter,0,103
2022-02-07,S001,P0016,Groceries,North,601,86,0,46.81,0,Snowy,0,43.98,Winter,0,142
2022-02-07,S001,P0017,Toys,North,110,94,106,21.16,10,Snowy,0,24.47,Winter,0,105
2022-02-07,S001,P0018,Groceries,North,197,64,0,59.07,0,Snowy,0,64.21,Winter,0,90
2022-02-07,S001,P0019,Furniture,North,102,60,97,104.89,15,Snowy,1,115.0,Winter,0,101
2022-02-07,S001,P0020,Furniture,North,662,39,0,111.37,0,Snowy,0,101.71,Winter,0,43
2022-02-07,S002,P0001,Groceries,South,546,237,742,115.63,5,Sunny,0,112.4,Winter,0,227
2022-02-07,S002,P0002,Toys,South,206,127,201,34.27,5,Sunny,0,40.64,Winter,0,122
2022-02-07,S002,P0003,Groceries,South,561,152,554,104.83,0,Sunny,0,116.4,Winter,0,187
2022-02-07,S002,P0004,Groceries,South,400,101,0,31.78,25,Sunny,1,37.1,Winter,0,99
2022-02-07,S002,P0005,Electronics,South,798,42,0,72.47,10,Sunny,0,69.79,Winter,0,43
2022-02-07,S002,P0006,Clothing,South,166,130,179,70.68,10,Sunny,0,82.11,Winter,0,154
2022-02-07,S002,P0007,Toys,South,383,148,443,26.9,15,Sunny,1,29.77,Winter,0,128
2022-02-07,S002,P0008,Groceries,South,51,51,268,33.2,10,Sunny,1,36.85,Winter,0,228
2022-02-07,S002,P0009,Groceries,South,547,121,0,62.91,0,Sunny,0,71.86,Winter,0,101
2022-02-07,S002,P0010,Groceries,South,193,25,0,65.76,10,Sunny,0,59.04,Winter,0,32
2022-02-07,S002,P0011,Groceries,South,420,225,0,114.59,20,Sunny,1,109.81,Winter,0,228
2022-02-07,S002,P0012,Electronics,South,988,58,0,60.81,10,Sunny,0,65.99,Winter,0,90
2022-02-07,S002,P0013,Groceries,South,539,95,0,25.66,5,Sunny,0,22.32,Winter,0,145
2022-02-07,S002,P0014,Electronics,South,631,68,0,95.49,20,Sunny,1,89.44,Winter,0,68
2022-02-07,S002,P0015,Clothing,South,877,224,0,73.72,25,Sunny,1,65.88,Winter,0,204
2022-02-07,S002,P0016,Clothing,South,282,92,289,98.53,5,Sunny,0,95.57,Winter,0,129
2022-02-07,S002,P0017,Toys,South,370,78,0,20.65,0,Sunny,0,22.4,Winter,0,90
2022-02-07,S002,P0018,Clothing,South,140,122,137,26.76,10,Sunny,0,30.2,Winter,0,116
2022-02-07,S002,P0019,Clothing,South,559,195,0,98.5,10,Sunny,1,112.69,Winter,0,170
2022-02-07,S002,P0020,Furniture,South,363,83,0,148.13,0,Sunny,0,130.25,Winter,0,98
2022-02-07,S003,P0001,Toys,East,278,47,0,15.74,0,Sunny,0,17.71,Winter,0,76
2022-02-07,S003,P0002,Groceries,East,420,111,548,68.44,5,Sunny,0,67.64,Winter,0,163
2022-02-07,S003,P0003,Electronics,East,116,85,137,96.12,5,Sunny,0,82.23,Winter,0,117
2022-02-07,S003,P0004,Groceries,East,415,131,535,25.15,10,Sunny,1,27.8,Winter,0,161
2022-02-07,S003,P0005,Toys,East,264,70,0,19.77,5,Sunny,0,21.05,Winter,0,70
2022-02-07,S003,P0006,Toys,East,88,52,50,29.85,10,Sunny,0,34.53,Winter,0,49
2022-02-07,S003,P0007,Groceries,East,333,45,0,11.45,20,Sunny,1,10.84,Winter,0,48
2022-02-07,S003,P0008,Clothing,East,454,123,0,114.54,15,Sunny,1,136.5,Winter,0,145
2022-02-07,S003,P0009,Groceries,East,120,120,127,62.54,0,Sunny,0,54.38,Winter,0,127
2022-02-07,S003,P0010,Groceries,East,195,98,0,38.09,5,Sunny,0,37.16,Winter,0,90
2022-02-07,S003,P0011,Electronics,East,316,110,370,121.51,20,Sunny,1,130.07,Winter,0,164
2022-02-07,S003,P0012,Furniture,East,381,79,0,92.23,10,Sunny,0,84.64,Winter,0,71
2022-02-07,S003,P0013,Groceries,East,896,76,0,68.9,10,Sunny,0,68.79,Winter,0,97
2022-02-07,S003,P0014,Groceries,East,554,152,642,108.82,20,Sunny,1,108.46,Winter,0,207
2022-02-07,S003,P0015,Groceries,East,937,70,0,81.89,20,Sunny,1,90.76,Winter,0,111
2022-02-07,S003,P0016,Electronics,East,369,82,0,108.06,5,Sunny,0,92.8,Winter,0,119
2022-02-07,S003,P0017,Furniture,East,364,28,0,108.15,5,Sunny,0,92.76,Winter,0,44
2022-02-07,S003,P0018,Furniture,East,459,50,0,129.96,0,Sunny,0,152.29,Winter,0,65
2022-02-07,S003,P0019,Groceries,East,235,108,0,52.83,15,Sunny,1,55.94,Winter,0,136
2022-02-07,S003,P0020,Clothing,East,382,152,0,84.31,5,Sunny,0,94.67,Winter,0,154
2022-02-07,S004,P0001,Groceries,West,729,88,0,11.65,10,Snowy,0,11.23,Winter,0,130
2022-02-07,S004,P0002,Groceries,West,575,45,0,19.66,0,Snowy,0,17.43,Winter,0,74
2022-02-07,S004,P0003,Furniture,West,273,72,0,120.74,10,Snowy,0,134.3,Winter,0,63
2022-02-07,S004,P0004,Groceries,West,701,39,0,34.04,25,Snowy,1,40.95,Winter,0,51
2022-02-07,S004,P0005,Clothing,West,108,65,85,77.71,0,Snowy,0,69.32,Winter,0,99
2022-02-07,S004,P0006,Groceries,West,552,93,0,35.62,10,Snowy,0,43.03,Winter,0,123
2022-02-07,S004,P0007,Groceries,West,907,95,0,21.95,20,Snowy,1,26.06,Winter,0,84
2022-02-07,S004,P0008,Furniture,West,152,38,0,69.28,25,Snowy,1,62.57,Winter,0,44
2022-02-07,S004,P0009,Clothing,West,712,147,0,126.51,10,Snowy,0,125.0,Winter,0,142
2022-02-07,S004,P0010,Groceries,West,1227,66,0,23.88,0,Snowy,0,25.64,Winter,0,74
2022-02-07,S004,P0011,Clothing,West,794,183,0,66.52,15,Snowy,1,75.1,Winter,0,189
2022-02-07,S004,P0012,Electronics,West,97,97,127,123.27,10,Snowy,0,117.23,Winter,0,134
2022-02-07,S004,P0013,Groceries,West,574,50,0,18.33,10,Snowy,0,15.71,Winter,0,80
2022-02-07,S004,P0014,Furniture,West,233,101,210,179.32,10,Snowy,1,169.19,Winter,0,110
2022-02-07,S004,P0015,Furniture,West,704,75,0,84.91,15,Snowy,1,72.84,Winter,0,68
2022-02-07,S004,P0016,Furniture,West,187,38,0,100.54,10,Snowy,0,117.4,Winter,0,60
2022-02-07,S004,P0017,Clothing,West,245,69,0,82.78,10,Snowy,0,79.56,Winter,0,64
2022-02-07,S004,P0018,Furniture,West,92,84,93,179.4,5,Snowy,0,173.22,Winter,0,105
2022-02-07,S004,P0019,Clothing,West,226,168,211,60.29,25,Snowy,1,52.46,Winter,0,177
2022-02-07,S004,P0020,Furniture,West,222,75,222,152.45,0,Snowy,0,148.17,Winter,0,104
2022-02-07,S005,P0001,Groceries,North,398,74,0,10.19,5,Snowy,0,12.23,Winter,0,65
2022-02-07,S005,P0002,Electronics,North,123,47,0,34.96,5,Snowy,0,34.23,Winter,0,48
2022-02-07,S005,P0003,Toys,North,134,113,123,29.58,5,Snowy,0,32.22,Winter,0,104
2022-02-07,S005,P0004,Groceries,North,191,129,145,8.28,10,Snowy,1,7.77,Winter,0,139
2022-02-07,S005,P0005,Groceries,North,247,61,0,16.35,0,Snowy,0,17.29,Winter,0,98
2022-02-07,S005,P0006,Groceries,North,1038,46,0,51.75,0,Snowy,0,61.73,Winter,0,58
2022-02-07,S005,P0007,Groceries,North,212,129,275,74.42,15,Snowy,1,89.53,Winter,0,118
2022-02-07,S005,P0008,Groceries,North,232,120,0,56.95,20,Snowy,1,55.24,Winter,0,121
2022-02-07,S005,P0009,Groceries,North,267,103,326,86.3,10,Snowy,0,104.09,Winter,0,98
2022-02-07,S005,P0010,Groceries,North,533,112,0,64.98,10,Snowy,0,62.48,Winter,0,143
2022-02-07,S005,P0011,Electronics,North,502,113,0,77.23,10,Snowy,1,65.72,Winter,0,99
2022-02-07,S005,P0012,Furniture,North,281,94,0,145.58,0,Snowy,0,175.91,Winter,0,110
2022-02-07,S005,P0013,Groceries,North,348,96,0,85.52,5,Snowy,0,77.59,Winter,0,143
2022-02-07,S005,P0014,Furniture,North,229,52,0,126.35,20,Snowy,1,118.83,Winter,0,48
2022-02-07,S005,P0015,Groceries,North,339,117,0,49.56,15,Snowy,1,47.99,Winter,0,130
2022-02-07,S005,P0016,Toys,North,313,89,0,34.13,5,Snowy,0,32.31,Winter,0,87
2022-02-07,S005,P0017,Toys,North,189,102,0,37.53,5,Snowy,0,39.73,Winter,0,110
2022-02-07,S005,P0018,Clothing,North,148,104,0,21.02,5,Snowy,0,23.17,Winter,0,100
2022-02-07,S005,P0019,Furniture,North,137,68,0,118.63,10,Snowy,1,142.34,Winter,0,59
2022-02-07,S005,P0020,Toys,North,121,97,96,32.13,0,Snowy,0,37.84,Winter,0,107
2022-02-08,S001,P0001,Electronics,North,167,84,298,76.98,10,Snowy,0,68.59,Winter,0,135
2022-02-08,S001,P0002,Clothing,North,116,105,112,63.39,10,Snowy,1,68.28,Winter,0,119
2022-02-08,S001,P0003,Clothing,North,497,170,0,50.3,25,Snowy,1,46.19,Winter,0,143
2022-02-08,S001,P0004,Electronics,North,36,36,0,81.27,10,Snowy,0,88.1,Winter,0,46
2022-02-08,S001,P0005,Groceries,North,615,60,0,52.96,10,Snowy,0,51.26,Winter,0,81
2022-02-08,S001,P0006,Toys,North,395,81,0,36.56,20,Snowy,1,36.14,Winter,0,112
2022-02-08,S001,P0007,Groceries,North,384,53,0,23.06,0,Snowy,0,25.26,Winter,0,76
2022-02-08,S001,P0008,Electronics,North,191,135,0,38.03,25,Snowy,1,35.09,Winter,0,117
2022-02-08,S001,P0009,Clothing,North,184,86,132,100.0,5,Snowy,0,94.97,Winter,0,131
2022-02-08,S001,P0010,Furniture,North,365,55,0,119.12,5,Snowy,0,142.49,Winter,0,68
2022-02-08,S001,P0011,Furniture,North,266,140,0,163.44,15,Snowy,1,181.95,Winter,0,126
2022-02-08,S001,P0012,Groceries,North,533,162,0,81.09,20,Snowy,1,72.0,Winter,0,147
2022-02-08,S001,P0013,Toys,North,116,46,55,27.11,10,Snowy,0,29.51,Winter,0,67
2022-02-08,S001,P0014,Groceries,North,545,84,0,66.83,10,Snowy,0,61.55,Winter,0,88
2022-02-08,S001,P0015,Toys,North,135,97,92,11.92,25,Snowy,1,14.21,Winter,0,92
2022-02-08,S001,P0016,Groceries,North,515,45,0,32.99,0,Snowy,0,31.8,Winter,0,40
2022-02-08,S001,P0017,Toys,North,122,78,0,18.99,10,Snowy,0,20.43,Winter,0,73
2022-02-08,S001,P0018,Groceries,North,133,66,65,48.85,10,Snowy,0,52.38,Winter,0,66
2022-02-08,S001,P0019,Furniture,North,139,69,0,100.32,15,Snowy,1,96.91,Winter,0,73
2022-02-08,S001,P0020,Furniture,North,623,76,0,108.93,5,Snowy,0,124.16,Winter,0,64
2022-02-08,S002,P0001,Groceries,South,309,77,0,71.25,10,Sunny,0,76.63,Winter,0,91
2022-02-08,S002,P0002,Toys,South,79,79,370,33.51,20,Sunny,1,31.1,Winter,0,155
2022-02-08,S002,P0003,Groceries,South,409,163,0,87.34,20,Sunny,1,82.16,Winter,0,183
2022-02-08,S002,P0004,Groceries,South,299,142,0,46.36,5,Sunny,0,40.44,Winter,0,128
2022-02-08,S002,P0005,Electronics,South,756,94,0,88.16,5,Sunny,0,79.56,Winter,0,81
2022-02-08,S002,P0006,Clothing,South,215,166,194,71.8,15,Sunny,1,76.05,Winter,0,181
2022-02-08,S002,P0007,Toys,South,235,138,0,31.55,0,Sunny,0,36.41,Winter,0,127
2022-02-08,S002,P0008,Groceries,South,268,157,0,30.91,10,Sunny,1,29.97,Winter,0,178
2022-02-08,S002,P0009,Groceries,South,426,68,0,60.18,5,Sunny,0,65.44,Winter,0,103
2022-02-08,S002,P0010,Groceries,South,168,104,179,104.68,10,Sunny,0,93.07,Winter,0,172
2022-02-08,S002,P0011,Groceries,South,751,124,0,102.46,15,Sunny,1,98.37,Winter,0,159
2022-02-08,S002,P0012,Electronics,South,930,62,0,55.3,10,Sunny,1,61.11,Winter,0,63
2022-02-08,S002,P0013,Groceries,South,444,112,406,23.68,5,Sunny,0,26.18,Winter,0,135
2022-02-08,S002,P0014,Electronics,South,563,58,0,108.38,5,Sunny,0,126.27,Winter,0,69
2022-02-08,S002,P0015,Clothing,South,653,96,0,65.77,20,Sunny,1,63.46,Winter,0,137
2022-02-08,S002,P0016,Clothing,South,190,110,0,81.26,10,Sunny,0,86.0,Winter,0,101
2022-02-08,S002,P0017,Toys,South,292,127,0,24.28,0,Sunny,0,23.07,Winter,0,125
2022-02-08,S002,P0018,Clothing,South,155,154,188,37.58,0,Sunny,0,36.67,Winter,0,180
2022-02-08,S002,P0019,Clothing,South,364,103,0,84.74,25,Sunny,1,83.27,Winter,0,163
2022-02-08,S002,P0020,Furniture,South,280,57,0,126.92,0,Sunny,0,152.85,Winter,0,69
2022-02-08,S003,P0001,Toys,East,231,116,186,16.45,10,Snowy,0,16.02,Winter,0,105
2022-02-08,S003,P0002,Groceries,East,309,194,0,65.05,20,Snowy,1,58.32,Winter,0,211
2022-02-08,S003,P0003,Electronics,East,168,114,106,68.16,25,Snowy,1,82.49,Winter,0,100
2022-02-08,S003,P0004,Groceries,East,284,80,0,25.64,0,Snowy,0,24.19,Winter,0,114
2022-02-08,S003,P0005,Toys,East,194,82,0,20.67,10,Snowy,0,18.18,Winter,0,84
2022-02-08,S003,P0006,Toys,East,86,86,175,36.2,25,Snowy,1,42.49,Winter,0,164
2022-02-08,S003,P0007,Groceries,East,288,105,681,18.55,10,Snowy,0,18.3,Winter,0,159
2022-02-08,S003,P0008,Clothing,East,331,51,0,82.32,15,Snowy,1,97.44,Winter,0,47
2022-02-08,S003,P0009,Groceries,East,127,38,0,47.24,5,Snowy,0,44.98,Winter,0,59
2022-02-08,S003,P0010,Groceries,East,97,66,75,33.45,5,Snowy,0,38.74,Winter,0,67
2022-02-08,S003,P0011,Electronics,East,206,206,0,144.6,15,Snowy,1,128.1,Winter,0,187
2022-02-08,S003,P0012,Furniture,East,302,98,0,101.16,10,Snowy,1,118.15,Winter,0,113
2022-02-08,S003,P0013,Groceries,East,820,111,0,76.62,0,Snowy,0,67.36,Winter,0,98
2022-02-08,S003,P0014,Groceries,East,402,83,0,90.31,10,Snowy,0,88.34,Winter,0,99
2022-02-08,S003,P0015,Groceries,East,867,150,0,100.65,15,Snowy,1,91.8,Winter,0,142
2022-02-08,S003,P0016,Electronics,East,287,125,269,101.49,10,Snowy,0,115.3,Winter,0,133
2022-02-08,S003,P0017,Furniture,East,336,23,0,99.0,5,Snowy,0,95.14,Winter,0,23
2022-02-08,S003,P0018,Furniture,East,409,47,0,123.06,10,Snowy,0,118.11,Winter,0,65
2022-02-08,S003,P0019,Groceries,East,127,127,127,58.03,10,Snowy,1,68.23,Winter,0,149
2022-02-08,S003,P0020,Clothing,East,230,114,0,70.02,10,Snowy,0,82.1,Winter,0,109
2022-02-08,S004,P0001,Groceries,West,641,89,0,11.43,0,Sunny,0,12.54,Winter,0,107
2022-02-08,S004,P0002,Groceries,West,530,201,0,26.98,15,Sunny,1,24.27,Winter,0,245
2022-02-08,S004,P0003,Furniture,West,458,110,0,144.49,10,Sunny,1,131.73,Winter,0,100
2022-02-08,S004,P0004,Groceries,West,662,98,0,49.67,10,Sunny,0,56.41,Winter,0,106
2022-02-08,S004,P0005,Clothing,West,128,128,146,79.72,10,Sunny,0,77.6,Winter,0,141
2022-02-08,S004,P0006,Groceries,West,459,160,0,36.94,15,Sunny,1,34.23,Winter,0,137
2022-02-08,S004,P0007,Groceries,West,812,157,0,37.79,0,Sunny,0,32.81,Winter,0,174
2022-02-08,S004,P0008,Furniture,West,114,86,80,84.1,25,Sunny,1,73.17,Winter,0,97
2022-02-08,S004,P0009,Clothing,West,565,133,618,159.58,0,Sunny,0,182.83,Winter,0,210
2022-02-08,S004,P0010,Groceries,West,1161,55,0,22.29,10,Sunny,0,22.26,Winter,0,70
2022-02-08,S004,P0011,Clothing,West,611,153,0,65.86,20,Sunny,1,69.33,Winter,0,209
2022-02-08,S004,P0012,Electronics,West,127,106,142,115.67,25,Sunny,1,114.55,Winter,0,177
2022-02-08,S004,P0013,Groceries,West,524,127,540,23.95,10,Sunny,0,26.46,Winter,0,187
2022-02-08,S004,P0014,Furniture,West,132,69,0,188.2,0,Sunny,0,183.75,Winter,0,93
2022-02-08,S004,P0015,Furniture,West,629,123,0,97.48,10,Sunny,1,109.39,Winter,0,107
2022-02-08,S004,P0016,Furniture,West,503,52,0,112.93,0,Sunny,0,120.19,Winter,0,62
2022-02-08,S004,P0017,Clothing,West,176,167,143,112.89,5,Sunny,0,107.63,Winter,0,143
2022-02-08,S004,P0018,Furniture,West,101,50,50,129.61,10,Sunny,0,140.4,Winter,0,44
2022-02-08,S004,P0019,Clothing,West,269,30,0,44.81,10,Sunny,1,39.76,Winter,0,32
2022-02-08,S004,P0020,Furniture,West,147,92,0,135.29,5,Sunny,0,117.83,Winter,0,83
2022-02-08,S005,P0001,Groceries,North,324,48,0,10.13,5,Snowy,0,8.64,Winter,0,50
2022-02-08,S005,P0002,Electronics,North,660,183,0,47.71,10,Snowy,1,55.1,Winter,0,178
2022-02-08,S005,P0003,Toys,North,144,92,135,30.2,15,Snowy,1,33.45,Winter,0,147
2022-02-08,S005,P0004,Groceries,North,207,103,0,7.44,0,Snowy,0,8.31,Winter,0,88
2022-02-08,S005,P0005,Groceries,North,532,152,0,18.92,0,Snowy,0,19.99,Winter,0,146
2022-02-08,S005,P0006,Groceries,North,992,82,0,55.67,10,Snowy,1,61.1,Winter,0,110
2022-02-08,S005,P0007,Groceries,North,83,82,0,84.45,5,Snowy,0,99.6,Winter,0,123
2022-02-08,S005,P0008,Groceries,North,112,112,137,62.77,10,Snowy,1,56.41,Winter,0,115
2022-02-08,S005,P0009,Groceries,North,164,110,0,109.97,5,Snowy,0,102.46,Winter,0,142
2022-02-08,S005,P0010,Groceries,North,421,94,0,56.89,5,Snowy,0,65.34,Winter,0,99
2022-02-08,S005,P0011,Electronics,North,389,211,0,80.8,25,Snowy,1,73.54,Winter,0,177
2022-02-08,S005,P0012,Furniture,North,556,52,0,99.37,25,Snowy,1,109.41,Winter,0,81
2022-02-08,S005,P0013,Groceries,North,252,77,0,74.23,0,Snowy,0,72.78,Winter,0,82
2022-02-08,S005,P0014,Furniture,North,177,50,0,157.78,0,Snowy,0,181.56,Winter,0,61
2022-02-08,S005,P0015,Groceries,North,222,106,294,57.08,10,Snowy,1,55.94,Winter,0,159
2022-02-08,S005,P0016,Toys,North,224,85,337,36.76,5,Snowy,0,34.87,Winter,0,110
2022-02-08,S005,P0017,Toys,North,87,69,67,35.22,0,Snowy,0,38.58,Winter,0,76
2022-02-08,S005,P0018,Clothing,North,44,44,135,23.11,5,Snowy,0,22.15,Winter,0,113
2022-02-08,S005,P0019,Furniture,North,309,112,0,120.09,25,Snowy,1,108.23,Winter,0,100
2022-02-08,S005,P0020,Toys,North,120,89,89,31.44,5,Snowy,0,28.81,Winter,0,100
2022-02-09,S001,P0001,Electronics,North,83,83,0,77.83,0,Sunny,0,85.01,Winter,0,120
2022-02-09,S001,P0002,Clothing,North,123,123,338,95.8,10,Sunny,0,105.31,Winter,0,284
2022-02-09,S001,P0003,Clothing,North,327,316,1035,71.89,25,Sunny,1,71.52,Winter,0,292
2022-02-09,S001,P0004,Electronics,North,280,128,289,113.8,10,Sunny,0,102.27,Winter,0,128
2022-02-09,S001,P0005,Groceries,North,555,115,0,58.52,10,Sunny,0,56.35,Winter,0,111
2022-02-09,S001,P0006,Toys,North,314,82,321,40.73,0,Sunny,0,45.34,Winter,0,92
2022-02-09,S001,P0007,Groceries,North,331,128,0,26.96,10,Sunny,0,26.14,Winter,0,142
2022-02-09,S001,P0008,Electronics,North,56,56,185,61.0,0,Sunny,0,53.74,Winter,0,182
2022-02-09,S001,P0009,Clothing,North,230,192,166,103.79,5,Sunny,0,116.47,Winter,0,163
2022-02-09,S001,P0010,Furniture,North,310,89,298,128.26,5,Sunny,0,153.1,Winter,0,89
2022-02-09,S001,P0011,Furniture,North,408,100,0,171.01,10,Sunny,1,205.9,Winter,0,122
2022-02-09,S001,P0012,Groceries,North,371,64,0,69.66,10,Sunny,0,80.93,Winter,0,78
2022-02-09,S001,P0013,Toys,North,125,70,73,31.17,5,Sunny,0,29.7,Winter,0,76
2022-02-09,S001,P0014,Groceries,North,461,149,534,83.5,10,Sunny,1,72.92,Winter,0,161
2022-02-09,S001,P0015,Toys,North,130,61,79,14.01,10,Sunny,0,16.36,Winter,0,86
2022-02-09,S001,P0016,Groceries,North,470,171,649,40.94,20,Sunny,1,43.14,Winter,0,195
2022-02-09,S001,P0017,Toys,North,44,44,199,25.59,25,Sunny,1,24.48,Winter,0,222
2022-02-09,S001,P0018,Groceries,North,132,120,173,67.28,10,Sunny,0,57.66,Winter,0,149
2022-02-09,S001,P0019,Furniture,North,70,47,50,75.25,25,Sunny,1,81.59,Winter,0,44
2022-02-09,S001,P0020,Furniture,North,547,73,0,115.48,0,Sunny,0,124.99,Winter,0,66
2022-02-09,S002,P0001,Groceries,South,232,154,0,87.77,10,Sunny,0,83.57,Winter,0,141
2022-02-09,S002,P0002,Toys,South,201,80,0,31.98,10,Sunny,0,34.7,Winter,0,117
2022-02-09,S002,P0003,Groceries,South,246,128,0,80.76,25,Sunny,1,95.04,Winter,0,198
2022-02-09,S002,P0004,Groceries,South,701,127,0,48.56,5,Sunny,0,57.75,Winter,0,162
2022-02-09,S002,P0005,Electronics,South,662,90,0,78.66,10,Sunny,0,94.32,Winter,0,78
2022-02-09,S002,P0006,Clothing,South,243,139,0,71.28,5,Sunny,0,61.38,Winter,0,121
2022-02-09,S002,P0007,Toys,South,97,97,0,31.1,10,Sunny,0,30.92,Winter,0,140
2022-02-09,S002,P0008,Groceries,South,111,97,99,24.45,5,Sunny,0,29.17,Winter,0,97
2022-02-09,S002,P0009,Groceries,South,358,104,0,60.75,10,Sunny,0,55.55,Winter,0,107
2022-02-09,S002,P0010,Groceries,South,243,177,0,101.4,10,Sunny,0,94.91,Winter,0,160
2022-02-09,S002,P0011,Groceries,South,627,196,0,101.79,20,Sunny,1,101.62,Winter,0,179
2022-02-09,S002,P0012,Electronics,South,868,114,0,70.69,10,Sunny,0,80.89,Winter,0,137
2022-02-09,S002,P0013,Groceries,South,332,91,0,20.42,5,Sunny,0,23.85,Winter,0,89
2022-02-09,S002,P0014,Electronics,South,505,117,537,140.03,10,Sunny,1,130.81,Winter,0,150
2022-02-09,S002,P0015,Clothing,South,557,65,0,65.17,0,Sunny,0,55.71,Winter,0,66
2022-02-09,S002,P0016,Clothing,South,369,199,336,108.63,10,Sunny,1,104.82,Winter,0,184
2022-02-09,S002,P0017,Toys,South,612,189,0,19.22,25,Sunny,1,20.3,Winter,0,162
2022-02-09,S002,P0018,Clothing,South,189,43,0,25.38,0,Sunny,0,27.7,Winter,0,69
2022-02-09,S002,P0019,Clothing,South,261,172,0,100.49,20,Sunny,1,108.47,Winter,0,226
2022-02-09,S002,P0020,Furniture,South,223,49,141,113.87,10,Sunny,0,104.55,Winter,0,54
2022-02-09,S003,P0001,Toys,East,115,100,0,15.07,10,Cloudy,0,15.89,Winter,0,94
2022-02-09,S003,P0002,Groceries,East,115,115,0,58.08,5,Cloudy,0,61.14,Winter,0,124
2022-02-09,S003,P0003,Electronics,East,160,114,177,88.72,20,Cloudy,1,101.17,Winter,0,167
2022-02-09,S003,P0004,Groceries,East,204,89,0,21.87,10,Cloudy,0,23.84,Winter,0,114
2022-02-09,S003,P0005,Toys,East,1119,100,0,23.33,0,Cloudy,0,27.17,Winter,0,104
2022-02-09,S003,P0006,Toys,East,175,137,103,43.67,5,Cloudy,0,42.37,Winter,0,129
2022-02-09,S003,P0007,Groceries,East,604,58,0,16.91,0,Cloudy,0,15.65,Winter,0,94
2022-02-09,S003,P0008,Clothing,East,280,58,0,89.16,10,Cloudy,0,98.02,Winter,0,52
2022-02-09,S003,P0009,Groceries,East,89,49,59,48.1,0,Cloudy,0,47.88,Winter,0,50
2022-02-09,S003,P0010,Groceries,East,106,71,84,39.18,5,Cloudy,0,39.02,Winter,0,98
2022-02-09,S003,P0011,Electronics,East,370,183,258,134.7,15,Cloudy,1,121.74,Winter,0,160
2022-02-09,S003,P0012,Furniture,East,204,62,161,92.16,5,Cloudy,0,99.57,Winter,0,70
2022-02-09,S003,P0013,Groceries,East,709,64,0,68.35,0,Cloudy,0,82.33,Winter,0,79
2022-02-09,S003,P0014,Groceries,East,319,69,0,72.73,20,Cloudy,1,87.66,Winter,0,85
2022-02-09,S003,P0015,Groceries,East,717,172,820,115.73,10,Cloudy,0,107.0,Winter,0,172
2022-02-09,S003,P0016,Electronics,East,162,97,0,109.27,10,Cloudy,1,102.63,Winter,0,140
2022-02-09,S003,P0017,Furniture,East,313,132,410,111.88,25,Cloudy,1,100.06,Winter,0,121
2022-02-09,S003,P0018,Furniture,East,362,39,0,128.79,0,Cloudy,0,119.56,Winter,0,49
2022-02-09,S003,P0019,Groceries,East,127,21,0,38.21,15,Cloudy,1,37.98,Winter,0,30
2022-02-09,S003,P0020,Clothing,East,116,87,0,70.62,5,Cloudy,0,79.71,Winter,0,95
2022-02-09,S004,P0001,Groceries,West,552,74,0,9.05,10,Sunny,0,10.61,Winter,0,69
2022-02-09,S004,P0002,Groceries,West,329,117,342,23.76,5,Sunny,0,25.25,Winter,0,168
2022-02-09,S004,P0003,Furniture,West,348,81,447,151.39,15,Sunny,1,137.66,Winter,0,133
2022-02-09,S004,P0004,Groceries,West,564,186,543,64.58,0,Sunny,0,71.54,Winter,0,159
2022-02-09,S004,P0005,Clothing,West,146,90,112,82.5,5,Sunny,0,76.96,Winter,0,134
2022-02-09,S004,P0006,Groceries,West,299,82,0,38.56,0,Sunny,0,46.04,Winter,0,114
2022-02-09,S004,P0007,Groceries,West,655,62,0,25.0,5,Sunny,0,29.59,Winter,0,72
2022-02-09,S004,P0008,Furniture,West,108,99,82,107.54,0,Sunny,0,99.83,Winter,0,84
2022-02-09,S004,P0009,Clothing,West,432,186,0,140.93,10,Sunny,0,149.18,Winter,0,202
2022-02-09,S004,P0010,Groceries,West,1106,93,0,22.56,10,Sunny,0,25.14,Winter,0,88
2022-02-09,S004,P0011,Clothing,West,1471,255,0,82.7,20,Sunny,1,95.39,Winter,0,315
2022-02-09,S004,P0012,Electronics,West,163,65,0,104.19,10,Sunny,0,96.66,Winter,0,81
2022-02-09,S004,P0013,Groceries,West,397,66,0,20.78,0,Sunny,0,20.03,Winter,0,86
2022-02-09,S004,P0014,Furniture,West,273,44,0,137.23,10,Sunny,1,150.2,Winter,0,49
2022-02-09,S004,P0015,Furniture,West,506,30,0,84.03,5,Sunny,0,98.05,Winter,0,50
2022-02-09,S004,P0016,Furniture,West,451,123,0,109.98,20,Sunny,1,103.03,Winter,0,104
2022-02-09,S004,P0017,Clothing,West,152,152,199,103.32,20,Sunny,1,92.28,Winter,0,173
2022-02-09,S004,P0018,Furniture,West,101,92,115,198.86,0,Sunny,0,185.01,Winter,0,122
2022-02-09,S004,P0019,Clothing,West,239,107,0,67.78,10,Sunny,1,64.79,Winter,0,153
2022-02-09,S004,P0020,Furniture,West,277,35,0,122.94,0,Sunny,0,136.78,Winter,0,57
2022-02-09,S005,P0001,Groceries,North,276,155,237,13.99,0,Sunny,0,16.22,Winter,0,148
2022-02-09,S005,P0002,Electronics,North,477,116,0,40.04,5,Sunny,0,45.0,Winter,0,100
2022-02-09,S005,P0003,Toys,North,187,98,147,33.34,10,Sunny,1,30.04,Winter,0,144
2022-02-09,S005,P0004,Groceries,North,104,104,127,8.87,5,Sunny,0,7.83,Winter,0,144
2022-02-09,S005,P0005,Groceries,North,380,155,0,19.0,0,Sunny,0,16.56,Winter,0,130
2022-02-09,S005,P0006,Groceries,North,910,152,0,70.93,0,Sunny,0,78.03,Winter,0,156
2022-02-09,S005,P0007,Groceries,North,276,158,319,96.58,10,Sunny,0,92.85,Winter,0,171
2022-02-09,S005,P0008,Groceries,North,137,115,123,65.84,10,Sunny,0,62.29,Winter,0,130
2022-02-09,S005,P0009,Groceries,North,54,54,0,105.41,0,Sunny,0,91.07,Winter,0,111
2022-02-09,S005,P0010,Groceries,North,769,97,0,62.2,5,Sunny,0,56.83,Winter,0,110
2022-02-09,S005,P0011,Electronics,North,178,137,0,75.13,25,Sunny,1,65.23,Winter,0,150
2022-02-09,S005,P0012,Furniture,North,504,33,0,111.98,5,Sunny,0,118.9,Winter,0,50
2022-02-09,S005,P0013,Groceries,North,671,87,0,74.05,0,Sunny,0,63.69,Winter,0,81
2022-02-09,S005,P0014,Furniture,North,469,121,0,174.75,10,Sunny,1,162.96,Winter,0,106
2022-02-09,S005,P0015,Groceries,North,116,90,0,46.78,5,Sunny,0,53.56,Winter,0,93
2022-02-09,S005,P0016,Toys,North,139,139,559,39.38,10,Sunny,1,41.91,Winter,0,170
2022-02-09,S005,P0017,Toys,North,85,85,174,40.87,15,Sunny,1,35.36,Winter,0,159
2022-02-09,S005,P0018,Clothing,North,135,135,138,24.57,10,Sunny,0,21.69,Winter,0,152
2022-02-09,S005,P0019,Furniture,North,197,91,232,141.56,15,Sunny,1,166.54,Winter,0,129
2022-02-09,S005,P0020,Toys,North,120,82,69,27.7,5,Sunny,0,30.48,Winter,0,78
2022-02-10,S001,P0001,Electronics,North,298,59,0,61.17,10,Sunny,0,56.89,Winter,0,65
2022-02-10,S001,P0002,Clothing,North,338,279,308,95.32,15,Sunny,1,92.76,Winter,0,285
2022-02-10,S001,P0003,Clothing,North,11,11,0,54.39,25,Sunny,1,58.59,Winter,0,191
2022-02-10,S001,P0004,Electronics,North,152,93,0,124.7,5,Sunny,0,118.19,Winter,0,141
2022-02-10,S001,P0005,Groceries,North,440,217,649,73.43,5,Sunny,0,86.04,Winter,0,190
2022-02-10,S001,P0006,Toys,North,232,153,0,36.77,25,Sunny,1,39.13,Winter,0,153
2022-02-10,S001,P0007,Groceries,North,629,106,569,27.23,10,Sunny,0,31.83,Winter,0,164
2022-02-10,S001,P0008,Electronics,North,185,123,0,46.43,0,Sunny,0,55.39,Winter,0,105
2022-02-10,S001,P0009,Clothing,North,204,79,0,85.42,0,Sunny,0,83.04,Winter,0,68
2022-02-10,S001,P0010,Furniture,North,221,112,648,134.3,20,Sunny,1,157.22,Winter,0,161
2022-02-10,S001,P0011,Furniture,North,308,95,300,200.0,0,Sunny,0,218.27,Winter,0,140
2022-02-10,S001,P0012,Groceries,North,307,212,329,79.46,25,Sunny,1,86.91,Winter,0,183
2022-02-10,S001,P0013,Toys,North,128,102,110,35.06,0,Sunny,0,33.59,Winter,0,96
2022-02-10,S001,P0014,Groceries,North,312,109,0,73.62,5,Sunny,0,85.02,Winter,0,117
2022-02-10,S001,P0015,Toys,North,148,44,0,14.29,5,Sunny,0,12.51,Winter,0,62
2022-02-10,S001,P0016,Groceries,North,299,102,0,34.18,10,Sunny,0,40.46,Winter,0,92
2022-02-10,S001,P0017,Toys,North,199,66,0,23.48,5,Sunny,0,22.68,Winter,0,105
2022-02-10,S001,P0018,Groceries,North,185,63,0,56.32,5,Sunny,0,50.87,Winter,0,76
2022-02-10,S001,P0019,Furniture,North,73,73,99,125.57,10,Sunny,0,120.73,Winter,0,123
2022-02-10,S001,P0020,Furniture,North,474,69,505,100.05,25,Sunny,1,114.19,Winter,0,108
2022-02-10,S002,P0001,Groceries,South,820,56,0,66.4,5,Cloudy,0,70.27,Winter,0,56
2022-02-10,S002,P0002,Toys,South,491,107,0,31.26,15,Cloudy,1,29.09,Winter,0,112
2022-02-10,S002,P0003,Groceries,South,672,71,0,63.94,25,Cloudy,1,67.88,Winter,0,114
2022-02-10,S002,P0004,Groceries,South,574,85,0,42.68,0,Cloudy,0,51.23,Winter,0,101
2022-02-10,S002,P0005,Electronics,South,572,99,0,89.75,5,Cloudy,0,80.79,Winter,0,86
2022-02-10,S002,P0006,Clothing,South,104,104,162,66.58,25,Cloudy,1,57.52,Winter,0,181
2022-02-10,S002,P0007,Toys,South,443,55,0,27.64,0,Cloudy,0,33.18,Winter,0,86
2022-02-10,S002,P0008,Groceries,South,113,95,95,24.7,5,Cloudy,0,27.35,Winter,0,100
2022-02-10,S002,P0009,Groceries,South,254,46,0,57.12,5,Cloudy,0,56.17,Winter,0,73
2022-02-10,S002,P0010,Groceries,South,66,66,118,80.18,20,Cloudy,1,94.88,Winter,0,137
2022-02-10,S002,P0011,Groceries,South,431,187,543,118.72,5,Cloudy,0,103.88,Winter,0,173
2022-02-10,S002,P0012,Electronics,South,754,79,0,53.07,25,Cloudy,1,49.82,Winter,0,88
2022-02-10,S002,P0013,Groceries,South,241,23,0,16.5,5,Cloudy,0,15.41,Winter,0,20
2022-02-10,S002,P0014,Electronics,South,388,103,0,127.64,0,Cloudy,0,114.86,Winter,0,87
2022-02-10,S002,P0015,Clothing,South,492,87,0,59.61,10,Cloudy,0,71.46,Winter,0,85
2022-02-10,S002,P0016,Clothing,South,170,87,0,102.02,5,Cloudy,0,99.18,Winter,0,141
2022-02-10,S002,P0017,Toys,South,423,58,0,17.67,10,Cloudy,0,20.31,Winter,0,76
2022-02-10,S002,P0018,Clothing,South,146,88,0,27.52,0,Cloudy,0,24.38,Winter,0,77
2022-02-10,S002,P0019,Clothing,South,848,82,0,90.98,0,Cloudy,0,78.64,Winter,0,92
2022-02-10,S002,P0020,Furniture,South,174,103,245,112.82,20,Cloudy,1,133.32,Winter,0,99
2022-02-10,S003,P0001,Toys,East,201,106,241,16.55,10,Snowy,0,18.82,Winter,0,123
2022-02-10,S003,P0002,Groceries,East,548,189,581,72.47,15,Snowy,1,71.48,Winter,0,231
2022-02-10,S003,P0003,Electronics,East,223,143,0,91.8,10,Snowy,1,80.72,Winter,0,120
2022-02-10,S003,P0004,Groceries,East,650,116,0,23.12,10,Snowy,0,19.67,Winter,0,115
2022-02-10,S003,P0005,Toys,East,1019,101,0,21.17,10,Snowy,0,18.99,Winter,0,91
2022-02-10,S003,P0006,Toys,East,141,83,110,36.24,15,Snowy,1,32.46,Winter,0,105
2022-02-10,S003,P0007,Groceries,East,546,123,0,18.57,0,Snowy,0,17.57,Winter,0,123
2022-02-10,S003,P0008,Clothing,East,222,84,0,100.98,10,Snowy,0,86.57,Winter,0,72
2022-02-10,S003,P0009,Groceries,East,99,41,0,45.05,0,Snowy,0,39.34,Winter,0,34
2022-02-10,S003,P0010,Groceries,East,119,119,132,37.41,15,Snowy,1,33.36,Winter,0,118
2022-02-10,S003,P0011,Electronics,East,187,63,0,123.56,0,Snowy,0,113.08,Winter,0,80
2022-02-10,S003,P0012,Furniture,East,142,53,0,87.89,15,Snowy,1,82.49,Winter,0,73
2022-02-10,S003,P0013,Groceries,East,645,128,765,89.19,5,Snowy,0,77.09,Winter,0,166
2022-02-10,S003,P0014,Groceries,East,892,182,0,117.78,0,Snowy,0,136.21,Winter,0,170
2022-02-10,S003,P0015,Groceries,East,545,122,0,97.78,5,Snowy,0,103.76,Winter,0,113
2022-02-10,S003,P0016,Electronics,East,334,101,0,110.5,0,Snowy,0,133.73,Winter,0,126
2022-02-10,S003,P0017,Furniture,East,181,78,0,116.25,5,Snowy,0,124.76,Winter,0,76
2022-02-10,S003,P0018,Furniture,East,323,39,0,127.55,0,Snowy,0,125.93,Winter,0,47
2022-02-10,S003,P0019,Groceries,East,106,49,62,50.15,0,Snowy,0,58.89,Winter,0,70
2022-02-10,S003,P0020,Clothing,East,466,217,789,96.17,10,Snowy,1,89.89,Winter,0,205
2022-02-10,S004,P0001,Groceries,West,478,84,0,11.2,0,Cloudy,0,9.93,Winter,0,85
2022-02-10,S004,P0002,Groceries,West,212,181,549,28.32,15,Cloudy,1,30.33,Winter,0,292
2022-02-10,S004,P0003,Furniture,West,267,72,0,123.37,25,Cloudy,1,117.88,Winter,0,108
2022-02-10,S004,P0004,Groceries,West,378,134,0,56.39,0,Cloudy,0,65.19,Winter,0,113
2022-02-10,S004,P0005,Clothing,West,168,108,118,77.6,0,Cloudy,0,82.4,Winter,0,114
2022-02-10,S004,P0006,Groceries,West,217,83,271,28.87,25,Cloudy,1,33.04,Winter,0,114
2022-02-10,S004,P0007,Groceries,West,593,104,0,28.31,5,Cloudy,0,31.22,Winter,0,109
2022-02-10,S004,P0008,Furniture,West,91,33,50,94.73,0,Cloudy,0,91.99,Winter,0,50
2022-02-10,S004,P0009,Clothing,West,246,114,0,133.41,10,Cloudy,0,113.72,Winter,0,161
2022-02-10,S004,P0010,Groceries,West,1013,124,0,29.82,15,Cloudy,1,29.6,Winter,0,184
2022-02-10,S004,P0011,Clothing,West,1216,90,0,61.08,0,Cloudy,0,67.29,Winter,0,102
2022-02-10,S004,P0012,Electronics,West,98,59,85,98.68,15,Cloudy,1,88.3,Winter,0,82
2022-02-10,S004,P0013,Groceries,West,331,90,0,22.24,10,Cloudy,0,19.88,Winter,0,141
2022-02-10,S004,P0014,Furniture,West,229,39,0,136.04,10,Cloudy,0,154.3,Winter,0,47
2022-02-10,S004,P0015,Furniture,West,476,78,0,91.71,5,Cloudy,0,104.63,Winter,0,73
2022-02-10,S004,P0016,Furniture,West,328,61,0,106.78,5,Cloudy,0,121.12,Winter,0,61
2022-02-10,S004,P0017,Clothing,West,199,80,0,83.82,10,Cloudy,0,75.23,Winter,0,68
2022-02-10,S004,P0018,Furniture,West,124,76,99,161.68,10,Cloudy,0,194.46,Winter,0,106
2022-02-10,S004,P0019,Clothing,West,132,112,91,63.07,5,Cloudy,0,59.75,Winter,0,111
2022-02-10,S004,P0020,Furniture,West,242,67,0,111.86,20,Cloudy,1,130.53,Winter,0,93
2022-02-10,S005,P0001,Groceries,North,121,40,0,9.98,10,Sunny,0,9.92,Winter,0,61
2022-02-10,S005,P0002,Electronics,North,361,65,331,36.37,15,Sunny,1,40.0,Winter,0,104
2022-02-10,S005,P0003,Toys,North,236,160,124,28.6,25,Sunny,1,27.75,Winter,0,154
2022-02-10,S005,P0004,Groceries,North,127,88,125,8.66,0,Sunny,0,7.87,Winter,0,119
2022-02-10,S005,P0005,Groceries,North,225,133,360,21.29,0,Sunny,0,19.98,Winter,0,170
2022-02-10,S005,P0006,Groceries,North,758,202,572,70.52,10,Sunny,1,62.14,Winter,0,174
2022-02-10,S005,P0007,Groceries,North,118,65,0,80.31,10,Sunny,0,73.61,Winter,0,108
2022-02-10,S005,P0008,Groceries,North,145,145,144,79.68,5,Sunny,0,74.14,Winter,0,179
2022-02-10,S005,P0009,Groceries,North,326,59,0,90.26,5,Sunny,0,78.0,Winter,0,80
2022-02-10,S005,P0010,Groceries,North,672,169,710,68.82,20,Sunny,1,64.53,Winter,0,209
2022-02-10,S005,P0011,Electronics,North,800,122,0,79.84,5,Sunny,0,95.56,Winter,0,108
2022-02-10,S005,P0012,Furniture,North,471,102,447,111.08,20,Sunny,1,120.99,Winter,0,95
2022-02-10,S005,P0013,Groceries,North,584,95,0,79.22,0,Sunny,0,86.96,Winter,0,117
2022-02-10,S005,P0014,Furniture,North,348,109,314,186.51,0,Sunny,0,185.78,Winter,0,94
2022-02-10,S005,P0015,Groceries,North,320,56,0,42.76,10,Sunny,0,40.41,Winter,0,68
2022-02-10,S005,P0016,Toys,North,0,0,0,35.51,5,Sunny,0,31.12,Winter,0,99
2022-02-10,S005,P0017,Toys,North,174,83,118,35.15,10,Sunny,0,39.87,Winter,0,106
2022-02-10,S005,P0018,Clothing,North,138,138,208,28.09,0,Sunny,0,31.13,Winter,0,182
2022-02-10,S005,P0019,Furniture,North,106,54,0,136.16,5,Sunny,0,122.44,Winter,0,68
2022-02-10,S005,P0020,Toys,North,107,102,113,27.93,20,Sunny,1,31.48,Winter,0,134
2022-02-11,S001,P0001,Electronics,North,239,108,247,78.22,0,Sunny,0,70.88,Winter,0,106
2022-02-11,S001,P0002,Clothing,North,367,198,0,94.39,0,Sunny,0,93.97,Winter,0,207
2022-02-11,S001,P0003,Clothing,North,587,107,0,61.18,5,Sunny,0,70.22,Winter,0,146
2022-02-11,S001,P0004,Electronics,North,348,98,0,95.71,20,Sunny,1,111.61,Winter,0,127
2022-02-11,S001,P0005,Groceries,North,223,66,0,49.73,10,Sunny,0,48.48,Winter,0,63
2022-02-11,S001,P0006,Toys,North,79,79,0,42.32,5,Sunny,0,39.15,Winter,0,104
2022-02-11,S001,P0007,Groceries,North,523,171,0,27.21,5,Sunny,0,29.35,Winter,0,144
2022-02-11,S001,P0008,Electronics,North,62,62,89,46.76,5,Sunny,0,44.42,Winter,0,107
2022-02-11,S001,P0009,Clothing,North,125,92,104,95.42,0,Sunny,0,85.32,Winter,0,100
2022-02-11,S001,P0010,Furniture,North,109,95,0,123.79,10,Sunny,0,120.15,Winter,0,80
2022-02-11,S001,P0011,Furniture,North,213,106,0,215.84,0,Sunny,0,261.22,Winter,0,167
2022-02-11,S001,P0012,Groceries,North,95,95,0,82.37,0,Sunny,0,96.74,Winter,0,97
2022-02-11,S001,P0013,Toys,North,136,92,106,31.31,10,Sunny,0,29.59,Winter,0,93
2022-02-11,S001,P0014,Groceries,North,203,123,0,89.52,5,Sunny,0,79.62,Winter,0,167
2022-02-11,S001,P0015,Toys,North,104,104,200,18.94,5,Sunny,0,21.39,Winter,0,167
2022-02-11,S001,P0016,Groceries,North,197,112,0,44.67,0,Sunny,0,53.97,Winter,0,144
2022-02-11,S001,P0017,Toys,North,133,66,0,18.18,10,Sunny,1,21.83,Winter,0,61
2022-02-11,S001,P0018,Groceries,North,122,122,174,61.78,20,Sunny,1,54.23,Winter,0,161
2022-02-11,S001,P0019,Furniture,North,99,67,74,115.73,0,Sunny,0,134.91,Winter,0,82
2022-02-11,S001,P0020,Furniture,North,405,90,0,121.68,10,Sunny,0,104.27,Winter,0,96
2022-02-11,S002,P0001,Groceries,South,764,72,0,75.24,10,Cloudy,0,86.76,Winter,0,108
2022-02-11,S002,P0002,Toys,South,384,194,377,40.98,5,Cloudy,0,37.05,Winter,0,166
2022-02-11,S002,P0003,Groceries,South,601,140,0,89.91,5,Cloudy,0,83.5,Winter,0,131
2022-02-11,S002,P0004,Groceries,South,489,27,0,25.64,20,Cloudy,1,29.68,Winter,0,25
2022-02-11,S002,P0005,Electronics,South,473,92,0,92.46,5,Cloudy,0,80.34,Winter,0,95
2022-02-11,S002,P0006,Clothing,South,162,82,0,65.52,10,Cloudy,0,64.67,Winter,0,111
2022-02-11,S002,P0007,Toys,South,388,118,433,33.45,0,Cloudy,0,28.76,Winter,0,129
2022-02-11,S002,P0008,Groceries,South,113,113,142,29.96,0,Cloudy,0,35.16,Winter,0,147
2022-02-11,S002,P0009,Groceries,South,208,141,295,73.53,0,Cloudy,0,88.99,Winter,0,152
2022-02-11,S002,P0010,Groceries,South,118,118,126,95.39,5,Cloudy,0,88.74,Winter,0,120
2022-02-11,S002,P0011,Groceries,South,244,80,0,85.99,10,Cloudy,0,97.28,Winter,0,99
2022-02-11,S002,P0012,Electronics,South,675,78,0,80.53,0,Cloudy,0,80.45,Winter,0,129
2022-02-11,S002,P0013,Groceries,South,624,93,0,23.78,10,Cloudy,0,22.39,Winter,0,138
2022-02-11,S002,P0014,Electronics,South,285,60,0,120.87,0,Cloudy,0,128.56,Winter,0,86
2022-02-11,S002,P0015,Clothing,South,405,159,551,81.83,5,Cloudy,0,72.18,Winter,0,153
2022-02-11,S002,P0016,Clothing,South,419,104,0,84.65,10,Cloudy,0,82.98,Winter,0,98
2022-02-11,S002,P0017,Toys,South,365,135,364,19.5,20,Cloudy,1,17.35,Winter,0,126
2022-02-11,S002,P0018,Clothing,South,58,58,224,33.65,15,Cloudy,1,29.94,Winter,0,201
2022-02-11,S002,P0019,Clothing,South,766,125,0,91.92,5,Cloudy,0,79.32,Winter,0,110
2022-02-11,S002,P0020,Furniture,South,71,71,0,134.97,5,Cloudy,0,158.43,Winter,0,101
2022-02-11,S003,P0001,Toys,East,95,95,321,21.3,0,Sunny,0,20.62,Winter,0,156
2022-02-11,S003,P0002,Groceries,East,359,128,0,66.56,10,Sunny,0,76.24,Winter,0,193
2022-02-11,S003,P0003,Electronics,East,80,80,137,96.48,10,Sunny,0,114.74,Winter,0,154
2022-02-11,S003,P0004,Groceries,East,534,168,577,22.44,20,Sunny,1,24.79,Winter,0,163
2022-02-11,S003,P0005,Toys,East,918,75,0,24.89,0,Sunny,0,29.83,Winter,0,124
2022-02-11,S003,P0006,Toys,East,168,108,124,43.02,0,Sunny,0,48.89,Winter,0,124
2022-02-11,S003,P0007,Groceries,East,423,112,0,16.52,10,Sunny,0,15.57,Winter,0,119
2022-02-11,S003,P0008,Clothing,East,138,109,217,115.16,5,Sunny,0,108.21,Winter,0,94
2022-02-11,S003,P0009,Groceries,East,58,58,161,67.1,0,Sunny,0,57.04,Winter,0,151
2022-02-11,S003,P0010,Groceries,East,132,132,181,43.76,10,Sunny,0,40.1,Winter,0,152
2022-02-11,S003,P0011,Electronics,East,382,122,319,169.32,0,Sunny,0,163.2,Winter,0,185
2022-02-11,S003,P0012,Furniture,East,250,56,0,101.36,5,Sunny,0,91.98,Winter,0,82
2022-02-11,S003,P0013,Groceries,East,517,41,0,64.56,0,Sunny,0,72.68,Winter,0,64
2022-02-11,S003,P0014,Groceries,East,710,67,0,87.48,5,Sunny,0,105.02,Winter,0,88
2022-02-11,S003,P0015,Groceries,East,423,104,0,94.67,5,Sunny,0,80.58,Winter,0,87
2022-02-11,S003,P0016,Electronics,East,233,164,265,123.06,0,Sunny,0,110.3,Winter,0,145
2022-02-11,S003,P0017,Furniture,East,103,103,606,152.44,10,Sunny,1,148.18,Winter,0,165
2022-02-11,S003,P0018,Furniture,East,284,117,476,139.55,15,Sunny,1,129.63,Winter,0,119
2022-02-11,S003,P0019,Groceries,East,119,119,133,57.01,10,Sunny,0,54.55,Winter,0,125
2022-02-11,S003,P0020,Clothing,East,249,112,0,71.77,5,Sunny,0,80.7,Winter,0,100
2022-02-11,S004,P0001,Groceries,West,394,110,569,10.71,10,Snowy,0,12.31,Winter,0,120
2022-02-11,S004,P0002,Groceries,West,373,190,0,25.46,0,Snowy,0,30.71,Winter,0,175
2022-02-11,S004,P0003,Furniture,West,195,69,0,140.97,5,Snowy,0,132.3,Winter,0,77
2022-02-11,S004,P0004,Groceries,West,244,35,0,36.43,25,Snowy,1,34.52,Winter,0,55
2022-02-11,S004,P0005,Clothing,West,178,71,0,69.65,5,Snowy,0,60.0,Winter,0,82
2022-02-11,S004,P0006,Groceries,West,134,96,0,36.44,5,Snowy,0,38.84,Winter,0,113
2022-02-11,S004,P0007,Groceries,West,489,94,0,27.13,10,Snowy,0,26.96,Winter,0,97
2022-02-11,S004,P0008,Furniture,West,108,48,77,96.37,5,Snowy,0,86.93,Winter,0,68
2022-02-11,S004,P0009,Clothing,West,750,71,0,106.99,10,Snowy,0,93.29,Winter,0,89
2022-02-11,S004,P0010,Groceries,West,889,168,0,32.74,5,Snowy,0,31.94,Winter,0,177
2022-02-11,S004,P0011,Clothing,West,1126,129,0,60.03,5,Snowy,0,64.0,Winter,0,113
2022-02-11,S004,P0012,Electronics,West,124,41,0,96.03,0,Snowy,0,109.36,Winter,0,45
2022-02-11,S004,P0013,Groceries,West,781,32,0,16.53,5,Snowy,0,18.04,Winter,0,52
2022-02-11,S004,P0014,Furniture,West,190,62,178,184.69,0,Snowy,0,220.58,Winter,0,103
2022-02-11,S004,P0015,Furniture,West,398,63,0,96.83,0,Snowy,0,82.62,Winter,0,60
2022-02-11,S004,P0016,Furniture,West,267,50,0,95.3,10,Snowy,0,105.8,Winter,0,46
2022-02-11,S004,P0017,Clothing,West,119,18,0,59.79,20,Snowy,1,70.12,Winter,0,25
2022-02-11,S004,P0018,Furniture,West,147,76,0,126.98,20,Snowy,1,151.3,Winter,0,69
2022-02-11,S004,P0019,Clothing,West,111,111,120,58.93,10,Snowy,0,64.57,Winter,0,123
2022-02-11,S004,P0020,Furniture,West,175,46,0,125.03,5,Snowy,0,121.2,Winter,0,62
2022-02-11,S005,P0001,Groceries,North,318,82,0,10.83,5,Sunny,0,11.72,Winter,0,82
2022-02-11,S005,P0002,Electronics,North,296,130,0,46.71,0,Sunny,0,55.34,Winter,0,133
2022-02-11,S005,P0003,Toys,North,200,81,0,25.86,10,Sunny,0,29.98,Winter,0,80
2022-02-11,S005,P0004,Groceries,North,164,157,243,10.79,10,Sunny,1,10.72,Winter,0,243
2022-02-11,S005,P0005,Groceries,North,92,51,0,13.96,5,Sunny,0,16.6,Winter,0,68
2022-02-11,S005,P0006,Groceries,North,556,93,0,62.61,5,Sunny,0,72.73,Winter,0,130
2022-02-11,S005,P0007,Groceries,North,372,74,0,93.28,0,Sunny,0,91.8,Winter,0,122
2022-02-11,S005,P0008,Groceries,North,144,100,99,63.64,5,Sunny,0,69.03,Winter,0,118
2022-02-11,S005,P0009,Groceries,North,267,136,393,108.04,10,Sunny,0,98.01,Winter,0,155
2022-02-11,S005,P0010,Groceries,North,503,122,0,73.38,5,Sunny,0,85.11,Winter,0,187
2022-02-11,S005,P0011,Electronics,North,678,124,0,83.57,5,Sunny,0,99.39,Winter,0,123
2022-02-11,S005,P0012,Furniture,North,369,96,0,140.45,10,Sunny,0,133.5,Winter,0,115
2022-02-11,S005,P0013,Groceries,North,489,53,0,74.8,0,Sunny,0,69.72,Winter,0,84
2022-02-11,S005,P0014,Furniture,North,239,52,0,162.78,10,Sunny,0,154.43,Winter,0,85
2022-02-11,S005,P0015,Groceries,North,264,50,0,47.2,5,Sunny,0,42.64,Winter,0,80
2022-02-11,S005,P0016,Toys,North,337,75,0,34.04,10,Sunny,0,36.73,Winter,0,119
2022-02-11,S005,P0017,Toys,North,209,60,0,27.47,15,Sunny,1,30.68,Winter,0,53
2022-02-11,S005,P0018,Clothing,North,208,178,174,21.64,25,Sunny,1,23.91,Winter,0,192
2022-02-11,S005,P0019,Furniture,North,284,70,0,135.96,5,Sunny,0,119.18,Winter,0,68
2022-02-11,S005,P0020,Toys,North,118,68,76,26.81,5,Sunny,0,29.67,Winter,0,69
2022-02-12,S001,P0001,Electronics,North,131,111,288,80.71,10,Sunny,0,75.02,Winter,0,151
2022-02-12,S001,P0002,Clothing,North,169,100,107,67.55,10,Sunny,0,60.52,Winter,0,123
2022-02-12,S001,P0003,Clothing,North,480,84,0,49.2,10,Sunny,0,57.84,Winter,0,93
2022-02-12,S001,P0004,Electronics,North,250,88,251,106.81,10,Sunny,0,101.34,Winter,0,108
2022-02-12,S001,P0005,Groceries,North,157,157,1097,78.87,10,Sunny,1,85.24,Winter,0,243
2022-02-12,S001,P0006,Toys,North,321,67,279,39.26,10,Sunny,1,37.22,Winter,0,98
2022-02-12,S001,P0007,Groceries,North,352,97,0,23.5,20,Sunny,1,26.57,Winter,0,153
2022-02-12,S001,P0008,Electronics,North,89,89,89,39.66,10,Sunny,0,45.9,Winter,0,89
2022-02-12,S001,P0009,Clothing,North,137,137,178,95.33,20,Sunny,1,104.23,Winter,0,196
2022-02-12,S001,P0010,Furniture,North,14,14,0,142.38,5,Sunny,0,132.43,Winter,0,105
2022-02-12,S001,P0011,Furniture,North,407,160,0,197.09,5,Sunny,0,175.66,Winter,0,135
2022-02-12,S001,P0012,Groceries,North,329,138,371,90.35,10,Sunny,0,102.76,Winter,0,162
2022-02-12,S001,P0013,Toys,North,150,98,120,30.59,10,Sunny,1,33.28,Winter,0,102
2022-02-12,S001,P0014,Groceries,North,614,159,0,89.04,0,Sunny,0,85.89,Winter,0,147
2022-02-12,S001,P0015,Toys,North,200,56,0,14.33,10,Sunny,0,13.86,Winter,0,77
2022-02-12,S001,P0016,Groceries,North,734,105,0,47.29,0,Sunny,0,50.43,Winter,0,164
2022-02-12,S001,P0017,Toys,North,67,67,87,20.98,10,Sunny,0,19.71,Winter,0,87
2022-02-12,S001,P0018,Groceries,North,174,30,0,47.07,10,Sunny,0,46.47,Winter,0,43
2022-02-12,S001,P0019,Furniture,North,106,51,81,99.85,10,Sunny,0,113.87,Winter,0,70
2022-02-12,S001,P0020,Furniture,North,315,119,0,110.56,20,Sunny,1,106.33,Winter,0,103
2022-02-12,S002,P0001,Groceries,South,692,127,0,83.44,10,Snowy,0,83.34,Winter,0,124
2022-02-12,S002,P0002,Toys,South,190,80,0,31.34,10,Snowy,0,30.59,Winter,0,95
2022-02-12,S002,P0003,Groceries,South,461,145,0,82.53,10,Snowy,0,71.96,Winter,0,121
2022-02-12,S002,P0004,Groceries,South,462,140,0,41.48,10,Snowy,0,45.8,Winter,0,126
2022-02-12,S002,P0005,Electronics,South,381,110,400,77.79,25,Snowy,1,68.1,Winter,0,114
2022-02-12,S002,P0006,Clothing,South,80,80,206,63.95,25,Snowy,1,76.35,Winter,0,185
2022-02-12,S002,P0007,Toys,South,270,144,0,28.22,20,Snowy,1,26.69,Winter,0,148
2022-02-12,S002,P0008,Groceries,South,142,53,0,24.71,0,Snowy,0,23.68,Winter,0,71
2022-02-12,S002,P0009,Groceries,South,67,67,0,56.34,20,Snowy,1,60.51,Winter,0,137
2022-02-12,S002,P0010,Groceries,South,126,101,79,83.22,5,Snowy,0,87.87,Winter,0,94
2022-02-12,S002,P0011,Groceries,South,164,119,0,107.19,10,Snowy,0,126.4,Winter,0,174
2022-02-12,S002,P0012,Electronics,South,597,27,0,48.4,10,Snowy,0,52.76,Winter,0,30
2022-02-12,S002,P0013,Groceries,South,531,125,0,22.3,20,Snowy,1,22.16,Winter,0,157
2022-02-12,S002,P0014,Electronics,South,225,32,0,89.25,10,Snowy,0,96.08,Winter,0,33
2022-02-12,S002,P0015,Clothing,South,246,66,0,61.79,10,Snowy,0,61.51,Winter,0,81
2022-02-12,S002,P0016,Clothing,South,315,164,297,99.02,10,Snowy,0,93.58,Winter,0,149
2022-02-12,S002,P0017,Toys,South,230,102,0,21.02,0,Snowy,0,24.94,Winter,0,96
2022-02-12,S002,P0018,Clothing,South,224,102,0,27.99,5,Snowy,0,31.7,Winter,0,113
2022-02-12,S002,P0019,Clothing,South,641,58,0,79.64,5,Snowy,0,87.69,Winter,0,83
2022-02-12,S002,P0020,Furniture,South,141,101,362,126.36,20,Snowy,1,114.62,Winter,0,118
2022-02-12,S003,P0001,Toys,East,241,120,0,16.56,10,Cloudy,0,14.82,Winter,0,107
2022-02-12,S003,P0002,Groceries,East,231,185,0,65.2,10,Cloudy,0,75.08,Winter,0,185
2022-02-12,S003,P0003,Electronics,East,137,111,111,98.99,0,Cloudy,0,90.7,Winter,0,110
2022-02-12,S003,P0004,Groceries,East,366,60,0,19.13,10,Cloudy,0,21.19,Winter,0,74
2022-02-12,S003,P0005,Toys,East,843,40,0,15.77,15,Cloudy,1,18.22,Winter,0,41
2022-02-12,S003,P0006,Toys,East,184,66,0,32.41,15,Cloudy,1,28.38,Winter,0,72
2022-02-12,S003,P0007,Groceries,East,992,189,1078,19.25,25,Cloudy,1,17.55,Winter,0,248
2022-02-12,S003,P0008,Clothing,East,29,29,269,136.79,0,Cloudy,0,129.63,Winter,0,133
2022-02-12,S003,P0009,Groceries,East,161,69,0,46.67,10,Cloudy,1,54.63,Winter,0,85
2022-02-12,S003,P0010,Groceries,East,181,181,139,50.53,0,Cloudy,0,44.42,Winter,0,166
2022-02-12,S003,P0011,Electronics,East,260,102,0,154.82,0,Cloudy,0,163.63,Winter,0,171
2022-02-12,S003,P0012,Furniture,East,194,69,188,112.27,0,Cloudy,0,107.3,Winter,0,97
2022-02-12,S003,P0013,Groceries,East,476,140,0,82.94,20,Cloudy,1,74.56,Winter,0,205
2022-02-12,S003,P0014,Groceries,East,643,122,0,105.96,10,Cloudy,0,97.49,Winter,0,151
2022-02-12,S003,P0015,Groceries,East,319,127,0,100.23,10,Cloudy,0,94.64,Winter,0,122
2022-02-12,S003,P0016,Electronics,East,69,69,344,113.65,10,Cloudy,0,98.32,Winter,0,154
2022-02-12,S003,P0017,Furniture,East,0,0,0,110.23,10,Cloudy,0,119.86,Winter,0,77
2022-02-12,S003,P0018,Furniture,East,167,59,0,135.46,0,Cloudy,0,117.93,Winter,0,62
2022-02-12,S003,P0019,Groceries,East,133,133,113,63.41,0,Cloudy,0,56.37,Winter,0,126
2022-02-12,S003,P0020,Clothing,East,137,137,0,77.73,15,Cloudy,1,88.86,Winter,0,165
2022-02-12,S004,P0001,Groceries,West,284,111,0,9.84,10,Snowy,0,11.05,Winter,0,94
2022-02-12,S004,P0002,Groceries,West,732,107,0,23.98,5,Snowy,0,27.38,Winter,0,172
2022-02-12,S004,P0003,Furniture,West,573,37,0,129.11,0,Snowy,0,128.97,Winter,0,40
2022-02-12,S004,P0004,Groceries,West,752,30,0,41.52,10,Snowy,0,40.03,Winter,0,42
2022-02-12,S004,P0005,Clothing,West,107,107,144,69.82,15,Snowy,1,82.69,Winter,0,133
2022-02-12,S004,P0006,Groceries,West,309,149,332,40.28,10,Snowy,1,45.38,Winter,0,166
2022-02-12,S004,P0007,Groceries,West,395,193,791,33.76,10,Snowy,1,37.95,Winter,0,190
2022-02-12,S004,P0008,Furniture,West,137,49,0,86.11,10,Snowy,0,80.76,Winter,0,53
2022-02-12,S004,P0009,Clothing,West,679,164,708,131.78,20,Snowy,1,145.72,Winter,0,223
2022-02-12,S004,P0010,Groceries,West,721,127,0,26.72,0,Snowy,0,29.25,Winter,0,107
2022-02-12,S004,P0011,Clothing,West,997,148,0,72.35,0,Snowy,0,65.21,Winter,0,141
2022-02-12,S004,P0012,Electronics,West,83,83,75,110.69,0,Snowy,0,122.29,Winter,0,83
2022-02-12,S004,P0013,Groceries,West,749,115,0,19.0,10,Snowy,1,21.49,Winter,0,106
2022-02-12,S004,P0014,Furniture,West,128,70,0,162.9,5,Snowy,0,179.25,Winter,0,81
2022-02-12,S004,P0015,Furniture,West,335,80,0,97.95,0,Snowy,0,114.27,Winter,0,77
2022-02-12,S004,P0016,Furniture,West,217,63,242,108.68,10,Snowy,0,121.93,Winter,0,81
2022-02-12,S004,P0017,Clothing,West,101,81,81,85.17,10,Snowy,0,91.29,Winter,0,87
2022-02-12,S004,P0018,Furniture,West,71,71,75,177.79,0,Snowy,0,177.27,Winter,0,87
2022-02-12,S004,P0019,Clothing,West,120,98,96,60.23,5,Snowy,0,63.47,Winter,0,112
2022-02-12,S004,P0020,Furniture,West,129,84,209,134.67,10,Snowy,1,116.05,Winter,0,98
2022-02-12,S005,P0001,Groceries,North,236,31,0,9.64,5,Sunny,0,10.32,Winter,0,51
2022-02-12,S005,P0002,Electronics,North,166,166,615,50.85,10,Sunny,0,48.91,Winter,0,183
2022-02-12,S005,P0003,Toys,North,119,116,211,39.32,0,Sunny,0,42.87,Winter,0,185
2022-02-12,S005,P0004,Groceries,North,250,206,165,10.34,0,Sunny,0,12.16,Winter,0,202
2022-02-12,S005,P0005,Groceries,North,401,107,0,13.5,25,Sunny,1,14.27,Winter,0,129
2022-02-12,S005,P0006,Groceries,North,463,65,0,55.18,10,Sunny,1,63.09,Winter,0,107
2022-02-12,S005,P0007,Groceries,North,298,211,612,107.4,20,Sunny,1,118.17,Winter,0,290
2022-02-12,S005,P0008,Groceries,North,143,108,99,69.41,0,Sunny,0,64.07,Winter,0,113
2022-02-12,S005,P0009,Groceries,North,131,84,0,92.59,10,Sunny,1,88.98,Winter,0,104
2022-02-12,S005,P0010,Groceries,North,381,23,0,43.08,10,Sunny,0,45.67,Winter,0,38
2022-02-12,S005,P0011,Electronics,North,554,69,0,73.24,5,Sunny,0,85.63,Winter,0,83
2022-02-12,S005,P0012,Furniture,North,273,36,0,122.24,0,Sunny,0,138.87,Winter,0,59
2022-02-12,S005,P0013,Groceries,North,436,155,865,100.0,15,Sunny,1,93.98,Winter,0,250
2022-02-12,S005,P0014,Furniture,North,187,79,0,178.26,10,Sunny,0,153.44,Winter,0,113
2022-02-12,S005,P0015,Groceries,North,214,214,342,62.0,10,Sunny,0,65.93,Winter,0,211
2022-02-12,S005,P0016,Toys,North,821,64,0,27.98,10,Sunny,0,31.71,Winter,0,61
2022-02-12,S005,P0017,Toys,North,149,104,145,37.67,10,Sunny,0,40.96,Winter,0,129
2022-02-12,S005,P0018,Clothing,North,204,93,0,24.13,0,Sunny,0,27.17,Winter,0,127
2022-02-12,S005,P0019,Furniture,North,214,62,0,122.98,10,Sunny,0,143.78,Winter,0,69
2022-02-12,S005,P0020,Toys,North,126,80,131,29.51,15,Sunny,1,32.02,Winter,0,132
2022-02-13,S001,P0001,Electronics,North,267,65,0,64.14,0,Snowy,0,71.52,Winter,0,63
2022-02-13,S001,P0002,Clothing,North,176,130,218,90.07,5,Snowy,0,83.19,Winter,0,209
2022-02-13,S001,P0003,Clothing,North,1431,131,0,48.03,20,Snowy,1,57.32,Winter,0,122
2022-02-13,S001,P0004,Electronics,North,162,21,0,72.79,10,Snowy,0,81.78,Winter,0,20
2022-02-13,S001,P0005,Groceries,North,0,0,0,39.12,20,Snowy,1,44.39,Winter,0,45
2022-02-13,S001,P0006,Toys,North,254,89,0,37.86,5,Snowy,0,40.01,Winter,0,86
2022-02-13,S001,P0007,Groceries,North,255,61,0,20.61,15,Snowy,1,18.19,Winter,0,76
2022-02-13,S001,P0008,Electronics,North,89,83,79,40.85,10,Snowy,0,40.46,Winter,0,83
2022-02-13,S001,P0009,Clothing,North,178,66,0,83.15,0,Snowy,0,98.58,Winter,0,75
2022-02-13,S001,P0010,Furniture,North,298,117,0,125.66,20,Snowy,1,136.67,Winter,0,137
2022-02-13,S001,P0011,Furniture,North,247,33,0,143.65,0,Snowy,0,139.72,Winter,0,30
2022-02-13,S001,P0012,Groceries,North,191,191,0,94.99,20,Snowy,1,83.36,Winter,0,208
2022-02-13,S001,P0013,Toys,North,172,155,131,35.46,10,Snowy,0,33.22,Winter,0,133
2022-02-13,S001,P0014,Groceries,North,455,102,0,66.91,10,Snowy,0,71.77,Winter,0,104
2022-02-13,S001,P0015,Toys,North,144,75,74,13.14,15,Snowy,1,14.17,Winter,0,84
2022-02-13,S001,P0016,Groceries,North,629,94,0,35.56,10,Snowy,0,33.61,Winter,0,88
2022-02-13,S001,P0017,Toys,North,87,74,56,20.3,5,Snowy,0,18.19,Winter,0,63
2022-02-13,S001,P0018,Groceries,North,144,88,98,63.28,0,Snowy,0,58.43,Winter,0,95
2022-02-13,S001,P0019,Furniture,North,136,85,85,112.0,10,Snowy,1,106.67,Winter,0,88
2022-02-13,S001,P0020,Furniture,North,196,76,0,121.65,10,Snowy,1,110.75,Winter,0,96
2022-02-13,S002,P0001,Groceries,South,565,147,580,104.06,0,Snowy,0,99.76,Winter,0,165
2022-02-13,S002,P0002,Toys,South,487,105,0,35.65,0,Snowy,0,32.62,Winter,0,102
2022-02-13,S002,P0003,Groceries,South,316,127,429,87.82,10,Snowy,1,94.04,Winter,0,160
2022-02-13,S002,P0004,Groceries,South,322,56,0,39.56,5,Snowy,0,38.43,Winter,0,79
2022-02-13,S002,P0005,Electronics,South,271,151,0,96.91,10,Snowy,1,104.97,Winter,0,144
2022-02-13,S002,P0006,Clothing,South,206,120,0,68.55,5,Snowy,0,62.17,Winter,0,109
2022-02-13,S002,P0007,Toys,South,126,101,0,25.9,20,Snowy,1,29.55,Winter,0,136
2022-02-13,S002,P0008,Groceries,South,89,89,116,27.86,0,Snowy,0,32.14,Winter,0,122
2022-02-13,S002,P0009,Groceries,South,295,48,0,52.38,10,Snowy,0,61.38,Winter,0,78
2022-02-13,S002,P0010,Groceries,South,104,91,107,74.07,20,Snowy,1,70.13,Winter,0,95
2022-02-13,S002,P0011,Groceries,South,588,108,0,114.53,5,Snowy,0,125.4,Winter,0,178
2022-02-13,S002,P0012,Electronics,South,570,115,0,60.22,15,Snowy,1,68.78,Winter,0,104
2022-02-13,S002,P0013,Groceries,South,406,81,303,24.73,0,Snowy,0,21.57,Winter,0,116
2022-02-13,S002,P0014,Electronics,South,730,41,0,97.56,10,Snowy,0,105.57,Winter,0,56
2022-02-13,S002,P0015,Clothing,South,180,67,0,53.57,15,Snowy,1,58.64,Winter,0,71
2022-02-13,S002,P0016,Clothing,South,151,63,0,74.84,10,Snowy,0,64.9,Winter,0,63
2022-02-13,S002,P0017,Toys,South,128,54,0,19.88,0,Snowy,0,21.71,Winter,0,79
2022-02-13,S002,P0018,Clothing,South,122,122,108,28.99,10,Snowy,0,24.84,Winter,0,125
2022-02-13,S002,P0019,Clothing,South,583,97,511,78.43,20,Snowy,1,84.12,Winter,0,131
2022-02-13,S002,P0020,Furniture,South,285,66,0,123.43,10,Snowy,1,146.99,Winter,0,91
2022-02-13,S003,P0001,Toys,East,442,53,0,15.78,0,Cloudy,0,18.82,Winter,0,76
2022-02-13,S003,P0002,Groceries,East,627,93,0,57.49,5,Cloudy,0,66.66,Winter,0,121
2022-02-13,S003,P0003,Electronics,East,137,109,175,100.59,15,Cloudy,1,88.96,Winter,0,172
2022-02-13,S003,P0004,Groceries,East,306,79,0,19.43,10,Cloudy,0,23.33,Winter,0,78
2022-02-13,S003,P0005,Toys,East,803,210,653,23.4,25,Cloudy,1,22.47,Winter,0,187
2022-02-13,S003,P0006,Toys,East,118,25,0,26.66,10,Cloudy,0,29.92,Winter,0,22
2022-02-13,S003,P0007,Groceries,East,803,150,0,15.22,20,Cloudy,1,18.3,Winter,0,149
2022-02-13,S003,P0008,Clothing,East,217,146,0,130.38,0,Cloudy,0,140.68,Winter,0,134
2022-02-13,S003,P0009,Groceries,East,92,92,119,53.09,10,Cloudy,0,56.74,Winter,0,125
2022-02-13,S003,P0010,Groceries,East,139,113,141,38.68,25,Cloudy,1,38.33,Winter,0,174
2022-02-13,S003,P0011,Electronics,East,477,76,0,105.36,10,Cloudy,0,123.64,Winter,0,79
2022-02-13,S003,P0012,Furniture,East,125,57,0,83.86,15,Cloudy,1,96.57,Winter,0,74
2022-02-13,S003,P0013,Groceries,East,336,149,0,81.42,0,Cloudy,0,94.12,Winter,0,134
2022-02-13,S003,P0014,Groceries,East,521,81,0,88.03,0,Cloudy,0,104.1,Winter,0,76
2022-02-13,S003,P0015,Groceries,East,1012,246,0,109.56,20,Cloudy,1,130.9,Winter,0,218
2022-02-13,S003,P0016,Electronics,East,265,114,0,101.74,10,Cloudy,0,100.95,Winter,0,117
2022-02-13,S003,P0017,Furniture,East,410,77,0,116.73,5,Cloudy,0,140.74,Winter,0,78
2022-02-13,S003,P0018,Furniture,East,108,108,484,144.68,10,Cloudy,0,174.59,Winter,0,129
2022-02-13,S003,P0019,Groceries,East,113,113,119,56.56,15,Cloudy,1,49.81,Winter,0,142
2022-02-13,S003,P0020,Clothing,East,0,0,0,65.74,15,Cloudy,1,58.14,Winter,0,92
2022-02-13,S004,P0001,Groceries,West,173,165,0,14.08,0,Cloudy,0,12.32,Winter,0,160
2022-02-13,S004,P0002,Groceries,West,625,168,0,26.5,5,Cloudy,0,30.14,Winter,0,211
2022-02-13,S004,P0003,Furniture,West,536,77,0,118.11,15,Cloudy,1,140.81,Winter,0,73
2022-02-13,S004,P0004,Groceries,West,722,55,0,53.2,0,Cloudy,0,50.33,Winter,0,80
2022-02-13,S004,P0005,Clothing,West,144,112,134,66.61,25,Cloudy,1,63.79,Winter,0,142
2022-02-13,S004,P0006,Groceries,West,160,150,0,46.32,5,Cloudy,0,40.4,Winter,0,179
2022-02-13,S004,P0007,Groceries,West,202,116,0,26.72,25,Cloudy,1,28.65,Winter,0,171
2022-02-13,S004,P0008,Furniture,West,88,41,71,93.49,0,Cloudy,0,106.68,Winter,0,60
2022-02-13,S004,P0009,Clothing,West,515,77,0,134.16,0,Cloudy,0,131.07,Winter,0,127
2022-02-13,S004,P0010,Groceries,West,594,87,490,25.07,20,Cloudy,1,22.24,Winter,0,143
2022-02-13,S004,P0011,Clothing,West,849,131,0,64.63,5,Cloudy,0,69.35,Winter,0,137
2022-02-13,S004,P0012,Electronics,West,75,75,148,117.76,20,Cloudy,1,117.17,Winter,0,159
2022-02-13,S004,P0013,Groceries,West,634,44,0,18.07,5,Cloudy,0,16.73,Winter,0,61
2022-02-13,S004,P0014,Furniture,West,236,90,168,168.12,10,Cloudy,0,148.94,Winter,0,91
2022-02-13,S004,P0015,Furniture,West,255,119,286,85.41,20,Cloudy,1,98.8,Winter,0,103
2022-02-13,S004,P0016,Furniture,West,154,52,0,96.52,10,Cloudy,0,102.37,Winter,0,49
2022-02-13,S004,P0017,Clothing,West,101,77,109,87.41,10,Cloudy,0,99.81,Winter,0,94
2022-02-13,S004,P0018,Furniture,West,75,43,63,156.88,0,Cloudy,0,182.27,Winter,0,66
2022-02-13,S004,P0019,Clothing,West,118,83,147,57.75,20,Cloudy,1,49.37,Winter,0,138
2022-02-13,S004,P0020,Furniture,West,45,45,283,121.6,20,Cloudy,1,128.65,Winter,0,119
2022-02-13,S005,P0001,Groceries,North,205,44,0,10.37,5,Snowy,0,9.21,Winter,0,56
2022-02-13,S005,P0002,Electronics,North,331,96,0,40.46,5,Snowy,0,38.33,Winter,0,88
2022-02-13,S005,P0003,Toys,North,214,48,0,22.32,20,Snowy,1,24.55,Winter,0,72
2022-02-13,S005,P0004,Groceries,North,209,28,0,5.81,10,Snowy,0,5.56,Winter,0,36
2022-02-13,S005,P0005,Groceries,North,294,84,278,15.36,15,Snowy,1,17.67,Winter,0,130
2022-02-13,S005,P0006,Groceries,North,398,46,0,49.54,0,Snowy,0,55.41,Winter,0,47
2022-02-13,S005,P0007,Groceries,North,87,86,0,80.64,10,Snowy,1,96.18,Winter,0,125
2022-02-13,S005,P0008,Groceries,North,134,31,0,47.9,10,Snowy,0,54.39,Winter,0,52
2022-02-13,S005,P0009,Groceries,North,47,47,0,96.51,0,Snowy,0,102.94,Winter,0,100
2022-02-13,S005,P0010,Groceries,North,1068,74,0,44.55,20,Snowy,1,53.32,Winter,0,77
2022-02-13,S005,P0011,Electronics,North,485,38,0,67.67,0,Snowy,0,67.3,Winter,0,35
2022-02-13,S005,P0012,Furniture,North,237,82,0,114.4,20,Snowy,1,100.26,Winter,0,89
2022-02-13,S005,P0013,Groceries,North,281,78,0,82.42,5,Snowy,0,78.73,Winter,0,130
2022-02-13,S005,P0014,Furniture,North,422,48,0,163.33,5,Snowy,0,155.3,Winter,0,71
2022-02-13,S005,P0015,Groceries,North,0,0,403,53.02,25,Snowy,1,57.53,Winter,0,222
2022-02-13,S005,P0016,Toys,North,757,48,0,32.76,5,Snowy,0,32.36,Winter,0,76
2022-02-13,S005,P0017,Toys,North,190,66,0,32.78,5,Snowy,0,36.32,Winter,0,70
2022-02-13,S005,P0018,Clothing,North,111,103,106,22.43,5,Snowy,0,25.92,Winter,0,120
2022-02-13,S005,P0019,Furniture,North,152,40,134,106.14,25,Snowy,1,104.29,Winter,0,64
2022-02-13,S005,P0020,Toys,North,177,76,0,29.55,10,Snowy,1,29.0,Winter,0,98
2022-02-14,S001,P0001,Electronics,North,490,54,0,60.31,10,Snowy,0,53.53,Winter,0,61
2022-02-14,S001,P0002,Clothing,North,264,185,0,71.22,20,Snowy,1,71.18,Winter,0,184
2022-02-14,S001,P0003,Clothing,North,1300,52,0,45.76,10,Snowy,0,51.8,Winter,0,72
2022-02-14,S001,P0004,Electronics,North,392,46,0,74.14,25,Snowy,1,65.22,Winter,0,56
2022-02-14,S001,P0005,Groceries,North,649,91,0,54.26,20,Snowy,1,60.86,Winter,0,142
2022-02-14,S001,P0006,Toys,North,165,57,0,38.27,10,Snowy,0,33.79,Winter,0,90
2022-02-14,S001,P0007,Groceries,North,763,84,0,21.13,20,Snowy,1,24.19,Winter,0,117
2022-02-14,S001,P0008,Electronics,North,85,85,170,45.0,15,Snowy,1,48.51,Winter,0,149
2022-02-14,S001,P0009,Clothing,North,112,112,161,89.18,25,Snowy,1,94.3,Winter,0,195
2022-02-14,S001,P0010,Furniture,North,829,108,0,129.65,15,Snowy,1,120.17,Winter,0,111
2022-02-14,S001,P0011,Furniture,North,214,109,183,145.91,20,Snowy,1,163.26,Winter,0,109
2022-02-14,S001,P0012,Groceries,North,371,102,0,80.93,5,Snowy,0,93.13,Winter,0,107
2022-02-14,S001,P0013,Toys,North,148,69,0,27.53,10,Snowy,0,30.71,Winter,0,71
2022-02-14,S001,P0014,Groceries,North,353,49,0,57.37,15,Snowy,1,68.32,Winter,0,76
2022-02-14,S001,P0015,Toys,North,143,143,209,16.73,20,Snowy,1,18.35,Winter,0,185
2022-02-14,S001,P0016,Groceries,North,535,155,0,38.99,15,Snowy,1,36.05,Winter,0,135
2022-02-14,S001,P0017,Toys,North,69,24,50,16.28,10,Snowy,0,18.55,Winter,0,33
2022-02-14,S001,P0018,Groceries,North,154,111,120,57.4,10,Snowy,0,62.32,Winter,0,113
2022-02-14,S001,P0019,Furniture,North,136,59,0,98.0,10,Snowy,1,115.65,Winter,0,65
2022-02-14,S001,P0020,Furniture,North,625,63,0,98.17,20,Snowy,1,103.45,Winter,0,83
2022-02-14,S002,P0001,Groceries,South,418,120,0,81.61,5,Cloudy,0,76.4,Winter,0,100
2022-02-14,S002,P0002,Toys,South,382,126,0,28.61,25,Cloudy,1,34.43,Winter,0,141
2022-02-14,S002,P0003,Groceries,South,189,137,0,95.82,0,Cloudy,0,115.69,Winter,0,153
2022-02-14,S002,P0004,Groceries,South,266,107,288,36.05,15,Cloudy,1,39.96,Winter,0,100
2022-02-14,S002,P0005,Electronics,South,120,97,649,93.94,20,Cloudy,1,83.07,Winter,0,157
2022-02-14,S002,P0006,Clothing,South,86,86,83,67.28,0,Cloudy,0,78.88,Winter,0,103
2022-02-14,S002,P0007,Toys,South,458,109,480,27.51,20,Cloudy,1,31.98,Winter,0,157
2022-02-14,S002,P0008,Groceries,South,116,116,200,33.01,10,Cloudy,1,32.73,Winter,0,204
2022-02-14,S002,P0009,Groceries,South,247,93,240,57.95,15,Cloudy,1,57.39,Winter,0,110
2022-02-14,S002,P0010,Groceries,South,120,3,0,58.09,10,Cloudy,1,53.62,Winter,0,4
2022-02-14,S002,P0011,Groceries,South,480,113,406,95.06,15,Cloudy,1,103.35,Winter,0,151
2022-02-14,S002,P0012,Electronics,South,455,50,0,56.17,10,Cloudy,0,59.8,Winter,0,67
2022-02-14,S002,P0013,Groceries,South,325,121,0,22.37,10,Cloudy,0,19.63,Winter,0,117
2022-02-14,S002,P0014,Electronics,South,689,103,0,122.29,15,Cloudy,1,109.09,Winter,0,124
2022-02-14,S002,P0015,Clothing,South,113,113,893,68.09,25,Cloudy,1,75.18,Winter,0,192
2022-02-14,S002,P0016,Clothing,South,385,139,0,90.41,20,Cloudy,1,88.33,Winter,0,159
2022-02-14,S002,P0017,Toys,South,438,104,293,22.62,0,Cloudy,0,24.28,Winter,0,119
2022-02-14,S002,P0018,Clothing,South,108,75,87,23.41,10,Cloudy,0,28.13,Winter,0,76
2022-02-14,S002,P0019,Clothing,South,486,111,0,104.46,10,Cloudy,1,93.39,Winter,0,173
2022-02-14,S002,P0020,Furniture,South,219,100,0,130.77,15,Cloudy,1,142.88,Winter,0,127
2022-02-14,S003,P0001,Toys,East,389,164,0,18.45,10,Sunny,0,16.47,Winter,0,142
2022-02-14,S003,P0002,Groceries,East,534,272,780,72.45,15,Sunny,1,72.07,Winter,0,231
2022-02-14,S003,P0003,Electronics,East,203,121,140,107.48,0,Sunny,0,92.23,Winter,0,137
2022-02-14,S003,P0004,Groceries,East,804,68,0,21.48,10,Sunny,1,20.25,Winter,0,92
2022-02-14,S003,P0005,Toys,East,593,150,0,26.05,20,Sunny,1,25.15,Winter,0,204
2022-02-14,S003,P0006,Toys,East,93,93,100,37.39,10,Sunny,0,36.32,Winter,0,97
2022-02-14,S003,P0007,Groceries,East,653,113,0,17.3,15,Sunny,1,19.87,Winter,0,173
2022-02-14,S003,P0008,Clothing,East,340,134,0,102.97,25,Sunny,1,100.34,Winter,0,134
2022-02-14,S003,P0009,Groceries,East,119,103,149,53.37,10,Sunny,1,59.46,Winter,0,126
2022-02-14,S003,P0010,Groceries,East,167,136,200,40.96,25,Sunny,1,36.87,Winter,0,196
2022-02-14,S003,P0011,Electronics,East,401,174,0,142.64,10,Sunny,1,126.51,Winter,0,160
2022-02-14,S003,P0012,Furniture,East,256,56,0,97.49,5,Sunny,0,96.14,Winter,0,71
2022-02-14,S003,P0013,Groceries,East,952,199,0,93.72,10,Sunny,0,87.53,Winter,0,206
2022-02-14,S003,P0014,Groceries,East,440,121,0,93.91,10,Sunny,1,92.34,Winter,0,111
2022-02-14,S003,P0015,Groceries,East,766,108,0,97.57,15,Sunny,1,95.7,Winter,0,132
2022-02-14,S003,P0016,Electronics,East,495,216,553,125.17,20,Sunny,1,143.77,Winter,0,263
2022-02-14,S003,P0017,Furniture,East,333,68,0,124.64,0,Sunny,0,150.57,Winter,0,82
2022-02-14,S003,P0018,Furniture,East,0,0,0,110.42,10,Sunny,0,132.82,Winter,0,50
2022-02-14,S003,P0019,Groceries,East,119,119,252,59.9,25,Sunny,1,56.4,Winter,0,212
2022-02-14,S003,P0020,Clothing,East,789,142,0,69.36,20,Sunny,1,81.78,Winter,0,145
2022-02-14,S004,P0001,Groceries,West,8,8,505,12.03,5,Cloudy,0,12.76,Winter,0,141
2022-02-14,S004,P0002,Groceries,West,457,133,0,18.06,25,Cloudy,1,21.16,Winter,0,154
2022-02-14,S004,P0003,Furniture,West,459,96,0,148.25,0,Cloudy,0,159.96,Winter,0,91
2022-02-14,S004,P0004,Groceries,West,667,82,0,42.77,25,Cloudy,1,47.89,Winter,0,116
2022-02-14,S004,P0005,Clothing,West,166,155,222,92.3,10,Cloudy,1,88.1,Winter,0,196
2022-02-14,S004,P0006,Groceries,West,342,92,263,42.41,5,Cloudy,0,39.55,Winter,0,146
2022-02-14,S004,P0007,Groceries,West,86,61,0,22.43,25,Cloudy,1,19.83,Winter,0,95
2022-02-14,S004,P0008,Furniture,West,118,81,102,93.4,15,Cloudy,1,107.51,Winter,0,106
2022-02-14,S004,P0009,Clothing,West,438,103,0,128.76,10,Cloudy,1,122.47,Winter,0,149
2022-02-14,S004,P0010,Groceries,West,507,105,0,28.59,10,Cloudy,1,24.82,Winter,0,147
2022-02-14,S004,P0011,Clothing,West,718,114,0,63.62,10,Cloudy,1,76.16,Winter,0,151
2022-02-14,S004,P0012,Electronics,West,148,74,134,112.39,10,Cloudy,0,124.25,Winter,0,120
2022-02-14,S004,P0013,Groceries,West,590,130,0,22.12,5,Cloudy,0,21.1,Winter,0,121
2022-02-14,S004,P0014,Furniture,West,146,146,309,183.92,15,Cloudy,1,175.94,Winter,0,138
2022-02-14,S004,P0015,Furniture,West,136,74,314,87.3,25,Cloudy,1,86.18,Winter,0,114
2022-02-14,S004,P0016,Furniture,West,102,46,0,100.53,15,Cloudy,1,96.35,Winter,0,61
2022-02-14,S004,P0017,Clothing,West,133,133,176,116.05,10,Cloudy,0,104.82,Winter,0,172
2022-02-14,S004,P0018,Furniture,West,95,51,61,139.7,10,Cloudy,0,152.77,Winter,0,63
2022-02-14,S004,P0019,Clothing,West,182,122,210,65.41,20,Cloudy,1,61.25,Winter,0,184
2022-02-14,S004,P0020,Furniture,West,209,103,0,115.09,25,Cloudy,1,122.73,Winter,0,122
2022-02-14,S005,P0001,Groceries,North,161,51,119,10.78,0,Snowy,0,12.79,Winter,0,67
2022-02-14,S005,P0002,Electronics,North,235,82,0,40.81,10,Snowy,1,48.53,Winter,0,123
2022-02-14,S005,P0003,Toys,North,166,62,79,29.77,0,Snowy,0,31.75,Winter,0,90
2022-02-14,S005,P0004,Groceries,North,181,117,94,6.1,25,Snowy,1,6.47,Winter,0,115
2022-02-14,S005,P0005,Groceries,North,210,146,434,20.28,10,Snowy,1,24.25,Winter,0,213
2022-02-14,S005,P0006,Groceries,North,924,65,0,61.19,0,Snowy,0,54.36,Winter,0,91
2022-02-14,S005,P0007,Groceries,North,613,219,0,92.84,25,Snowy,1,83.24,Winter,0,229
2022-02-14,S005,P0008,Groceries,North,103,103,122,49.14,25,Snowy,1,52.87,Winter,0,111
2022-02-14,S005,P0009,Groceries,North,393,122,380,83.85,25,Snowy,1,79.65,Winter,0,131
2022-02-14,S005,P0010,Groceries,North,994,98,0,56.5,15,Snowy,1,51.0,Winter,0,115
2022-02-14,S005,P0011,Electronics,North,447,74,0,63.07,20,Snowy,1,59.14,Winter,0,74
2022-02-14,S005,P0012,Furniture,North,602,77,0,122.35,10,Snowy,0,112.76,Winter,0,74
2022-02-14,S005,P0013,Groceries,North,203,87,0,70.9,0,Snowy,0,75.22,Winter,0,83
2022-02-14,S005,P0014,Furniture,North,374,104,0,147.89,15,Snowy,1,161.89,Winter,0,89
2022-02-14,S005,P0015,Groceries,North,342,129,0,51.41,20,Snowy,1,46.29,Winter,0,164
2022-02-14,S005,P0016,Toys,North,709,146,0,31.51,20,Snowy,1,38.03,Winter,0,132
2022-02-14,S005,P0017,Toys,North,124,36,0,27.95,10,Snowy,0,31.5,Winter,0,43
2022-02-14,S005,P0018,Clothing,North,114,73,130,23.08,5,Snowy,0,21.03,Winter,0,113
2022-02-14,S005,P0019,Furniture,North,112,61,0,125.43,20,Snowy,1,109.6,Winter,0,94
2022-02-14,S005,P0020,Toys,North,101,74,101,25.52,20,Snowy,1,28.96,Winter,0,104
2022-02-15,S001,P0001,Electronics,North,436,109,0,62.09,25,Snowy,1,68.99,Winter,0,141
2022-02-15,S001,P0002,Clothing,North,79,79,98,68.6,0,Snowy,0,60.53,Winter,0,95
2022-02-15,S001,P0003,Clothing,North,1248,210,0,67.5,10,Snowy,1,66.6,Winter,0,184
2022-02-15,S001,P0004,Electronics,North,346,37,0,91.02,5,Snowy,0,88.3,Winter,0,48
2022-02-15,S001,P0005,Groceries,North,558,85,0,58.44,10,Snowy,0,69.5,Winter,0,127
2022-02-15,S001,P0006,Toys,North,387,125,452,39.11,20,Snowy,1,34.32,Winter,0,134
2022-02-15,S001,P0007,Groceries,North,679,118,480,21.8,25,Snowy,1,25.69,Winter,0,149
2022-02-15,S001,P0008,Electronics,North,170,88,0,44.09,5,Snowy,0,44.0,Winter,0,90
2022-02-15,S001,P0009,Clothing,North,161,161,154,115.69,0,Snowy,0,101.64,Winter,0,165
2022-02-15,S001,P0010,Furniture,North,721,49,0,126.96,0,Snowy,0,117.9,Winter,0,58
2022-02-15,S001,P0011,Furniture,North,105,84,0,166.66,0,Snowy,0,197.0,Winter,0,82
2022-02-15,S001,P0012,Groceries,North,269,215,346,94.99,10,Snowy,1,114.42,Winter,0,181
2022-02-15,S001,P0013,Toys,North,79,79,134,30.42,15,Snowy,1,34.92,Winter,0,118
2022-02-15,S001,P0014,Groceries,North,304,114,345,59.1,20,Snowy,1,63.93,Winter,0,102
2022-02-15,S001,P0015,Toys,North,209,41,0,12.79,5,Snowy,0,14.86,Winter,0,46
2022-02-15,S001,P0016,Groceries,North,380,56,0,33.67,0,Snowy,0,39.61,Winter,0,58
2022-02-15,S001,P0017,Toys,North,95,74,63,18.5,10,Snowy,0,20.32,Winter,0,66
2022-02-15,S001,P0018,Groceries,North,163,123,138,68.85,0,Snowy,0,83.3,Winter,0,138
2022-02-15,S001,P0019,Furniture,North,77,59,68,99.79,15,Snowy,1,91.15,Winter,0,71
2022-02-15,S001,P0020,Furniture,North,562,62,0,100.36,20,Snowy,1,98.62,Winter,0,75
2022-02-15,S002,P0001,Groceries,South,298,183,0,92.83,10,Snowy,1,101.57,Winter,0,181
2022-02-15,S002,P0002,Toys,South,256,120,234,33.72,0,Snowy,0,39.21,Winter,0,100
2022-02-15,S002,P0003,Groceries,South,52,52,0,78.32,15,Snowy,1,66.84,Winter,0,122
2022-02-15,S002,P0004,Groceries,South,159,64,0,40.66,10,Snowy,0,38.97,Winter,0,103
2022-02-15,S002,P0005,Electronics,South,23,23,0,88.64,0,Snowy,0,101.95,Winter,0,82
2022-02-15,S002,P0006,Clothing,South,83,79,68,45.98,25,Snowy,1,53.25,Winter,0,76
2022-02-15,S002,P0007,Toys,South,349,148,0,26.32,20,Snowy,1,28.59,Winter,0,141
2022-02-15,S002,P0008,Groceries,South,200,46,0,25.15,0,Snowy,0,23.66,Winter,0,76
2022-02-15,S002,P0009,Groceries,South,154,101,0,56.61,10,Snowy,0,50.19,Winter,0,85
2022-02-15,S002,P0010,Groceries,South,117,106,142,108.51,0,Snowy,0,92.57,Winter,0,147
2022-02-15,S002,P0011,Groceries,South,367,150,0,102.58,10,Snowy,0,91.03,Winter,0,139
2022-02-15,S002,P0012,Electronics,South,405,92,397,55.18,25,Snowy,1,61.07,Winter,0,116
2022-02-15,S002,P0013,Groceries,South,204,73,0,18.96,15,Snowy,1,21.0,Winter,0,100
2022-02-15,S002,P0014,Electronics,South,586,91,0,103.33,15,Snowy,1,119.18,Winter,0,87
2022-02-15,S002,P0015,Clothing,South,551,90,0,68.7,5,Snowy,0,81.44,Winter,0,112
2022-02-15,S002,P0016,Clothing,South,246,45,0,75.74,5,Snowy,0,64.51,Winter,0,52
2022-02-15,S002,P0017,Toys,South,334,102,0,19.3,10,Snowy,0,19.13,Winter,0,87
2022-02-15,S002,P0018,Clothing,South,120,77,66,24.49,10,Snowy,0,21.47,Winter,0,74
2022-02-15,S002,P0019,Clothing,South,375,69,0,64.73,25,Snowy,1,70.11,Winter,0,91
2022-02-15,S002,P0020,Furniture,South,481,103,0,104.03,25,Snowy,1,114.82,Winter,0,94
2022-02-15,S003,P0001,Toys,East,225,98,0,14.39,15,Cloudy,1,12.77,Winter,0,82
2022-02-15,S003,P0002,Groceries,East,262,198,0,68.53,5,Cloudy,0,73.91,Winter,0,183
2022-02-15,S003,P0003,Electronics,East,222,92,0,87.8,20,Cloudy,1,77.83,Winter,0,144
2022-02-15,S003,P0004,Groceries,East,736,72,0,20.18,5,Cloudy,0,22.3,Winter,0,73
2022-02-15,S003,P0005,Toys,East,443,44,0,21.49,0,Cloudy,0,20.08,Winter,0,65
2022-02-15,S003,P0006,Toys,East,100,100,164,47.58,10,Cloudy,1,40.97,Winter,0,179
2022-02-15,S003,P0007,Groceries,East,540,76,0,15.29,10,Cloudy,1,14.33,Winter,0,95
2022-02-15,S003,P0008,Clothing,East,206,164,273,135.6,5,Cloudy,0,123.34,Winter,0,147
2022-02-15,S003,P0009,Groceries,East,165,129,161,71.25,0,Cloudy,0,71.23,Winter,0,173
2022-02-15,S003,P0010,Groceries,East,231,123,0,41.19,5,Cloudy,0,47.41,Winter,0,130
2022-02-15,S003,P0011,Electronics,East,227,84,210,116.19,5,Cloudy,0,125.49,Winter,0,92
2022-02-15,S003,P0012,Furniture,East,200,89,188,96.48,15,Cloudy,1,87.09,Winter,0,100
2022-02-15,S003,P0013,Groceries,East,753,43,0,46.73,20,Cloudy,1,51.56,Winter,0,38
2022-02-15,S003,P0014,Groceries,East,319,80,339,78.5,25,Cloudy,1,83.34,Winter,0,129
2022-02-15,S003,P0015,Groceries,East,658,72,0,89.22,0,Cloudy,0,98.72,Winter,0,71
2022-02-15,S003,P0016,Electronics,East,279,29,0,79.4,5,Cloudy,0,73.9,Winter,0,33
2022-02-15,S003,P0017,Furniture,East,871,78,0,112.12,10,Cloudy,0,104.75,Winter,0,67
2022-02-15,S003,P0018,Furniture,East,476,45,0,118.83,10,Cloudy,0,105.4,Winter,0,55
2022-02-15,S003,P0019,Groceries,East,252,164,0,49.77,25,Cloudy,1,53.89,Winter,0,159
2022-02-15,S003,P0020,Clothing,East,647,171,688,74.85,25,Cloudy,1,63.96,Winter,0,178
2022-02-15,S004,P0001,Groceries,West,569,43,0,8.01,15,Snowy,1,9.46,Winter,0,52
2022-02-15,S004,P0002,Groceries,West,324,57,0,20.25,0,Snowy,0,18.51,Winter,0,82
2022-02-15,S004,P0003,Furniture,West,363,50,0,108.27,25,Snowy,1,100.74,Winter,0,69
2022-02-15,S004,P0004,Groceries,West,585,56,0,45.26,10,Snowy,0,51.83,Winter,0,79
2022-02-15,S004,P0005,Clothing,West,233,109,0,74.07,0,Snowy,0,81.41,Winter,0,100
2022-02-15,S004,P0006,Groceries,West,250,140,0,33.98,25,Snowy,1,33.49,Winter,0,152
2022-02-15,S004,P0007,Groceries,West,25,25,0,28.45,20,Snowy,1,31.2,Winter,0,170
2022-02-15,S004,P0008,Furniture,West,139,58,0,97.16,0,Snowy,0,83.36,Winter,0,57
2022-02-15,S004,P0009,Clothing,West,1043,153,0,124.01,5,Snowy,0,147.76,Winter,0,135
2022-02-15,S004,P0010,Groceries,West,402,103,0,23.63,10,Snowy,0,20.4,Winter,0,86
2022-02-15,S004,P0011,Clothing,West,604,129,0,64.41,5,Snowy,0,64.0,Winter,0,119
2022-02-15,S004,P0012,Electronics,West,208,83,0,115.21,15,Snowy,1,98.09,Winter,0,130
2022-02-15,S004,P0013,Groceries,West,460,118,520,21.54,15,Snowy,1,24.34,Winter,0,168
2022-02-15,S004,P0014,Furniture,West,168,118,0,144.82,25,Snowy,1,130.54,Winter,0,101
2022-02-15,S004,P0015,Furniture,West,62,58,0,96.41,10,Snowy,0,88.83,Winter,0,88
2022-02-15,S004,P0016,Furniture,West,298,36,0,110.26,0,Snowy,0,98.47,Winter,0,43
2022-02-15,S004,P0017,Clothing,West,176,66,0,88.89,5,Snowy,0,82.56,Winter,0,69
2022-02-15,S004,P0018,Furniture,West,105,92,82,150.72,10,Snowy,0,159.16,Winter,0,85
2022-02-15,S004,P0019,Clothing,West,270,122,0,65.18,10,Snowy,1,71.0,Winter,0,157
2022-02-15,S004,P0020,Furniture,West,389,94,0,139.44,15,Snowy,1,122.05,Winter,0,127
2022-02-15,S005,P0001,Groceries,North,110,110,285,12.31,10,Snowy,1,14.67,Winter,0,140
2022-02-15,S005,P0002,Electronics,North,768,83,0,43.92,10,Snowy,0,43.48,Winter,0,130
2022-02-15,S005,P0003,Toys,North,183,90,123,24.37,25,Snowy,1,28.08,Winter,0,117
2022-02-15,S005,P0004,Groceries,North,158,46,0,6.84,0,Snowy,0,8.05,Winter,0,64
2022-02-15,S005,P0005,Groceries,North,342,148,0,17.25,5,Snowy,0,19.3,Winter,0,132
2022-02-15,S005,P0006,Groceries,North,859,187,0,71.77,10,Snowy,1,67.31,Winter,0,180
2022-02-15,S005,P0007,Groceries,North,394,65,0,66.97,20,Snowy,1,64.62,Winter,0,88
2022-02-15,S005,P0008,Groceries,North,122,92,77,61.76,0,Snowy,0,68.21,Winter,0,93
2022-02-15,S005,P0009,Groceries,North,271,113,0,94.51,5,Snowy,0,111.15,Winter,0,109
2022-02-15,S005,P0010,Groceries,North,896,157,0,73.16,10,Snowy,0,64.89,Winter,0,186
2022-02-15,S005,P0011,Electronics,North,373,83,374,83.68,0,Snowy,0,73.13,Winter,0,92
2022-02-15,S005,P0012,Furniture,North,525,92,511,110.9,25,Snowy,1,128.84,Winter,0,114
2022-02-15,S005,P0013,Groceries,North,981,122,0,73.52,25,Snowy,1,62.64,Winter,0,174
2022-02-15,S005,P0014,Furniture,North,270,108,311,159.99,10,Snowy,1,169.54,Winter,0,95
2022-02-15,S005,P0015,Groceries,North,616,88,0,52.36,0,Snowy,0,49.45,Winter,0,96
2022-02-15,S005,P0016,Toys,North,563,80,0,32.38,5,Snowy,0,35.64,Winter,0,87
2022-02-15,S005,P0017,Toys,North,88,67,50,33.25,5,Snowy,0,28.44,Winter,0,60
2022-02-15,S005,P0018,Clothing,North,171,95,0,21.4,10,Snowy,0,22.83,Winter,0,123
2022-02-15,S005,P0019,Furniture,North,185,93,141,128.81,15,Snowy,1,109.79,Winter,0,84
2022-02-15,S005,P0020,Toys,North,128,91,93,28.99,10,Snowy,1,30.64,Winter,0,108
2022-02-16,S001,P0001,Electronics,North,327,114,0,58.68,20,Sunny,1,70.98,Winter,0,102
2022-02-16,S001,P0002,Clothing,North,98,43,50,42.85,25,Sunny,1,38.35,Winter,0,45
2022-02-16,S001,P0003,Clothing,North,1038,106,0,55.62,5,Sunny,0,65.85,Winter,0,114
2022-02-16,S001,P0004,Electronics,North,309,50,0,95.69,5,Sunny,0,89.99,Winter,0,61
2022-02-16,S001,P0005,Groceries,North,1570,119,0,61.74,20,Sunny,1,73.33,Winter,0,189
2022-02-16,S001,P0006,Toys,North,262,93,0,42.28,10,Sunny,0,38.86,Winter,0,121
2022-02-16,S001,P0007,Groceries,North,561,56,0,21.99,0,Sunny,0,21.78,Winter,0,50
2022-02-16,S001,P0008,Electronics,North,82,66,55,38.06,10,Sunny,0,35.25,Winter,0,63
2022-02-16,S001,P0009,Clothing,North,154,104,87,77.96,15,Sunny,1,83.75,Winter,0,104
2022-02-16,S001,P0010,Furniture,North,672,42,0,110.33,10,Sunny,0,104.14,Winter,0,49
2022-02-16,S001,P0011,Furniture,North,204,153,309,217.33,0,Sunny,0,197.84,Winter,0,151
2022-02-16,S001,P0012,Groceries,North,54,54,0,99.08,0,Sunny,0,85.14,Winter,0,140
2022-02-16,S001,P0013,Toys,North,134,108,113,39.28,0,Sunny,0,38.57,Winter,0,132
2022-02-16,S001,P0014,Groceries,North,190,145,0,79.79,5,Sunny,0,73.51,Winter,0,127
2022-02-16,S001,P0015,Toys,North,168,99,153,15.62,15,Sunny,1,16.76,Winter,0,138
2022-02-16,S001,P0016,Groceries,North,324,174,538,48.08,10,Sunny,1,45.59,Winter,0,191
2022-02-16,S001,P0017,Toys,North,84,84,109,24.01,0,Sunny,0,25.63,Winter,0,112
2022-02-16,S001,P0018,Groceries,North,178,139,182,53.84,25,Sunny,1,59.18,Winter,0,153
2022-02-16,S001,P0019,Furniture,North,86,76,101,134.58,0,Sunny,0,124.71,Winter,0,112
2022-02-16,S001,P0020,Furniture,North,500,69,0,126.28,5,Sunny,0,134.03,Winter,0,107
2022-02-16,S002,P0001,Groceries,South,695,170,0,84.14,15,Cloudy,1,73.22,Winter,0,147
2022-02-16,S002,P0002,Toys,South,136,68,0,31.9,10,Cloudy,1,30.28,Winter,0,100
2022-02-16,S002,P0003,Groceries,South,429,121,381,89.64,5,Cloudy,0,78.96,Winter,0,130
2022-02-16,S002,P0004,Groceries,South,95,71,0,35.7,10,Cloudy,0,34.6,Winter,0,66
2022-02-16,S002,P0005,Electronics,South,400,41,0,60.47,25,Cloudy,1,60.02,Winter,0,43
2022-02-16,S002,P0006,Clothing,South,72,72,98,62.83,10,Cloudy,0,62.49,Winter,0,98
2022-02-16,S002,P0007,Toys,South,201,102,0,27.29,10,Cloudy,0,23.74,Winter,0,98
2022-02-16,S002,P0008,Groceries,South,154,46,0,20.86,10,Cloudy,0,23.94,Winter,0,67
2022-02-16,S002,P0009,Groceries,South,293,183,316,66.11,15,Cloudy,1,72.61,Winter,0,173
2022-02-16,S002,P0010,Groceries,South,153,117,117,97.02,0,Cloudy,0,89.09,Winter,0,109
2022-02-16,S002,P0011,Groceries,South,217,120,0,102.6,10,Cloudy,0,101.8,Winter,0,139
2022-02-16,S002,P0012,Electronics,South,313,87,0,74.36,0,Cloudy,0,84.85,Winter,0,119
2022-02-16,S002,P0013,Groceries,South,434,57,0,22.31,0,Cloudy,0,22.29,Winter,0,84
2022-02-16,S002,P0014,Electronics,South,495,121,634,146.01,5,Cloudy,0,139.97,Winter,0,146
2022-02-16,S002,P0015,Clothing,South,461,80,0,53.4,20,Cloudy,1,51.98,Winter,0,73
2022-02-16,S002,P0016,Clothing,South,201,168,368,91.23,25,Cloudy,1,80.46,Winter,0,187
2022-02-16,S002,P0017,Toys,South,232,19,0,15.31,5,Cloudy,0,17.7,Winter,0,26
2022-02-16,S002,P0018,Clothing,South,109,109,140,28.3,15,Cloudy,1,31.37,Winter,0,154
2022-02-16,S002,P0019,Clothing,South,306,117,0,89.2,5,Cloudy,0,106.31,Winter,0,117
2022-02-16,S002,P0020,Furniture,South,378,57,0,116.08,5,Cloudy,0,134.27,Winter,0,58
2022-02-16,S003,P0001,Toys,East,127,113,198,13.5,25,Snowy,1,11.83,Winter,0,100
2022-02-16,S003,P0002,Groceries,East,64,64,0,60.17,15,Snowy,1,65.32,Winter,0,176
2022-02-16,S003,P0003,Electronics,East,130,60,63,79.95,0,Snowy,0,90.86,Winter,0,63
2022-02-16,S003,P0004,Groceries,East,664,36,0,19.64,5,Snowy,0,17.95,Winter,0,52
2022-02-16,S003,P0005,Toys,East,399,111,0,23.89,10,Snowy,1,25.82,Winter,0,146
2022-02-16,S003,P0006,Toys,East,164,86,98,37.41,5,Snowy,0,40.86,Winter,0,96
2022-02-16,S003,P0007,Groceries,East,1542,93,0,15.18,10,Snowy,0,14.41,Winter,0,93
2022-02-16,S003,P0008,Clothing,East,42,42,0,118.5,10,Snowy,0,111.4,Winter,0,120
2022-02-16,S003,P0009,Groceries,East,197,65,0,44.76,20,Snowy,1,52.91,Winter,0,108
2022-02-16,S003,P0010,Groceries,East,108,108,122,44.68,0,Snowy,0,43.45,Winter,0,123
2022-02-16,S003,P0011,Electronics,East,143,143,271,148.69,0,Snowy,0,177.8,Winter,0,156
2022-02-16,S003,P0012,Furniture,East,111,57,0,99.7,0,Snowy,0,91.21,Winter,0,63
2022-02-16,S003,P0013,Groceries,East,710,100,0,72.07,10,Snowy,0,62.32,Winter,0,111
2022-02-16,S003,P0014,Groceries,East,239,82,0,85.27,10,Snowy,0,93.19,Winter,0,97
2022-02-16,S003,P0015,Groceries,East,586,172,872,96.48,25,Snowy,1,110.88,Winter,0,192
2022-02-16,S003,P0016,Electronics,East,803,196,0,121.81,10,Snowy,1,136.27,Winter,0,200
2022-02-16,S003,P0017,Furniture,East,793,89,0,121.88,10,Snowy,0,111.85,Winter,0,91
2022-02-16,S003,P0018,Furniture,East,431,86,0,107.09,20,Snowy,1,125.25,Winter,0,73
2022-02-16,S003,P0019,Groceries,East,88,58,88,50.99,5,Snowy,0,48.15,Winter,0,75
2022-02-16,S003,P0020,Clothing,East,476,76,0,80.49,0,Snowy,0,73.02,Winter,0,104
2022-02-16,S004,P0001,Groceries,West,526,119,0,10.04,20,Cloudy,1,11.32,Winter,0,137
2022-02-16,S004,P0002,Groceries,West,267,115,0,16.72,25,Cloudy,1,16.35,Winter,0,111
2022-02-16,S004,P0003,Furniture,West,313,104,348,143.63,10,Cloudy,0,166.38,Winter,0,114
2022-02-16,S004,P0004,Groceries,West,529,66,0,46.77,0,Cloudy,0,54.66,Winter,0,59
2022-02-16,S004,P0005,Clothing,West,124,124,188,83.9,20,Cloudy,1,71.36,Winter,0,205
2022-02-16,S004,P0006,Groceries,West,373,156,0,45.54,0,Cloudy,0,42.28,Winter,0,153
2022-02-16,S004,P0007,Groceries,West,791,104,0,28.86,5,Cloudy,0,32.14,Winter,0,115
2022-02-16,S004,P0008,Furniture,West,81,44,73,89.48,10,Cloudy,0,88.78,Winter,0,63
2022-02-16,S004,P0009,Clothing,West,890,126,0,123.35,20,Cloudy,1,145.63,Winter,0,196
2022-02-16,S004,P0010,Groceries,West,299,70,0,23.39,10,Cloudy,0,22.36,Winter,0,83
2022-02-16,S004,P0011,Clothing,West,475,129,385,59.35,10,Cloudy,0,57.59,Winter,0,110
2022-02-16,S004,P0012,Electronics,West,125,75,0,103.46,10,Cloudy,0,101.08,Winter,0,79
2022-02-16,S004,P0013,Groceries,West,342,111,0,22.22,0,Cloudy,0,26.18,Winter,0,122
2022-02-16,S004,P0014,Furniture,West,359,124,0,185.4,0,Cloudy,0,206.38,Winter,0,104
2022-02-16,S004,P0015,Furniture,West,290,71,0,83.52,20,Cloudy,1,79.91,Winter,0,81
2022-02-16,S004,P0016,Furniture,West,262,87,315,113.37,15,Cloudy,1,126.39,Winter,0,111
2022-02-16,S004,P0017,Clothing,West,110,79,126,104.24,5,Cloudy,0,93.08,Winter,0,116
2022-02-16,S004,P0018,Furniture,West,95,78,107,174.11,10,Cloudy,1,192.39,Winter,0,130
2022-02-16,S004,P0019,Clothing,West,148,103,108,64.15,0,Cloudy,0,73.98,Winter,0,116
2022-02-16,S004,P0020,Furniture,West,295,78,0,124.81,5,Cloudy,0,135.59,Winter,0,75
2022-02-16,S005,P0001,Groceries,North,119,119,612,17.64,10,Sunny,1,16.51,Winter,0,264
2022-02-16,S005,P0002,Electronics,North,685,107,0,43.02,10,Sunny,1,39.93,Winter,0,123
2022-02-16,S005,P0003,Toys,North,216,107,0,30.09,10,Sunny,0,26.49,Winter,0,110
2022-02-16,S005,P0004,Groceries,North,112,77,77,7.08,10,Sunny,0,6.65,Winter,0,89
2022-02-16,S005,P0005,Groceries,North,628,145,0,18.68,15,Sunny,1,22.49,Winter,0,203
2022-02-16,S005,P0006,Groceries,North,672,172,581,71.07,10,Sunny,0,63.69,Winter,0,177
2022-02-16,S005,P0007,Groceries,North,329,116,323,92.8,10,Sunny,0,100.79,Winter,0,175
2022-02-16,S005,P0008,Groceries,North,107,107,190,78.82,5,Sunny,0,73.74,Winter,0,175
2022-02-16,S005,P0009,Groceries,North,158,158,662,99.45,25,Sunny,1,112.36,Winter,0,214
2022-02-16,S005,P0010,Groceries,North,739,150,0,69.53,0,Sunny,0,74.89,Winter,0,147
2022-02-16,S005,P0011,Electronics,North,290,93,0,82.55,5,Sunny,0,74.42,Winter,0,103
2022-02-16,S005,P0012,Furniture,North,433,55,0,117.25,5,Sunny,0,139.22,Winter,0,62
2022-02-16,S005,P0013,Groceries,North,859,95,0,74.99,0,Sunny,0,64.5,Winter,0,85
2022-02-16,S005,P0014,Furniture,North,162,68,0,179.64,0,Sunny,0,192.68,Winter,0,98
2022-02-16,S005,P0015,Groceries,North,528,129,0,64.52,10,Sunny,1,57.61,Winter,0,207
2022-02-16,S005,P0016,Toys,North,483,134,662,36.83,25,Sunny,1,41.46,Winter,0,216
2022-02-16,S005,P0017,Toys,North,71,71,98,40.23,0,Sunny,0,44.12,Winter,0,116
2022-02-16,S005,P0018,Clothing,North,76,76,118,18.33,25,Sunny,1,21.86,Winter,0,132
2022-02-16,S005,P0019,Furniture,North,92,71,0,140.15,5,Sunny,0,134.32,Winter,0,76
2022-02-16,S005,P0020,Toys,North,130,130,138,29.99,10,Sunny,0,31.61,Winter,0,118
2022-02-17,S001,P0001,Electronics,North,213,66,142,49.1,25,Cloudy,1,55.59,Winter,0,69
2022-02-17,S001,P0002,Clothing,North,105,63,62,58.37,5,Cloudy,0,57.76,Winter,0,63
2022-02-17,S001,P0003,Clothing,North,932,126,0,49.71,25,Cloudy,1,53.66,Winter,0,156
2022-02-17,S001,P0004,Electronics,North,259,57,0,93.44,5,Cloudy,0,80.84,Winter,0,54
2022-02-17,S001,P0005,Groceries,North,1451,129,0,66.68,0,Cloudy,0,66.42,Winter,0,119
2022-02-17,S001,P0006,Toys,North,169,130,0,45.4,15,Cloudy,1,38.86,Winter,0,165
2022-02-17,S001,P0007,Groceries,North,505,92,0,24.1,5,Cloudy,0,28.13,Winter,0,104
2022-02-17,S001,P0008,Electronics,North,71,71,115,43.8,5,Cloudy,0,47.61,Winter,0,103
2022-02-17,S001,P0009,Clothing,North,137,137,167,116.91,0,Cloudy,0,101.64,Winter,0,169
2022-02-17,S001,P0010,Furniture,North,630,48,0,129.69,0,Cloudy,0,149.13,Winter,0,78
2022-02-17,S001,P0011,Furniture,North,51,51,0,156.07,5,Cloudy,0,170.53,Winter,0,78
2022-02-17,S001,P0012,Groceries,North,346,118,0,82.96,0,Cloudy,0,90.03,Winter,0,99
2022-02-17,S001,P0013,Toys,North,139,110,162,36.34,15,Cloudy,1,34.28,Winter,0,162
2022-02-17,S001,P0014,Groceries,North,45,6,0,51.42,5,Cloudy,0,46.83,Winter,0,9
2022-02-17,S001,P0015,Toys,North,222,83,0,14.49,10,Cloudy,0,15.43,Winter,0,96
2022-02-17,S001,P0016,Groceries,North,150,63,0,33.26,5,Cloudy,0,31.42,Winter,0,55
2022-02-17,S001,P0017,Toys,North,109,109,154,21.33,20,Cloudy,1,25.79,Winter,0,146
2022-02-17,S001,P0018,Groceries,North,221,110,130,72.29,0,Cloudy,0,62.94,Winter,0,137
2022-02-17,S001,P0019,Furniture,North,111,68,68,102.18,10,Cloudy,0,120.14,Winter,0,76
2022-02-17,S001,P0020,Furniture,North,431,63,0,105.78,15,Cloudy,1,98.16,Winter,0,72
2022-02-17,S002,P0001,Groceries,South,525,171,467,82.03,20,Sunny,1,77.61,Winter,0,159
2022-02-17,S002,P0002,Toys,South,302,135,385,40.35,0,Sunny,0,43.54,Winter,0,160
2022-02-17,S002,P0003,Groceries,South,308,134,0,77.77,20,Sunny,1,73.63,Winter,0,140
2022-02-17,S002,P0004,Groceries,South,312,70,0,38.43,0,Sunny,0,40.7,Winter,0,71
2022-02-17,S002,P0005,Electronics,South,359,143,0,99.8,5,Sunny,0,115.32,Winter,0,136
2022-02-17,S002,P0006,Clothing,South,98,98,216,74.12,15,Sunny,1,86.27,Winter,0,194
2022-02-17,S002,P0007,Toys,South,579,57,0,28.44,0,Sunny,0,31.38,Winter,0,94
2022-02-17,S002,P0008,Groceries,South,108,108,116,27.48,10,Sunny,0,25.83,Winter,0,136
2022-02-17,S002,P0009,Groceries,South,110,85,0,55.32,10,Sunny,0,59.73,Winter,0,94
2022-02-17,S002,P0010,Groceries,South,153,39,0,65.74,10,Sunny,0,70.91,Winter,0,44
2022-02-17,S002,P0011,Groceries,South,503,57,0,86.26,5,Sunny,0,98.55,Winter,0,84
2022-02-17,S002,P0012,Electronics,South,226,55,0,68.24,0,Sunny,0,66.03,Winter,0,78
2022-02-17,S002,P0013,Groceries,South,377,125,332,20.47,15,Sunny,1,18.07,Winter,0,107
2022-02-17,S002,P0014,Electronics,South,374,126,0,124.97,5,Sunny,0,149.59,Winter,0,111
2022-02-17,S002,P0015,Clothing,South,381,114,0,68.61,0,Sunny,0,81.32,Winter,0,95
2022-02-17,S002,P0016,Clothing,South,33,33,0,102.93,10,Sunny,0,90.1,Winter,0,163
2022-02-17,S002,P0017,Toys,South,506,56,0,17.0,15,Sunny,1,18.5,Winter,0,81
2022-02-17,S002,P0018,Clothing,South,140,95,117,29.18,10,Sunny,0,31.4,Winter,0,145
2022-02-17,S002,P0019,Clothing,South,700,175,0,93.88,10,Sunny,0,103.12,Winter,0,153
2022-02-17,S002,P0020,Furniture,South,321,145,353,145.74,10,Sunny,1,132.58,Winter,0,127
2022-02-17,S003,P0001,Toys,East,14,14,0,14.81,10,Snowy,1,13.37,Winter,0,74
2022-02-17,S003,P0002,Groceries,East,780,141,0,55.34,10,Snowy,0,64.39,Winter,0,126
2022-02-17,S003,P0003,Electronics,East,133,133,192,87.11,25,Snowy,1,81.66,Winter,0,165
2022-02-17,S003,P0004,Groceries,East,628,101,0,20.97,10,Snowy,0,23.39,Winter,0,100
2022-02-17,S003,P0005,Toys,East,941,52,0,17.99,10,Snowy,0,21.67,Winter,0,60
2022-02-17,S003,P0006,Toys,East,176,151,165,37.62,20,Snowy,1,44.58,Winter,0,155
2022-02-17,S003,P0007,Groceries,East,1449,68,0,12.72,10,Snowy,0,13.82,Winter,0,58
2022-02-17,S003,P0008,Clothing,East,273,44,0,90.33,5,Snowy,0,98.11,Winter,0,42
2022-02-17,S003,P0009,Groceries,East,132,132,135,51.76,10,Snowy,0,62.06,Winter,0,116
2022-02-17,S003,P0010,Groceries,East,122,58,60,31.57,10,Snowy,0,35.57,Winter,0,66
2022-02-17,S003,P0011,Electronics,East,210,106,0,120.95,5,Snowy,0,138.0,Winter,0,104
2022-02-17,S003,P0012,Furniture,East,242,37,0,93.09,5,Snowy,0,80.34,Winter,0,59
2022-02-17,S003,P0013,Groceries,East,610,100,0,63.16,10,Snowy,1,75.34,Winter,0,87
2022-02-17,S003,P0014,Groceries,East,157,91,0,102.63,0,Snowy,0,96.27,Winter,0,106
2022-02-17,S003,P0015,Groceries,East,414,135,0,120.3,5,Snowy,0,119.37,Winter,0,167
2022-02-17,S003,P0016,Electronics,East,607,43,0,81.98,10,Snowy,0,92.59,Winter,0,68
2022-02-17,S003,P0017,Furniture,East,704,44,0,88.52,25,Snowy,1,75.54,Winter,0,53
2022-02-17,S003,P0018,Furniture,East,829,47,0,129.77,0,Snowy,0,153.08,Winter,0,64
2022-02-17,S003,P0019,Groceries,East,118,93,100,48.31,10,Snowy,0,51.08,Winter,0,90
2022-02-17,S003,P0020,Clothing,East,400,52,0,58.74,20,Snowy,1,58.04,Winter,0,77
2022-02-17,S004,P0001,Groceries,West,407,133,0,11.35,25,Sunny,1,9.68,Winter,0,187
2022-02-17,S004,P0002,Groceries,West,152,125,296,23.5,5,Sunny,0,24.91,Winter,0,164
2022-02-17,S004,P0003,Furniture,West,209,80,0,134.37,15,Sunny,1,128.93,Winter,0,95
2022-02-17,S004,P0004,Groceries,West,463,69,0,44.92,5,Sunny,0,49.9,Winter,0,62
2022-02-17,S004,P0005,Clothing,West,188,124,163,79.14,5,Sunny,0,89.26,Winter,0,138
2022-02-17,S004,P0006,Groceries,West,217,211,336,38.85,25,Sunny,1,36.58,Winter,0,203
2022-02-17,S004,P0007,Groceries,West,687,92,0,29.85,5,Sunny,0,28.31,Winter,0,110
2022-02-17,S004,P0008,Furniture,West,110,61,70,93.57,5,Sunny,0,91.19,Winter,0,60
2022-02-17,S004,P0009,Clothing,West,764,120,0,138.39,0,Sunny,0,123.28,Winter,0,137
2022-02-17,S004,P0010,Groceries,West,719,111,0,30.09,0,Sunny,0,34.21,Winter,0,146
2022-02-17,S004,P0011,Clothing,West,346,112,0,74.99,0,Sunny,0,66.34,Winter,0,153
2022-02-17,S004,P0012,Electronics,West,50,50,50,98.27,0,Sunny,0,117.03,Winter,0,51
2022-02-17,S004,P0013,Groceries,West,231,64,0,16.71,10,Sunny,1,19.44,Winter,0,69
2022-02-17,S004,P0014,Furniture,West,235,120,173,176.19,5,Sunny,0,204.37,Winter,0,104
2022-02-17,S004,P0015,Furniture,West,533,81,0,93.07,10,Sunny,0,79.37,Winter,0,78
2022-02-17,S004,P0016,Furniture,West,175,86,0,123.99,5,Sunny,0,149.17,Winter,0,104
2022-02-17,S004,P0017,Clothing,West,157,116,190,106.83,15,Sunny,1,124.18,Winter,0,182
2022-02-17,S004,P0018,Furniture,West,124,85,117,180.52,0,Sunny,0,211.05,Winter,0,107
2022-02-17,S004,P0019,Clothing,West,153,86,134,61.56,10,Sunny,0,56.29,Winter,0,120
2022-02-17,S004,P0020,Furniture,West,217,137,312,154.54,10,Sunny,1,151.84,Winter,0,143
2022-02-17,S005,P0001,Groceries,North,285,97,0,10.68,15,Cloudy,1,10.36,Winter,0,96
2022-02-17,S005,P0002,Electronics,North,578,119,0,42.34,5,Cloudy,0,40.63,Winter,0,101
2022-02-17,S005,P0003,Toys,North,109,105,96,27.58,15,Cloudy,1,30.88,Winter,0,117
2022-02-17,S005,P0004,Groceries,North,112,101,94,8.45,0,Cloudy,0,8.08,Winter,0,111
2022-02-17,S005,P0005,Groceries,North,483,115,0,16.37,10,Cloudy,0,19.13,Winter,0,133
2022-02-17,S005,P0006,Groceries,North,500,180,0,68.16,15,Cloudy,1,58.51,Winter,0,183
2022-02-17,S005,P0007,Groceries,North,213,90,0,92.04,5,Cloudy,0,79.31,Winter,0,134
2022-02-17,S005,P0008,Groceries,North,190,125,143,62.57,10,Cloudy,0,75.42,Winter,0,130
2022-02-17,S005,P0009,Groceries,North,380,127,0,118.66,0,Cloudy,0,125.87,Winter,0,170
2022-02-17,S005,P0010,Groceries,North,589,92,0,62.17,0,Cloudy,0,69.3,Winter,0,110
2022-02-17,S005,P0011,Electronics,North,197,111,676,89.48,10,Cloudy,0,99.33,Winter,0,166
2022-02-17,S005,P0012,Furniture,North,378,53,0,112.69,10,Cloudy,0,128.07,Winter,0,66
2022-02-17,S005,P0013,Groceries,North,764,212,0,84.44,15,Cloudy,1,82.51,Winter,0,179
2022-02-17,S005,P0014,Furniture,North,94,64,0,161.34,0,Cloudy,0,186.35,Winter,0,67
2022-02-17,S005,P0015,Groceries,North,399,90,0,54.34,0,Cloudy,0,54.19,Winter,0,107
2022-02-17,S005,P0016,Toys,North,349,103,0,34.35,0,Cloudy,0,36.82,Winter,0,89
2022-02-17,S005,P0017,Toys,North,98,4,0,23.62,10,Cloudy,1,26.65,Winter,0,4
2022-02-17,S005,P0018,Clothing,North,118,33,0,16.87,10,Cloudy,0,18.14,Winter,0,53
2022-02-17,S005,P0019,Furniture,North,162,47,0,119.65,5,Cloudy,0,143.3,Winter,0,47
2022-02-17,S005,P0020,Toys,North,138,134,138,33.84,15,Cloudy,1,31.57,Winter,0,162
2022-02-18,S001,P0001,Electronics,North,147,142,218,81.26,5,Sunny,0,76.94,Winter,0,135
2022-02-18,S001,P0002,Clothing,North,104,104,227,91.3,0,Sunny,0,83.62,Winter,0,194
2022-02-18,S001,P0003,Clothing,North,806,87,0,59.33,0,Sunny,0,68.37,Winter,0,119
2022-02-18,S001,P0004,Electronics,North,202,71,186,111.2,0,Sunny,0,102.78,Winter,0,88
2022-02-18,S001,P0005,Groceries,North,1322,187,0,74.31,10,Sunny,0,85.58,Winter,0,217
2022-02-18,S001,P0006,Toys,North,491,124,0,39.91,10,Sunny,0,42.4,Winter,0,119
2022-02-18,S001,P0007,Groceries,North,413,114,0,24.43,5,Sunny,0,29.19,Winter,0,109
2022-02-18,S001,P0008,Electronics,North,115,115,106,47.24,10,Sunny,1,42.42,Winter,0,128
2022-02-18,S001,P0009,Clothing,North,167,43,0,70.55,10,Sunny,0,78.58,Winter,0,59
2022-02-18,S001,P0010,Furniture,North,582,97,0,137.98,5,Sunny,0,161.46,Winter,0,111
2022-02-18,S001,P0011,Furniture,North,309,76,0,150.1,10,Sunny,0,130.51,Winter,0,68
2022-02-18,S001,P0012,Groceries,North,228,172,300,90.16,10,Sunny,0,102.25,Winter,0,162
2022-02-18,S001,P0013,Toys,North,191,156,198,37.66,10,Sunny,0,40.41,Winter,0,173
2022-02-18,S001,P0014,Groceries,North,384,162,547,81.55,20,Sunny,1,69.93,Winter,0,198
2022-02-18,S001,P0015,Toys,North,139,134,96,15.46,10,Sunny,0,18.05,Winter,0,116
2022-02-18,S001,P0016,Groceries,North,87,87,0,38.46,10,Sunny,0,42.67,Winter,0,129
2022-02-18,S001,P0017,Toys,North,154,150,197,23.98,20,Sunny,1,20.69,Winter,0,170
2022-02-18,S001,P0018,Groceries,North,241,154,0,72.76,0,Sunny,0,72.07,Winter,0,140
2022-02-18,S001,P0019,Furniture,North,111,111,97,127.26,0,Sunny,0,153.2,Winter,0,110
2022-02-18,S001,P0020,Furniture,North,368,89,444,124.04,10,Sunny,1,109.23,Winter,0,102
2022-02-18,S002,P0001,Groceries,South,354,124,0,89.8,5,Sunny,0,79.64,Winter,0,131
2022-02-18,S002,P0002,Toys,South,167,66,0,34.98,0,Sunny,0,34.75,Winter,0,96
2022-02-18,S002,P0003,Groceries,South,174,100,0,90.09,0,Sunny,0,101.94,Winter,0,132
2022-02-18,S002,P0004,Groceries,South,242,59,173,37.26,5,Sunny,0,36.21,Winter,0,63
2022-02-18,S002,P0005,Electronics,South,865,74,0,96.6,0,Sunny,0,116.9,Winter,0,108
2022-02-18,S002,P0006,Clothing,South,216,64,0,65.72,5,Sunny,0,61.0,Winter,0,96
2022-02-18,S002,P0007,Toys,South,522,80,0,24.29,10,Sunny,0,27.26,Winter,0,79
2022-02-18,S002,P0008,Groceries,South,116,50,78,21.29,10,Sunny,1,23.62,Winter,0,73
2022-02-18,S002,P0009,Groceries,South,341,81,0,60.08,10,Sunny,0,58.43,Winter,0,103
2022-02-18,S002,P0010,Groceries,South,114,114,149,104.86,0,Sunny,0,114.77,Winter,0,153
2022-02-18,S002,P0011,Groceries,South,446,98,441,100.72,10,Sunny,0,114.42,Winter,0,151
2022-02-18,S002,P0012,Electronics,South,171,92,0,61.59,10,Sunny,0,55.08,Winter,0,78
2022-02-18,S002,P0013,Groceries,South,252,100,0,26.98,0,Sunny,0,24.0,Winter,0,145
2022-02-18,S002,P0014,Electronics,South,248,103,0,109.45,10,Sunny,1,119.12,Winter,0,87
2022-02-18,S002,P0015,Clothing,South,1160,131,0,71.32,10,Sunny,0,61.21,Winter,0,125
2022-02-18,S002,P0016,Clothing,South,368,106,0,87.68,5,Sunny,0,95.48,Winter,0,108
2022-02-18,S002,P0017,Toys,South,450,127,0,17.44,25,Sunny,1,16.45,Winter,0,111
2022-02-18,S002,P0018,Clothing,South,162,152,155,32.68,5,Sunny,0,27.99,Winter,0,148
2022-02-18,S002,P0019,Clothing,South,525,71,0,86.73,0,Sunny,0,103.09,Winter,0,93
2022-02-18,S002,P0020,Furniture,South,176,145,562,128.75,25,Sunny,1,138.33,Winter,0,165
2022-02-18,S003,P0001,Toys,East,198,36,0,13.36,0,Sunny,0,14.46,Winter,0,33
2022-02-18,S003,P0002,Groceries,East,639,112,0,61.46,5,Sunny,0,73.27,Winter,0,143
2022-02-18,S003,P0003,Electronics,East,192,95,0,97.81,0,Sunny,0,83.19,Winter,0,106
2022-02-18,S003,P0004,Groceries,East,527,37,0,18.79,5,Sunny,0,20.78,Winter,0,54
2022-02-18,S003,P0005,Toys,East,889,103,0,22.46,10,Sunny,0,21.18,Winter,0,109
2022-02-18,S003,P0006,Toys,East,190,99,128,39.67,5,Sunny,0,43.32,Winter,0,114
2022-02-18,S003,P0007,Groceries,East,1381,197,0,19.73,10,Sunny,0,19.1,Winter,0,182
2022-02-18,S003,P0008,Clothing,East,229,103,270,96.96,25,Sunny,1,102.35,Winter,0,131
2022-02-18,S003,P0009,Groceries,East,135,32,0,39.89,10,Sunny,0,37.23,Winter,0,30
2022-02-18,S003,P0010,Groceries,East,124,116,178,47.68,0,Sunny,0,57.45,Winter,0,164
2022-02-18,S003,P0011,Electronics,East,375,156,0,137.45,5,Sunny,0,148.07,Winter,0,146
2022-02-18,S003,P0012,Furniture,East,205,29,0,76.8,10,Sunny,0,68.36,Winter,0,25
2022-02-18,S003,P0013,Groceries,East,510,130,590,77.19,5,Sunny,0,89.63,Winter,0,133
2022-02-18,S003,P0014,Groceries,East,405,96,350,89.23,15,Sunny,1,99.95,Winter,0,130
2022-02-18,S003,P0015,Groceries,East,279,76,0,105.54,0,Sunny,0,103.49,Winter,0,105
2022-02-18,S003,P0016,Electronics,East,564,99,0,118.9,0,Sunny,0,139.03,Winter,0,151
2022-02-18,S003,P0017,Furniture,East,660,123,544,135.56,15,Sunny,1,153.22,Winter,0,162
2022-02-18,S003,P0018,Furniture,East,782,87,0,139.99,0,Sunny,0,152.56,Winter,0,86
2022-02-18,S003,P0019,Groceries,East,125,78,77,54.38,0,Sunny,0,48.04,Winter,0,79
2022-02-18,S003,P0020,Clothing,East,348,216,0,82.67,15,Sunny,1,90.21,Winter,0,188
2022-02-18,S004,P0001,Groceries,West,779,91,0,11.48,0,Sunny,0,12.19,Winter,0,108
2022-02-18,S004,P0002,Groceries,West,27,27,0,20.46,5,Sunny,0,18.66,Winter,0,100
2022-02-18,S004,P0003,Furniture,West,129,112,0,138.88,10,Sunny,0,165.55,Winter,0,104
2022-02-18,S004,P0004,Groceries,West,394,58,0,45.14,5,Sunny,0,52.34,Winter,0,63
2022-02-18,S004,P0005,Clothing,West,227,38,0,58.62,5,Sunny,0,64.74,Winter,0,49
2022-02-18,S004,P0006,Groceries,West,6,6,0,37.44,10,Sunny,0,43.79,Winter,0,140
2022-02-18,S004,P0007,Groceries,West,595,75,0,25.54,10,Sunny,0,28.82,Winter,0,94
2022-02-18,S004,P0008,Furniture,West,119,119,145,106.92,15,Sunny,1,100.93,Winter,0,134
2022-02-18,S004,P0009,Clothing,West,644,178,0,131.46,5,Sunny,0,143.07,Winter,0,155
2022-02-18,S004,P0010,Groceries,West,608,94,614,28.24,5,Sunny,0,33.13,Winter,0,142
2022-02-18,S004,P0011,Clothing,West,234,74,0,52.14,10,Sunny,0,59.47,Winter,0,87
2022-02-18,S004,P0012,Electronics,West,50,50,108,135.94,0,Sunny,0,131.15,Winter,0,131
2022-02-18,S004,P0013,Groceries,West,687,82,0,22.89,5,Sunny,0,21.31,Winter,0,132
2022-02-18,S004,P0014,Furniture,West,115,115,0,163.06,15,Sunny,1,144.89,Winter,0,99
2022-02-18,S004,P0015,Furniture,West,452,113,0,102.64,10,Sunny,0,95.6,Winter,0,107
2022-02-18,S004,P0016,Furniture,West,89,54,0,116.05,5,Sunny,0,131.05,Winter,0,84
2022-02-18,S004,P0017,Clothing,West,231,213,178,99.72,20,Sunny,1,116.27,Winter,0,179
2022-02-18,S004,P0018,Furniture,West,156,60,115,166.18,10,Sunny,0,164.04,Winter,0,98
2022-02-18,S004,P0019,Clothing,West,201,69,0,58.79,5,Sunny,0,62.4,Winter,0,105
2022-02-18,S004,P0020,Furniture,West,80,80,0,137.03,10,Sunny,1,121.49,Winter,0,103
2022-02-18,S005,P0001,Groceries,North,800,79,0,10.25,10,Sunny,0,11.46,Winter,0,82
2022-02-18,S005,P0002,Electronics,North,459,115,0,43.29,10,Sunny,0,39.75,Winter,0,125
2022-02-18,S005,P0003,Toys,North,100,55,72,30.88,0,Sunny,0,26.88,Winter,0,86
2022-02-18,S005,P0004,Groceries,North,105,105,81,7.18,5,Sunny,0,8.35,Winter,0,92
2022-02-18,S005,P0005,Groceries,North,368,90,0,15.95,0,Sunny,0,17.97,Winter,0,91
2022-02-18,S005,P0006,Groceries,North,320,141,0,64.15,10,Sunny,0,63.77,Winter,0,140
2022-02-18,S005,P0007,Groceries,North,446,103,0,99.47,5,Sunny,0,93.62,Winter,0,162
2022-02-18,S005,P0008,Groceries,North,208,94,0,59.54,15,Sunny,1,69.01,Winter,0,133
2022-02-18,S005,P0009,Groceries,North,253,118,0,97.43,10,Sunny,0,93.21,Winter,0,120
2022-02-18,S005,P0010,Groceries,North,497,51,0,48.77,10,Sunny,0,45.82,Winter,0,56
2022-02-18,S005,P0011,Electronics,North,86,86,0,80.08,10,Sunny,0,73.19,Winter,0,110
2022-02-18,S005,P0012,Furniture,North,325,75,0,129.95,5,Sunny,0,139.6,Winter,0,91
2022-02-18,S005,P0013,Groceries,North,552,184,672,102.75,0,Sunny,0,101.15,Winter,0,192
2022-02-18,S005,P0014,Furniture,North,341,127,440,170.83,20,Sunny,1,145.54,Winter,0,137
2022-02-18,S005,P0015,Groceries,North,309,94,303,57.67,0,Sunny,0,50.22,Winter,0,126
2022-02-18,S005,P0016,Toys,North,246,74,0,39.82,0,Sunny,0,36.86,Winter,0,119
2022-02-18,S005,P0017,Toys,North,94,80,85,33.63,15,Sunny,1,29.56,Winter,0,95
2022-02-18,S005,P0018,Clothing,North,85,85,150,25.91,5,Sunny,0,27.79,Winter,0,171
2022-02-18,S005,P0019,Furniture,North,115,79,189,152.12,0,Sunny,0,175.66,Winter,0,100
2022-02-18,S005,P0020,Toys,North,142,142,170,31.0,20,Sunny,1,27.91,Winter,0,152
2022-02-19,S001,P0001,Electronics,North,147,41,0,54.62,15,Sunny,1,61.39,Winter,0,64
2022-02-19,S001,P0002,Clothing,North,227,148,187,84.82,0,Sunny,0,100.23,Winter,0,185
2022-02-19,S001,P0003,Clothing,North,719,89,0,50.64,15,Sunny,1,44.06,Winter,0,104
2022-02-19,S001,P0004,Electronics,North,131,67,0,94.69,10,Sunny,0,109.89,Winter,0,87
2022-02-19,S001,P0005,Groceries,North,1135,108,0,62.46,0,Sunny,0,72.37,Winter,0,114
2022-02-19,S001,P0006,Toys,North,367,82,0,35.45,10,Sunny,1,38.31,Winter,0,83
2022-02-19,S001,P0007,Groceries,North,779,146,0,29.95,5,Sunny,0,26.49,Winter,0,160
2022-02-19,S001,P0008,Electronics,North,106,106,156,55.26,0,Sunny,0,48.66,Winter,0,146
2022-02-19,S001,P0009,Clothing,North,124,104,107,72.69,25,Sunny,1,79.23,Winter,0,121
2022-02-19,S001,P0010,Furniture,North,485,112,0,123.61,10,Sunny,1,137.65,Winter,0,94
2022-02-19,S001,P0011,Furniture,North,233,89,228,175.05,0,Sunny,0,203.48,Winter,0,97
2022-02-19,S001,P0012,Groceries,North,56,56,308,102.25,5,Sunny,0,108.49,Winter,0,189
2022-02-19,S001,P0013,Toys,North,233,95,0,36.21,0,Sunny,0,40.22,Winter,0,122
2022-02-19,S001,P0014,Groceries,North,222,122,0,70.15,5,Sunny,0,76.01,Winter,0,102
2022-02-19,S001,P0015,Toys,North,101,101,132,16.78,5,Sunny,0,19.67,Winter,0,125
2022-02-19,S001,P0016,Groceries,North,538,128,0,42.4,0,Sunny,0,50.35,Winter,0,126
2022-02-19,S001,P0017,Toys,North,201,168,0,24.21,15,Sunny,1,23.39,Winter,0,152
2022-02-19,S001,P0018,Groceries,North,87,87,90,63.17,5,Sunny,0,61.95,Winter,0,110
2022-02-19,S001,P0019,Furniture,North,97,68,82,109.55,5,Sunny,0,126.2,Winter,0,81
2022-02-19,S001,P0020,Furniture,North,279,71,0,108.41,10,Sunny,0,123.31,Winter,0,78
2022-02-19,S002,P0001,Groceries,South,230,77,0,69.87,10,Cloudy,1,78.55,Winter,0,85
2022-02-19,S002,P0002,Toys,South,486,83,0,38.25,0,Cloudy,0,33.22,Winter,0,124
2022-02-19,S002,P0003,Groceries,South,455,88,428,86.67,10,Cloudy,1,81.02,Winter,0,137
2022-02-19,S002,P0004,Groceries,South,183,54,0,33.41,10,Cloudy,0,37.67,Winter,0,62
2022-02-19,S002,P0005,Electronics,South,791,64,0,96.17,0,Cloudy,0,107.11,Winter,0,107
2022-02-19,S002,P0006,Clothing,South,152,149,116,67.51,10,Cloudy,1,80.71,Winter,0,138
2022-02-19,S002,P0007,Toys,South,442,136,436,31.76,5,Cloudy,0,27.0,Winter,0,129
2022-02-19,S002,P0008,Groceries,South,144,129,136,25.76,10,Cloudy,0,28.53,Winter,0,131
2022-02-19,S002,P0009,Groceries,South,260,124,240,58.08,15,Cloudy,1,68.51,Winter,0,127
2022-02-19,S002,P0010,Groceries,South,149,149,139,92.16,15,Cloudy,1,109.07,Winter,0,165
2022-02-19,S002,P0011,Groceries,South,348,118,0,94.58,5,Cloudy,0,105.21,Winter,0,112
2022-02-19,S002,P0012,Electronics,South,476,50,0,59.8,5,Cloudy,0,64.26,Winter,0,69
2022-02-19,S002,P0013,Groceries,South,152,79,0,21.24,5,Cloudy,0,23.63,Winter,0,100
2022-02-19,S002,P0014,Electronics,South,145,93,0,125.63,10,Cloudy,0,116.49,Winter,0,114
2022-02-19,S002,P0015,Clothing,South,1029,196,0,80.47,5,Cloudy,0,91.31,Winter,0,166
2022-02-19,S002,P0016,Clothing,South,262,83,270,95.5,10,Cloudy,0,88.57,Winter,0,137
2022-02-19,S002,P0017,Toys,South,323,177,452,19.82,20,Cloudy,1,23.46,Winter,0,150
2022-02-19,S002,P0018,Clothing,South,165,144,188,34.68,0,Cloudy,0,37.14,Winter,0,169
2022-02-19,S002,P0019,Clothing,South,454,88,475,82.14,10,Cloudy,0,91.32,Winter,0,108
2022-02-19,S002,P0020,Furniture,South,31,31,0,124.49,10,Cloudy,0,121.76,Winter,0,78
2022-02-19,S003,P0001,Toys,East,162,153,370,17.64,20,Cloudy,1,17.26,Winter,0,169
2022-02-19,S003,P0002,Groceries,East,527,129,561,71.5,5,Cloudy,0,69.44,Winter,0,180
2022-02-19,S003,P0003,Electronics,East,97,97,136,97.56,15,Cloudy,1,95.27,Winter,0,160
2022-02-19,S003,P0004,Groceries,East,490,92,0,23.4,0,Cloudy,0,23.13,Winter,0,86
2022-02-19,S003,P0005,Toys,East,786,84,0,21.48,0,Cloudy,0,24.56,Winter,0,79
2022-02-19,S003,P0006,Toys,East,219,134,0,37.43,20,Cloudy,1,35.24,Winter,0,135
2022-02-19,S003,P0007,Groceries,East,1184,57,0,14.53,5,Cloudy,0,15.39,Winter,0,79
2022-02-19,S003,P0008,Clothing,East,126,121,0,113.91,10,Cloudy,0,112.86,Winter,0,107
2022-02-19,S003,P0009,Groceries,East,103,103,207,58.6,25,Cloudy,1,50.07,Winter,0,210
2022-02-19,S003,P0010,Groceries,East,186,155,178,44.82,15,Cloudy,1,44.27,Winter,0,182
2022-02-19,S003,P0011,Electronics,East,219,62,156,110.59,10,Cloudy,0,133.59,Winter,0,93
2022-02-19,S003,P0012,Furniture,East,176,106,213,103.61,5,Cloudy,0,90.43,Winter,0,88
2022-02-19,S003,P0013,Groceries,East,380,99,0,80.54,0,Cloudy,0,78.26,Winter,0,113
2022-02-19,S003,P0014,Groceries,East,309,99,0,99.38,10,Cloudy,0,106.23,Winter,0,147
2022-02-19,S003,P0015,Groceries,East,203,97,0,104.5,10,Cloudy,0,102.35,Winter,0,136
2022-02-19,S003,P0016,Electronics,East,465,56,0,88.78,5,Cloudy,0,85.1,Winter,0,61
2022-02-19,S003,P0017,Furniture,East,537,73,0,132.47,10,Cloudy,1,119.88,Winter,0,116
2022-02-19,S003,P0018,Furniture,East,695,110,0,148.9,5,Cloudy,0,141.08,Winter,0,104
2022-02-19,S003,P0019,Groceries,East,124,111,178,65.31,5,Cloudy,0,58.12,Winter,0,154
2022-02-19,S003,P0020,Clothing,East,820,41,0,58.68,10,Cloudy,0,54.36,Winter,0,45
2022-02-19,S004,P0001,Groceries,West,688,129,0,10.21,15,Sunny,1,10.75,Winter,0,123
2022-02-19,S004,P0002,Groceries,West,296,97,298,23.77,5,Sunny,0,23.32,Winter,0,150
2022-02-19,S004,P0003,Furniture,West,365,47,0,114.31,15,Sunny,1,107.12,Winter,0,51
2022-02-19,S004,P0004,Groceries,West,336,61,0,43.28,5,Sunny,0,50.54,Winter,0,52
2022-02-19,S004,P0005,Clothing,West,189,80,0,67.15,5,Sunny,0,65.54,Winter,0,71
2022-02-19,S004,P0006,Groceries,West,336,202,418,43.71,20,Sunny,1,41.85,Winter,0,225
2022-02-19,S004,P0007,Groceries,West,520,68,0,26.65,5,Sunny,0,26.12,Winter,0,76
2022-02-19,S004,P0008,Furniture,West,145,67,0,94.66,5,Sunny,0,86.26,Winter,0,63
2022-02-19,S004,P0009,Clothing,West,466,156,447,125.11,10,Sunny,1,119.14,Winter,0,139
2022-02-19,S004,P0010,Groceries,West,514,140,0,29.37,15,Sunny,1,35.21,Winter,0,198
2022-02-19,S004,P0011,Clothing,West,160,123,0,65.24,0,Sunny,0,63.98,Winter,0,107
2022-02-19,S004,P0012,Electronics,West,108,83,111,107.75,10,Sunny,0,119.89,Winter,0,107
2022-02-19,S004,P0013,Groceries,West,605,189,0,23.43,5,Sunny,0,28.06,Winter,0,158
2022-02-19,S004,P0014,Furniture,West,173,75,220,173.59,5,Sunny,0,201.51,Winter,0,100
2022-02-19,S004,P0015,Furniture,West,339,111,320,99.32,10,Sunny,0,115.44,Winter,0,113
2022-02-19,S004,P0016,Furniture,West,350,72,0,112.65,5,Sunny,0,106.27,Winter,0,62
2022-02-19,S004,P0017,Clothing,West,196,149,155,94.21,20,Sunny,1,99.5,Winter,0,158
2022-02-19,S004,P0018,Furniture,West,211,90,0,191.27,0,Sunny,0,177.76,Winter,0,109
2022-02-19,S004,P0019,Clothing,West,132,132,200,78.69,0,Sunny,0,73.26,Winter,0,169
2022-02-19,S004,P0020,Furniture,West,312,55,0,137.49,0,Sunny,0,131.89,Winter,0,73
2022-02-19,S005,P0001,Groceries,North,721,164,0,12.7,10,Sunny,1,15.0,Winter,0,151
2022-02-19,S005,P0002,Electronics,North,344,66,359,44.88,0,Sunny,0,41.22,Winter,0,103
2022-02-19,S005,P0003,Toys,North,117,117,142,29.75,25,Sunny,1,26.1,Winter,0,169
2022-02-19,S005,P0004,Groceries,North,81,26,50,6.0,5,Sunny,0,5.86,Winter,0,31
2022-02-19,S005,P0005,Groceries,North,278,191,331,19.31,10,Sunny,0,18.81,Winter,0,173
2022-02-19,S005,P0006,Groceries,North,179,62,0,45.22,25,Sunny,1,44.49,Winter,0,86
2022-02-19,S005,P0007,Groceries,North,343,158,0,86.97,5,Sunny,0,97.35,Winter,0,133
2022-02-19,S005,P0008,Groceries,North,114,114,144,63.78,10,Sunny,0,76.49,Winter,0,137
2022-02-19,S005,P0009,Groceries,North,797,39,0,72.9,10,Sunny,1,81.99,Winter,0,51
2022-02-19,S005,P0010,Groceries,North,446,186,515,65.35,20,Sunny,1,61.12,Winter,0,188
2022-02-19,S005,P0011,Electronics,North,374,68,0,84.9,0,Sunny,0,80.7,Winter,0,96
2022-02-19,S005,P0012,Furniture,North,761,124,0,135.82,5,Sunny,0,150.01,Winter,0,104
2022-02-19,S005,P0013,Groceries,North,368,62,0,75.16,0,Sunny,0,90.42,Winter,0,101
2022-02-19,S005,P0014,Furniture,North,214,90,0,176.69,5,Sunny,0,150.75,Winter,0,93
2022-02-19,S005,P0015,Groceries,North,215,171,0,62.57,0,Sunny,0,58.73,Winter,0,154
2022-02-19,S005,P0016,Toys,North,834,79,0,30.15,10,Sunny,0,34.18,Winter,0,82
2022-02-19,S005,P0017,Toys,North,99,99,145,43.73,10,Sunny,1,37.45,Winter,0,163
2022-02-19,S005,P0018,Clothing,North,150,116,151,25.03,5,Sunny,0,28.99,Winter,0,158
2022-02-19,S005,P0019,Furniture,North,36,36,0,127.62,10,Sunny,0,153.51,Winter,0,79
2022-02-19,S005,P0020,Toys,North,170,80,140,30.59,10,Sunny,0,33.31,Winter,0,125
2022-02-20,S001,P0001,Electronics,North,324,161,267,78.12,10,Sunny,0,75.03,Winter,0,140
2022-02-20,S001,P0002,Clothing,North,266,83,0,57.15,5,Sunny,0,66.51,Winter,0,72
2022-02-20,S001,P0003,Clothing,North,630,220,763,66.23,10,Sunny,1,73.46,Winter,0,196
2022-02-20,S001,P0004,Electronics,North,250,93,0,89.72,20,Sunny,1,83.71,Winter,0,91
2022-02-20,S001,P0005,Groceries,North,1027,199,0,69.28,10,Sunny,0,62.81,Winter,0,169
2022-02-20,S001,P0006,Toys,North,285,54,255,35.49,10,Sunny,0,40.15,Winter,0,83
2022-02-20,S001,P0007,Groceries,North,633,208,722,30.63,5,Sunny,0,35.6,Winter,0,188
2022-02-20,S001,P0008,Electronics,North,156,105,122,46.84,5,Sunny,0,54.54,Winter,0,124
2022-02-20,S001,P0009,Clothing,North,127,109,144,93.94,10,Sunny,1,101.33,Winter,0,146
2022-02-20,S001,P0010,Furniture,North,373,59,0,105.7,10,Sunny,1,118.76,Winter,0,51
2022-02-20,S001,P0011,Furniture,North,144,113,0,187.68,5,Sunny,0,181.54,Winter,0,118
2022-02-20,S001,P0012,Groceries,North,300,78,0,82.93,0,Sunny,0,94.15,Winter,0,99
2022-02-20,S001,P0013,Toys,North,138,92,165,36.87,10,Sunny,0,36.41,Winter,0,146
2022-02-20,S001,P0014,Groceries,North,100,46,0,57.93,10,Sunny,0,57.32,Winter,0,49
2022-02-20,S001,P0015,Toys,North,132,132,135,16.07,15,Sunny,1,17.41,Winter,0,148
2022-02-20,S001,P0016,Groceries,North,410,64,0,37.2,10,Sunny,1,36.55,Winter,0,102
2022-02-20,S001,P0017,Toys,North,33,33,271,28.57,20,Sunny,1,30.31,Winter,0,266
2022-02-20,S001,P0018,Groceries,North,90,90,179,68.99,10,Sunny,1,72.9,Winter,0,177
2022-02-20,S001,P0019,Furniture,North,111,57,58,115.61,0,Sunny,0,110.88,Winter,0,67
2022-02-20,S001,P0020,Furniture,North,208,79,0,130.68,5,Sunny,0,122.23,Winter,0,102
2022-02-20,S002,P0001,Groceries,South,620,77,0,78.73,5,Cloudy,0,91.12,Winter,0,105
2022-02-20,S002,P0002,Toys,South,403,40,0,27.17,10,Cloudy,0,26.08,Winter,0,55
2022-02-20,S002,P0003,Groceries,South,367,108,0,76.25,10,Cloudy,1,67.39,Winter,0,96
2022-02-20,S002,P0004,Groceries,South,129,128,287,35.98,20,Cloudy,1,39.33,Winter,0,118
2022-02-20,S002,P0005,Electronics,South,727,71,0,86.82,0,Cloudy,0,103.37,Winter,0,76
2022-02-20,S002,P0006,Clothing,South,119,109,121,68.87,0,Cloudy,0,79.49,Winter,0,110
2022-02-20,S002,P0007,Toys,South,306,46,0,23.25,0,Cloudy,0,27.8,Winter,0,40
2022-02-20,S002,P0008,Groceries,South,151,145,158,26.32,10,Cloudy,0,30.33,Winter,0,139
2022-02-20,S002,P0009,Groceries,South,136,136,400,69.86,15,Cloudy,1,60.09,Winter,0,174
2022-02-20,S002,P0010,Groceries,South,139,43,0,64.89,10,Cloudy,1,75.8,Winter,0,41
2022-02-20,S002,P0011,Groceries,South,230,117,0,94.89,10,Cloudy,0,111.77,Winter,0,130
2022-02-20,S002,P0012,Electronics,South,426,105,487,72.34,5,Cloudy,0,64.88,Winter,0,110
2022-02-20,S002,P0013,Groceries,South,405,80,0,21.15,5,Cloudy,0,23.12,Winter,0,99
2022-02-20,S002,P0014,Electronics,South,686,77,0,114.64,5,Cloudy,0,136.77,Winter,0,85
2022-02-20,S002,P0015,Clothing,South,833,98,0,61.0,25,Cloudy,1,59.6,Winter,0,133
2022-02-20,S002,P0016,Clothing,South,179,47,0,74.0,15,Cloudy,1,63.76,Winter,0,75
2022-02-20,S002,P0017,Toys,South,146,104,0,21.97,10,Cloudy,1,20.84,Winter,0,127
2022-02-20,S002,P0018,Clothing,South,209,192,182,29.18,15,Cloudy,1,34.32,Winter,0,165
2022-02-20,S002,P0019,Clothing,South,366,148,0,95.22,10,Cloudy,0,84.77,Winter,0,140
2022-02-20,S002,P0020,Furniture,South,353,66,0,136.58,0,Cloudy,0,162.29,Winter,0,89
2022-02-20,S003,P0001,Toys,East,9,9,0,17.73,0,Snowy,0,17.17,Winter,0,95
2022-02-20,S003,P0002,Groceries,East,398,43,0,48.88,5,Snowy,0,44.69,Winter,0,58
2022-02-20,S003,P0003,Electronics,East,136,119,118,75.66,25,Snowy,1,70.93,Winter,0,116
2022-02-20,S003,P0004,Groceries,East,398,48,0,18.16,10,Snowy,1,15.85,Winter,0,46
2022-02-20,S003,P0005,Toys,East,702,57,0,17.84,10,Snowy,0,18.99,Winter,0,57
2022-02-20,S003,P0006,Toys,East,85,41,50,34.1,0,Snowy,0,29.88,Winter,0,43
2022-02-20,S003,P0007,Groceries,East,1127,181,0,20.16,0,Snowy,0,23.13,Winter,0,170
2022-02-20,S003,P0008,Clothing,East,275,50,0,97.7,10,Snowy,0,85.49,Winter,0,63
2022-02-20,S003,P0009,Groceries,East,207,52,0,43.19,10,Snowy,1,47.19,Winter,0,63
2022-02-20,S003,P0010,Groceries,East,209,153,173,35.75,25,Snowy,1,33.42,Winter,0,145
2022-02-20,S003,P0011,Electronics,East,157,61,0,117.43,5,Snowy,0,114.15,Winter,0,80
2022-02-20,S003,P0012,Furniture,East,70,45,0,87.36,10,Snowy,0,80.96,Winter,0,56
2022-02-20,S003,P0013,Groceries,East,281,61,0,66.36,5,Snowy,0,61.19,Winter,0,71
2022-02-20,S003,P0014,Groceries,East,210,111,0,88.95,10,Snowy,0,106.96,Winter,0,110
2022-02-20,S003,P0015,Groceries,East,978,81,0,89.64,10,Snowy,1,76.95,Winter,0,87
2022-02-20,S003,P0016,Electronics,East,409,77,0,95.5,15,Snowy,1,86.95,Winter,0,115
2022-02-20,S003,P0017,Furniture,East,464,96,0,126.23,10,Snowy,1,148.09,Winter,0,117
2022-02-20,S003,P0018,Furniture,East,585,67,0,105.06,25,Snowy,1,93.68,Winter,0,71
2022-02-20,S003,P0019,Groceries,East,191,113,0,54.76,5,Snowy,0,54.45,Winter,0,96
2022-02-20,S003,P0020,Clothing,East,779,85,0,71.41,10,Snowy,0,66.9,Winter,0,100
2022-02-20,S004,P0001,Groceries,West,559,53,0,9.35,10,Cloudy,0,10.64,Winter,0,78
2022-02-20,S004,P0002,Groceries,West,199,89,0,22.89,5,Cloudy,0,19.55,Winter,0,137
2022-02-20,S004,P0003,Furniture,West,318,46,0,117.13,10,Cloudy,1,114.33,Winter,0,42
2022-02-20,S004,P0004,Groceries,West,275,139,435,54.22,10,Cloudy,1,59.97,Winter,0,135
2022-02-20,S004,P0005,Clothing,West,109,68,92,81.36,0,Cloudy,0,75.84,Winter,0,113
2022-02-20,S004,P0006,Groceries,West,134,77,0,37.54,0,Cloudy,0,34.83,Winter,0,91
2022-02-20,S004,P0007,Groceries,West,452,152,498,33.58,0,Cloudy,0,35.93,Winter,0,149
2022-02-20,S004,P0008,Furniture,West,78,78,105,98.13,5,Cloudy,0,117.59,Winter,0,88
2022-02-20,S004,P0009,Clothing,West,310,105,0,120.92,10,Cloudy,1,144.34,Winter,0,144
2022-02-20,S004,P0010,Groceries,West,374,67,0,21.5,10,Cloudy,1,23.78,Winter,0,74
2022-02-20,S004,P0011,Clothing,West,422,44,0,53.68,5,Cloudy,0,47.27,Winter,0,65
2022-02-20,S004,P0012,Electronics,West,136,68,0,98.49,5,Cloudy,0,115.2,Winter,0,65
2022-02-20,S004,P0013,Groceries,West,416,167,535,23.94,5,Cloudy,0,26.31,Winter,0,166
2022-02-20,S004,P0014,Furniture,West,98,65,0,183.72,5,Cloudy,0,166.92,Winter,0,101
2022-02-20,S004,P0015,Furniture,West,228,162,408,113.44,10,Cloudy,1,123.64,Winter,0,158
2022-02-20,S004,P0016,Furniture,West,278,73,0,101.54,15,Cloudy,1,87.1,Winter,0,64
2022-02-20,S004,P0017,Clothing,West,202,122,0,91.91,15,Cloudy,1,83.66,Winter,0,112
2022-02-20,S004,P0018,Furniture,West,121,91,106,172.45,10,Cloudy,1,162.17,Winter,0,110
2022-02-20,S004,P0019,Clothing,West,200,100,0,61.81,10,Cloudy,0,55.99,Winter,0,121
2022-02-20,S004,P0020,Furniture,West,257,77,0,149.75,0,Cloudy,0,134.64,Winter,0,98
2022-02-20,S005,P0001,Groceries,North,557,156,0,13.76,10,Sunny,0,15.95,Winter,0,180
2022-02-20,S005,P0002,Electronics,North,278,117,0,41.97,0,Sunny,0,50.41,Winter,0,98
2022-02-20,S005,P0003,Toys,North,142,68,104,29.48,10,Sunny,1,25.48,Winter,0,104
2022-02-20,S005,P0004,Groceries,North,105,105,171,7.48,20,Sunny,1,7.07,Winter,0,145
2022-02-20,S005,P0005,Groceries,North,87,87,0,19.02,5,Sunny,0,22.6,Winter,0,167
2022-02-20,S005,P0006,Groceries,North,698,97,0,67.1,5,Sunny,0,63.5,Winter,0,136
2022-02-20,S005,P0007,Groceries,North,185,116,273,94.34,0,Sunny,0,91.74,Winter,0,125
2022-02-20,S005,P0008,Groceries,North,144,144,172,76.0,0,Sunny,0,84.26,Winter,0,162
2022-02-20,S005,P0009,Groceries,North,758,145,0,104.03,25,Sunny,1,101.97,Winter,0,211
2022-02-20,S005,P0010,Groceries,North,260,106,0,52.84,15,Sunny,1,59.07,Winter,0,110
2022-02-20,S005,P0011,Electronics,North,306,63,0,75.44,0,Sunny,0,65.99,Winter,0,62
2022-02-20,S005,P0012,Furniture,North,637,60,0,141.09,0,Sunny,0,158.56,Winter,0,100
2022-02-20,S005,P0013,Groceries,North,306,84,0,87.63,0,Sunny,0,74.68,Winter,0,134
2022-02-20,S005,P0014,Furniture,North,124,90,0,170.0,10,Sunny,0,160.67,Winter,0,98
2022-02-20,S005,P0015,Groceries,North,347,92,0,46.79,20,Sunny,1,45.09,Winter,0,131
2022-02-20,S005,P0016,Toys,North,755,103,0,37.28,15,Sunny,1,33.84,Winter,0,152
2022-02-20,S005,P0017,Toys,North,145,117,155,33.72,25,Sunny,1,30.85,Winter,0,135
2022-02-20,S005,P0018,Clothing,North,185,185,227,25.15,20,Sunny,1,30.44,Winter,0,228
2022-02-20,S005,P0019,Furniture,North,189,70,0,125.76,5,Sunny,0,142.18,Winter,0,60
2022-02-20,S005,P0020,Toys,North,230,73,0,33.56,5,Sunny,0,33.05,Winter,0,121
2022-02-21,S001,P0001,Electronics,North,163,135,0,69.35,15,Snowy,1,62.07,Winter,0,119
2022-02-21,S001,P0002,Clothing,North,183,118,0,50.38,25,Snowy,1,56.43,Winter,0,104
2022-02-21,S001,P0003,Clothing,North,410,93,0,58.57,5,Snowy,0,64.38,Winter,0,131
2022-02-21,S001,P0004,Electronics,North,157,119,209,108.96,10,Snowy,1,94.78,Winter,0,114
2022-02-21,S001,P0005,Groceries,North,828,114,0,56.14,10,Snowy,0,52.93,Winter,0,98
2022-02-21,S001,P0006,Toys,North,231,80,0,36.01,5,Snowy,0,38.84,Winter,0,72
2022-02-21,S001,P0007,Groceries,North,425,38,0,20.61,10,Snowy,0,20.36,Winter,0,60
2022-02-21,S001,P0008,Electronics,North,173,134,157,42.55,25,Snowy,1,40.99,Winter,0,155
2022-02-21,S001,P0009,Clothing,North,162,47,0,80.39,0,Snowy,0,75.25,Winter,0,52
2022-02-21,S001,P0010,Furniture,North,314,75,231,105.13,15,Snowy,1,120.66,Winter,0,65
2022-02-21,S001,P0011,Furniture,North,259,63,0,132.45,20,Snowy,1,131.11,Winter,0,66
2022-02-21,S001,P0012,Groceries,North,530,92,0,82.34,5,Snowy,0,92.09,Winter,0,112
2022-02-21,S001,P0013,Toys,North,211,116,0,28.95,25,Snowy,1,25.15,Winter,0,126
2022-02-21,S001,P0014,Groceries,North,601,100,0,74.88,0,Snowy,0,74.22,Winter,0,91
2022-02-21,S001,P0015,Toys,North,135,29,0,12.76,5,Snowy,0,15.33,Winter,0,46
2022-02-21,S001,P0016,Groceries,North,346,78,0,34.83,10,Snowy,0,39.29,Winter,0,97
2022-02-21,S001,P0017,Toys,North,271,73,0,22.26,0,Snowy,0,19.08,Winter,0,74
2022-02-21,S001,P0018,Groceries,North,179,68,0,60.76,0,Snowy,0,58.74,Winter,0,83
2022-02-21,S001,P0019,Furniture,North,112,65,59,95.33,15,Snowy,1,94.9,Winter,0,59
2022-02-21,S001,P0020,Furniture,North,129,57,0,120.36,0,Snowy,0,102.72,Winter,0,63
2022-02-21,S002,P0001,Groceries,South,543,114,0,81.45,10,Cloudy,1,73.54,Winter,0,116
2022-02-21,S002,P0002,Toys,South,363,103,0,26.03,20,Cloudy,1,30.04,Winter,0,90
2022-02-21,S002,P0003,Groceries,South,259,81,0,89.1,5,Cloudy,0,82.0,Winter,0,128
2022-02-21,S002,P0004,Groceries,South,174,117,0,39.54,10,Cloudy,1,47.4,Winter,0,110
2022-02-21,S002,P0005,Electronics,South,656,80,0,93.67,10,Cloudy,0,112.51,Winter,0,132
2022-02-21,S002,P0006,Clothing,South,131,131,156,85.21,0,Cloudy,0,76.68,Winter,0,165
2022-02-21,S002,P0007,Toys,South,260,108,0,28.36,5,Cloudy,0,30.8,Winter,0,109
2022-02-21,S002,P0008,Groceries,South,164,109,125,20.74,25,Cloudy,1,21.98,Winter,0,120
2022-02-21,S002,P0009,Groceries,South,240,98,0,66.83,10,Cloudy,0,73.04,Winter,0,156
2022-02-21,S002,P0010,Groceries,South,96,46,52,63.97,20,Cloudy,1,61.27,Winter,0,54
2022-02-21,S002,P0011,Groceries,South,554,170,559,100.55,20,Cloudy,1,116.65,Winter,0,195
2022-02-21,S002,P0012,Electronics,South,321,53,0,59.14,10,Cloudy,0,65.29,Winter,0,82
2022-02-21,S002,P0013,Groceries,South,325,166,725,25.21,20,Cloudy,1,21.74,Winter,0,204
2022-02-21,S002,P0014,Electronics,South,609,126,0,127.73,10,Cloudy,0,113.43,Winter,0,119
2022-02-21,S002,P0015,Clothing,South,735,135,0,77.87,5,Cloudy,0,86.61,Winter,0,154
2022-02-21,S002,P0016,Clothing,South,402,117,0,96.3,0,Cloudy,0,92.76,Winter,0,105
2022-02-21,S002,P0017,Toys,South,42,42,437,27.39,0,Cloudy,0,24.98,Winter,0,167
2022-02-21,S002,P0018,Clothing,South,199,93,0,25.97,10,Cloudy,0,25.24,Winter,0,91
2022-02-21,S002,P0019,Clothing,South,218,53,0,74.38,15,Cloudy,1,63.72,Winter,0,80
2022-02-21,S002,P0020,Furniture,South,849,69,0,112.21,10,Cloudy,0,134.67,Winter,0,64
2022-02-21,S003,P0001,Toys,East,370,139,0,14.65,25,Sunny,1,12.57,Winter,0,126
2022-02-21,S003,P0002,Groceries,East,355,123,0,58.8,10,Sunny,1,69.01,Winter,0,147
2022-02-21,S003,P0003,Electronics,East,135,113,168,97.99,5,Sunny,0,111.44,Winter,0,141
2022-02-21,S003,P0004,Groceries,East,350,61,0,16.72,20,Sunny,1,19.85,Winter,0,69
2022-02-21,S003,P0005,Toys,East,645,121,0,24.1,10,Sunny,0,21.02,Winter,0,132
2022-02-21,S003,P0006,Toys,East,94,62,106,36.61,5,Sunny,0,40.43,Winter,0,90
2022-02-21,S003,P0007,Groceries,East,946,62,0,15.32,0,Sunny,0,14.81,Winter,0,66
2022-02-21,S003,P0008,Clothing,East,225,202,288,122.65,20,Sunny,1,111.8,Winter,0,173
2022-02-21,S003,P0009,Groceries,East,155,155,183,68.82,5,Sunny,0,68.09,Winter,0,179
2022-02-21,S003,P0010,Groceries,East,229,114,0,33.99,20,Sunny,1,31.83,Winter,0,107
2022-02-21,S003,P0011,Electronics,East,252,95,346,132.04,10,Sunny,1,150.14,Winter,0,151
2022-02-21,S003,P0012,Furniture,East,238,53,0,84.03,10,Sunny,0,82.95,Winter,0,46
2022-02-21,S003,P0013,Groceries,East,220,220,883,93.49,15,Sunny,1,81.66,Winter,0,230
2022-02-21,S003,P0014,Groceries,East,449,78,0,86.94,0,Sunny,0,96.66,Winter,0,72
2022-02-21,S003,P0015,Groceries,East,897,59,0,98.41,0,Sunny,0,107.0,Winter,0,99
2022-02-21,S003,P0016,Electronics,East,332,107,0,103.69,0,Sunny,0,124.06,Winter,0,106
2022-02-21,S003,P0017,Furniture,East,368,52,0,129.23,0,Sunny,0,126.53,Winter,0,77
2022-02-21,S003,P0018,Furniture,East,518,92,0,134.66,10,Sunny,0,126.59,Winter,0,90
2022-02-21,S003,P0019,Groceries,East,78,78,236,64.57,15,Sunny,1,71.97,Winter,0,212
2022-02-21,S003,P0020,Clothing,East,694,133,0,88.29,5,Sunny,0,85.45,Winter,0,152
2022-02-21,S004,P0001,Groceries,West,506,86,0,8.98,20,Cloudy,1,10.3,Winter,0,102
2022-02-21,S004,P0002,Groceries,West,408,140,0,18.41,20,Cloudy,1,15.86,Winter,0,121
2022-02-21,S004,P0003,Furniture,West,272,71,201,128.18,10,Cloudy,0,149.66,Winter,0,80
2022-02-21,S004,P0004,Groceries,West,136,54,0,44.13,15,Cloudy,1,38.23,Winter,0,73
2022-02-21,S004,P0005,Clothing,West,133,91,118,74.97,5,Cloudy,0,66.66,Winter,0,104
2022-02-21,S004,P0006,Groceries,West,475,116,0,41.14,0,Cloudy,0,38.16,Winter,0,119
2022-02-21,S004,P0007,Groceries,West,300,111,0,27.45,5,Cloudy,0,29.05,Winter,0,100
2022-02-21,S004,P0008,Furniture,West,105,72,89,97.54,10,Cloudy,1,114.32,Winter,0,102
2022-02-21,S004,P0009,Clothing,West,205,137,0,118.6,10,Cloudy,0,113.91,Winter,0,121
2022-02-21,S004,P0010,Groceries,West,307,95,0,21.85,20,Cloudy,1,20.53,Winter,0,98
2022-02-21,S004,P0011,Clothing,West,378,137,483,54.76,20,Cloudy,1,52.11,Winter,0,122
2022-02-21,S004,P0012,Electronics,West,68,68,104,115.35,10,Cloudy,0,131.15,Winter,0,129
2022-02-21,S004,P0013,Groceries,West,249,121,0,24.1,10,Cloudy,1,23.9,Winter,0,170
2022-02-21,S004,P0014,Furniture,West,253,21,0,135.06,10,Cloudy,0,116.42,Winter,0,33
2022-02-21,S004,P0015,Furniture,West,66,56,0,86.63,10,Cloudy,0,96.41,Winter,0,72
2022-02-21,S004,P0016,Furniture,West,205,75,241,126.82,5,Cloudy,0,110.79,Winter,0,95
2022-02-21,S004,P0017,Clothing,West,80,80,80,93.86,5,Cloudy,0,103.91,Winter,0,99
2022-02-21,S004,P0018,Furniture,West,136,66,106,168.84,10,Cloudy,0,164.24,Winter,0,103
2022-02-21,S004,P0019,Clothing,West,100,100,142,61.87,15,Cloudy,1,68.81,Winter,0,159
2022-02-21,S004,P0020,Furniture,West,180,54,0,117.58,0,Cloudy,0,141.59,Winter,0,46
2022-02-21,S005,P0001,Groceries,North,401,100,0,10.87,25,Snowy,1,10.56,Winter,0,142
2022-02-21,S005,P0002,Electronics,North,161,63,0,35.61,10,Snowy,1,40.81,Winter,0,81
2022-02-21,S005,P0003,Toys,North,178,99,107,27.85,10,Snowy,0,30.17,Winter,0,102
2022-02-21,S005,P0004,Groceries,North,171,47,0,5.27,20,Snowy,1,5.16,Winter,0,41
2022-02-21,S005,P0005,Groceries,North,331,145,0,17.96,5,Snowy,0,16.39,Winter,0,128
2022-02-21,S005,P0006,Groceries,North,601,78,0,57.53,0,Snowy,0,57.51,Winter,0,73
2022-02-21,S005,P0007,Groceries,North,69,69,0,85.76,0,Snowy,0,103.16,Winter,0,111
2022-02-21,S005,P0008,Groceries,North,172,114,95,55.05,20,Snowy,1,52.66,Winter,0,110
2022-02-21,S005,P0009,Groceries,North,613,83,0,103.5,5,Snowy,0,93.76,Winter,0,122
2022-02-21,S005,P0010,Groceries,North,154,73,0,48.2,15,Snowy,1,43.04,Winter,0,68
2022-02-21,S005,P0011,Electronics,North,919,86,0,84.68,10,Snowy,1,72.91,Winter,0,128
2022-02-21,S005,P0012,Furniture,North,577,79,0,124.98,10,Snowy,0,106.96,Winter,0,80
2022-02-21,S005,P0013,Groceries,North,894,152,0,66.27,25,Snowy,1,58.85,Winter,0,136
2022-02-21,S005,P0014,Furniture,North,474,51,0,160.25,5,Snowy,0,137.04,Winter,0,65
2022-02-21,S005,P0015,Groceries,North,255,77,205,52.97,0,Snowy,0,59.1,Winter,0,115
2022-02-21,S005,P0016,Toys,North,652,74,0,30.18,10,Snowy,0,27.43,Winter,0,68
2022-02-21,S005,P0017,Toys,North,183,39,0,29.71,5,Snowy,0,34.3,Winter,0,44
2022-02-21,S005,P0018,Clothing,North,227,110,0,24.33,0,Snowy,0,26.59,Winter,0,130
2022-02-21,S005,P0019,Furniture,North,119,64,109,98.92,25,Snowy,1,114.47,Winter,0,59
2022-02-21,S005,P0020,Toys,North,157,64,0,28.86,5,Snowy,0,28.83,Winter,0,75
2022-02-22,S001,P0001,Electronics,North,295,81,294,72.97,10,Sunny,0,85.45,Winter,0,134
2022-02-22,S001,P0002,Clothing,North,65,65,142,79.9,0,Sunny,0,73.69,Winter,0,144
2022-02-22,S001,P0003,Clothing,North,317,76,0,63.93,0,Sunny,0,54.43,Winter,0,126
2022-02-22,S001,P0004,Electronics,North,38,38,0,104.59,5,Sunny,0,114.1,Winter,0,101
2022-02-22,S001,P0005,Groceries,North,714,189,767,57.15,25,Sunny,1,68.35,Winter,0,184
2022-02-22,S001,P0006,Toys,North,151,19,0,30.71,0,Sunny,0,35.34,Winter,0,19
2022-02-22,S001,P0007,Groceries,North,387,35,0,14.92,25,Sunny,1,17.86,Winter,0,38
2022-02-22,S001,P0008,Electronics,North,196,60,0,39.09,10,Sunny,0,36.86,Winter,0,71
2022-02-22,S001,P0009,Clothing,North,115,56,98,92.24,0,Sunny,0,82.99,Winter,0,90
2022-02-22,S001,P0010,Furniture,North,239,55,0,114.94,10,Sunny,0,108.84,Winter,0,59
2022-02-22,S001,P0011,Furniture,North,196,117,259,173.07,5,Sunny,0,197.61,Winter,0,109
2022-02-22,S001,P0012,Groceries,North,438,53,0,70.66,0,Sunny,0,78.67,Winter,0,54
2022-02-22,S001,P0013,Toys,North,95,95,155,40.08,5,Sunny,0,36.78,Winter,0,157
2022-02-22,S001,P0014,Groceries,North,501,112,0,74.75,10,Sunny,0,73.84,Winter,0,123
2022-02-22,S001,P0015,Toys,North,106,106,155,18.07,10,Sunny,1,20.98,Winter,0,170
2022-02-22,S001,P0016,Groceries,North,268,163,473,35.14,20,Sunny,1,38.09,Winter,0,138
2022-02-22,S001,P0017,Toys,North,198,96,0,26.22,0,Sunny,0,24.26,Winter,0,123
2022-02-22,S001,P0018,Groceries,North,111,107,146,73.64,5,Sunny,0,67.31,Winter,0,162
2022-02-22,S001,P0019,Furniture,North,106,79,93,111.41,5,Sunny,0,132.5,Winter,0,86
2022-02-22,S001,P0020,Furniture,North,516,73,0,134.67,5,Sunny,0,133.32,Winter,0,111
2022-02-22,S002,P0001,Groceries,South,429,81,0,75.08,5,Snowy,0,70.0,Winter,0,76
2022-02-22,S002,P0002,Toys,South,260,62,0,29.0,0,Snowy,0,31.87,Winter,0,58
2022-02-22,S002,P0003,Groceries,South,606,52,0,75.63,5,Snowy,0,73.1,Winter,0,78
2022-02-22,S002,P0004,Groceries,South,57,47,0,34.61,10,Snowy,0,38.98,Winter,0,71
2022-02-22,S002,P0005,Electronics,South,576,79,0,90.07,10,Snowy,1,80.67,Winter,0,103
2022-02-22,S002,P0006,Clothing,South,156,49,0,53.46,10,Snowy,0,58.45,Winter,0,67
2022-02-22,S002,P0007,Toys,South,588,95,0,23.57,20,Snowy,1,21.48,Winter,0,90
2022-02-22,S002,P0008,Groceries,South,180,88,0,24.42,5,Snowy,0,21.0,Winter,0,82
2022-02-22,S002,P0009,Groceries,South,542,91,0,58.13,10,Snowy,0,65.57,Winter,0,109
2022-02-22,S002,P0010,Groceries,South,102,58,84,81.0,5,Snowy,0,90.92,Winter,0,86
2022-02-22,S002,P0011,Groceries,South,384,63,0,77.96,5,Snowy,0,87.22,Winter,0,56
2022-02-22,S002,P0012,Electronics,South,268,76,0,61.29,10,Snowy,0,72.42,Winter,0,92
2022-02-22,S002,P0013,Groceries,South,159,102,0,20.25,5,Snowy,0,22.53,Winter,0,86
2022-02-22,S002,P0014,Electronics,South,483,110,367,130.64,5,Snowy,0,112.5,Winter,0,109
2022-02-22,S002,P0015,Clothing,South,600,85,0,64.41,20,Snowy,1,60.57,Winter,0,130
2022-02-22,S002,P0016,Clothing,South,285,176,428,91.18,20,Snowy,1,97.57,Winter,0,181
2022-02-22,S002,P0017,Toys,South,452,109,0,22.02,0,Snowy,0,23.52,Winter,0,110
2022-02-22,S002,P0018,Clothing,South,106,106,117,27.5,10,Snowy,0,23.76,Winter,0,108
2022-02-22,S002,P0019,Clothing,South,165,165,675,111.07,0,Snowy,0,107.24,Winter,0,157
2022-02-22,S002,P0020,Furniture,South,780,41,0,116.7,5,Snowy,0,138.64,Winter,0,60
2022-02-22,S003,P0001,Toys,East,231,79,0,15.81,5,Sunny,0,14.01,Winter,0,77
2022-02-22,S003,P0002,Groceries,East,793,73,0,58.84,0,Sunny,0,55.64,Winter,0,96
2022-02-22,S003,P0003,Electronics,East,190,157,187,120.05,0,Sunny,0,104.93,Winter,0,177
2022-02-22,S003,P0004,Groceries,East,289,61,268,19.55,10,Sunny,0,21.58,Winter,0,80
2022-02-22,S003,P0005,Toys,East,524,107,0,21.7,15,Sunny,1,21.06,Winter,0,116
2022-02-22,S003,P0006,Toys,East,138,81,78,36.93,5,Sunny,0,35.43,Winter,0,78
2022-02-22,S003,P0007,Groceries,East,884,117,0,18.46,10,Sunny,1,20.87,Winter,0,176
2022-02-22,S003,P0008,Clothing,East,23,23,276,120.64,5,Sunny,0,140.41,Winter,0,125
2022-02-22,S003,P0009,Groceries,East,183,122,138,59.7,5,Sunny,0,63.75,Winter,0,146
2022-02-22,S003,P0010,Groceries,East,115,63,97,35.31,10,Sunny,0,33.23,Winter,0,83
2022-02-22,S003,P0011,Electronics,East,157,68,0,114.85,10,Sunny,0,111.62,Winter,0,89
2022-02-22,S003,P0012,Furniture,East,185,56,138,86.67,10,Sunny,0,93.05,Winter,0,68
2022-02-22,S003,P0013,Groceries,East,590,91,0,76.09,10,Sunny,0,72.68,Winter,0,129
2022-02-22,S003,P0014,Groceries,East,371,113,391,113.47,0,Sunny,0,106.66,Winter,0,139
2022-02-22,S003,P0015,Groceries,East,838,132,0,89.4,15,Sunny,1,101.99,Winter,0,120
2022-02-22,S003,P0016,Electronics,East,225,225,524,121.1,25,Sunny,1,116.59,Winter,0,254
2022-02-22,S003,P0017,Furniture,East,860,75,0,112.7,10,Sunny,0,120.18,Winter,0,83
2022-02-22,S003,P0018,Furniture,East,426,96,398,131.29,10,Sunny,0,155.47,Winter,0,98
2022-02-22,S003,P0019,Groceries,East,236,145,146,62.3,10,Sunny,0,68.24,Winter,0,175
2022-02-22,S003,P0020,Clothing,East,561,82,0,69.79,5,Sunny,0,64.4,Winter,0,77
2022-02-22,S004,P0001,Groceries,West,420,86,481,11.67,0,Cloudy,0,13.31,Winter,0,114
2022-02-22,S004,P0002,Groceries,West,268,137,363,22.73,5,Cloudy,0,27.22,Winter,0,152
2022-02-22,S004,P0003,Furniture,West,201,38,0,123.89,10,Cloudy,0,113.55,Winter,0,57
2022-02-22,S004,P0004,Groceries,West,82,59,0,49.61,5,Cloudy,0,53.66,Winter,0,89
2022-02-22,S004,P0005,Clothing,West,160,98,125,70.65,10,Cloudy,1,82.05,Winter,0,118
2022-02-22,S004,P0006,Groceries,West,359,97,275,43.58,5,Cloudy,0,40.94,Winter,0,156
2022-02-22,S004,P0007,Groceries,West,189,106,619,27.89,20,Cloudy,1,30.44,Winter,0,163
2022-02-22,S004,P0008,Furniture,West,122,87,76,89.28,10,Cloudy,0,103.44,Winter,0,76
2022-02-22,S004,P0009,Clothing,West,515,56,0,95.54,10,Cloudy,0,101.43,Winter,0,71
2022-02-22,S004,P0010,Groceries,West,826,100,0,27.57,0,Cloudy,0,26.94,Winter,0,101
2022-02-22,S004,P0011,Clothing,West,241,84,0,61.84,0,Cloudy,0,56.12,Winter,0,91
2022-02-22,S004,P0012,Electronics,West,104,44,0,93.56,5,Cloudy,0,89.06,Winter,0,39
2022-02-22,S004,P0013,Groceries,West,128,128,645,24.85,10,Cloudy,0,28.69,Winter,0,202
2022-02-22,S004,P0014,Furniture,West,232,47,0,174.01,0,Cloudy,0,161.12,Winter,0,70
2022-02-22,S004,P0015,Furniture,West,330,71,0,80.5,25,Cloudy,1,93.02,Winter,0,104
2022-02-22,S004,P0016,Furniture,West,130,89,323,107.52,25,Cloudy,1,102.99,Winter,0,117
2022-02-22,S004,P0017,Clothing,West,80,80,145,96.25,10,Cloudy,0,112.56,Winter,0,125
2022-02-22,S004,P0018,Furniture,West,176,56,0,150.4,5,Cloudy,0,174.22,Winter,0,69
2022-02-22,S004,P0019,Clothing,West,142,101,147,62.46,10,Cloudy,0,75.09,Winter,0,142
2022-02-22,S004,P0020,Furniture,West,126,118,219,155.85,0,Cloudy,0,142.5,Winter,0,111
2022-02-22,S005,P0001,Groceries,North,301,129,354,14.12,5,Sunny,0,12.16,Winter,0,151
2022-02-22,S005,P0002,Electronics,North,457,60,0,33.52,10,Sunny,0,29.98,Winter,0,51
2022-02-22,S005,P0003,Toys,North,186,68,87,30.99,0,Sunny,0,36.3,Winter,0,102
2022-02-22,S005,P0004,Groceries,North,124,30,0,6.38,0,Sunny,0,5.53,Winter,0,34
2022-02-22,S005,P0005,Groceries,North,186,148,328,16.73,25,Sunny,1,15.51,Winter,0,188
2022-02-22,S005,P0006,Groceries,North,523,102,624,67.14,0,Sunny,0,75.76,Winter,0,137
2022-02-22,S005,P0007,Groceries,North,273,116,278,78.15,20,Sunny,1,84.98,Winter,0,155
2022-02-22,S005,P0008,Groceries,North,153,153,177,81.34,5,Sunny,0,80.18,Winter,0,187
2022-02-22,S005,P0009,Groceries,North,530,118,0,104.07,0,Sunny,0,89.31,Winter,0,107
2022-02-22,S005,P0010,Groceries,North,596,70,0,54.13,0,Sunny,0,65.3,Winter,0,69
2022-02-22,S005,P0011,Electronics,North,833,75,0,70.11,10,Sunny,0,76.42,Winter,0,86
2022-02-22,S005,P0012,Furniture,North,498,78,435,152.88,0,Sunny,0,139.28,Winter,0,109
2022-02-22,S005,P0013,Groceries,North,742,121,0,84.51,10,Sunny,0,100.47,Winter,0,177
2022-02-22,S005,P0014,Furniture,North,423,81,0,159.31,5,Sunny,0,189.07,Winter,0,78
2022-02-22,S005,P0015,Groceries,North,178,83,0,47.7,20,Sunny,1,42.88,Winter,0,137
2022-02-22,S005,P0016,Toys,North,578,90,0,32.86,20,Sunny,1,34.97,Winter,0,147
2022-02-22,S005,P0017,Toys,North,144,87,104,37.29,10,Sunny,0,41.2,Winter,0,125
2022-02-22,S005,P0018,Clothing,North,117,93,97,20.68,10,Sunny,0,19.96,Winter,0,96
2022-02-22,S005,P0019,Furniture,North,55,55,209,137.81,10,Sunny,0,148.27,Winter,0,102
2022-02-22,S005,P0020,Toys,North,93,46,85,27.2,10,Sunny,0,25.24,Winter,0,74
2022-02-23,S001,P0001,Electronics,North,214,167,0,79.37,10,Sunny,1,77.35,Winter,0,145
2022-02-23,S001,P0002,Clothing,North,142,142,192,80.03,0,Sunny,0,95.2,Winter,0,163
2022-02-23,S001,P0003,Clothing,North,241,134,0,66.92,5,Sunny,0,73.68,Winter,0,179
2022-02-23,S001,P0004,Electronics,North,209,209,448,131.69,15,Sunny,1,115.33,Winter,0,203
2022-02-23,S001,P0005,Groceries,North,525,277,0,76.44,15,Sunny,1,66.42,Winter,0,232
2022-02-23,S001,P0006,Toys,North,387,136,363,42.21,15,Sunny,1,39.01,Winter,0,139
2022-02-23,S001,P0007,Groceries,North,352,73,0,22.55,5,Sunny,0,21.55,Winter,0,70
2022-02-23,S001,P0008,Electronics,North,136,123,105,45.7,10,Sunny,0,40.39,Winter,0,117
2022-02-23,S001,P0009,Clothing,North,157,139,165,106.77,10,Sunny,1,92.65,Winter,0,174
2022-02-23,S001,P0010,Furniture,North,184,57,0,125.48,0,Sunny,0,150.3,Winter,0,68
2022-02-23,S001,P0011,Furniture,North,79,45,0,142.93,10,Sunny,0,157.81,Winter,0,69
2022-02-23,S001,P0012,Groceries,North,385,114,0,73.8,10,Sunny,0,86.75,Winter,0,95
2022-02-23,S001,P0013,Toys,North,155,155,203,41.77,10,Sunny,1,40.85,Winter,0,193
2022-02-23,S001,P0014,Groceries,North,389,208,533,83.35,10,Sunny,1,93.69,Winter,0,180
2022-02-23,S001,P0015,Toys,North,155,77,0,13.06,10,Sunny,0,14.5,Winter,0,66
2022-02-23,S001,P0016,Groceries,North,105,105,0,44.82,0,Sunny,0,41.64,Winter,0,127
2022-02-23,S001,P0017,Toys,North,102,83,119,23.17,5,Sunny,0,26.16,Winter,0,117
2022-02-23,S001,P0018,Groceries,North,150,108,147,63.25,15,Sunny,1,55.82,Winter,0,147
2022-02-23,S001,P0019,Furniture,North,120,108,97,113.81,5,Sunny,0,131.1,Winter,0,92
2022-02-23,S001,P0020,Furniture,North,443,83,0,120.24,0,Sunny,0,130.65,Winter,0,77
2022-02-23,S002,P0001,Groceries,South,348,80,0,63.95,20,Snowy,1,54.61,Winter,0,79
2022-02-23,S002,P0002,Toys,South,198,127,243,34.52,10,Snowy,0,36.54,Winter,0,142
2022-02-23,S002,P0003,Groceries,South,554,64,0,76.71,5,Snowy,0,90.29,Winter,0,97
2022-02-23,S002,P0004,Groceries,South,297,164,547,49.83,10,Snowy,1,45.82,Winter,0,173
2022-02-23,S002,P0005,Electronics,South,497,58,0,66.74,15,Snowy,1,77.78,Winter,0,50
2022-02-23,S002,P0006,Clothing,South,107,107,87,52.55,25,Snowy,1,47.21,Winter,0,100
2022-02-23,S002,P0007,Toys,South,493,59,0,26.63,10,Snowy,0,25.65,Winter,0,91
2022-02-23,S002,P0008,Groceries,South,92,87,127,28.78,0,Snowy,0,26.05,Winter,0,116
2022-02-23,S002,P0009,Groceries,South,451,96,0,63.5,10,Snowy,1,60.08,Winter,0,121
2022-02-23,S002,P0010,Groceries,South,128,42,0,79.17,0,Snowy,0,83.76,Winter,0,65
2022-02-23,S002,P0011,Groceries,South,321,82,0,90.69,5,Snowy,0,83.6,Winter,0,83
2022-02-23,S002,P0012,Electronics,South,192,71,0,70.36,0,Snowy,0,68.91,Winter,0,86
2022-02-23,S002,P0013,Groceries,South,57,57,0,29.32,10,Snowy,1,32.08,Winter,0,240
2022-02-23,S002,P0014,Electronics,South,373,83,0,89.81,25,Snowy,1,107.08,Winter,0,83
2022-02-23,S002,P0015,Clothing,South,515,60,0,62.47,10,Snowy,0,69.76,Winter,0,99
2022-02-23,S002,P0016,Clothing,South,109,78,0,88.07,0,Snowy,0,103.21,Winter,0,94
2022-02-23,S002,P0017,Toys,South,343,68,0,21.05,5,Snowy,0,20.69,Winter,0,96
2022-02-23,S002,P0018,Clothing,South,117,113,98,22.15,25,Snowy,1,25.93,Winter,0,114
2022-02-23,S002,P0019,Clothing,South,475,77,0,75.21,5,Snowy,0,88.61,Winter,0,67
2022-02-23,S002,P0020,Furniture,South,739,60,0,112.35,10,Snowy,0,134.82,Winter,0,64
2022-02-23,S003,P0001,Toys,East,152,57,144,14.29,10,Snowy,1,12.73,Winter,0,64
2022-02-23,S003,P0002,Groceries,East,720,60,0,46.47,10,Snowy,0,45.63,Winter,0,59
2022-02-23,S003,P0003,Electronics,East,220,73,0,85.19,10,Snowy,0,84.16,Winter,0,96
2022-02-23,S003,P0004,Groceries,East,228,65,0,21.5,10,Snowy,1,21.22,Winter,0,93
2022-02-23,S003,P0005,Toys,East,417,58,0,16.63,20,Snowy,1,16.17,Winter,0,56
2022-02-23,S003,P0006,Toys,East,135,85,93,36.07,10,Snowy,1,32.25,Winter,0,86
2022-02-23,S003,P0007,Groceries,East,767,87,0,18.78,0,Snowy,0,21.0,Winter,0,144
2022-02-23,S003,P0008,Clothing,East,288,73,0,107.97,10,Snowy,0,104.83,Winter,0,91
2022-02-23,S003,P0009,Groceries,East,199,190,172,61.67,15,Snowy,1,71.86,Winter,0,200
2022-02-23,S003,P0010,Groceries,East,149,78,0,35.59,0,Snowy,0,42.45,Winter,0,70
2022-02-23,S003,P0011,Electronics,East,435,110,0,118.3,10,Snowy,0,110.78,Winter,0,98
2022-02-23,S003,P0012,Furniture,East,129,97,0,98.09,5,Snowy,0,116.41,Winter,0,87
2022-02-23,S003,P0013,Groceries,East,499,119,0,81.99,15,Snowy,1,77.47,Winter,0,176
2022-02-23,S003,P0014,Groceries,East,258,144,0,100.21,10,Snowy,1,118.17,Winter,0,150
2022-02-23,S003,P0015,Groceries,East,706,80,0,97.26,5,Snowy,0,96.71,Winter,0,96
2022-02-23,S003,P0016,Electronics,East,0,0,0,107.76,5,Snowy,0,117.89,Winter,0,135
2022-02-23,S003,P0017,Furniture,East,785,61,0,127.21,0,Snowy,0,108.65,Winter,0,73
2022-02-23,S003,P0018,Furniture,East,330,90,0,120.86,20,Snowy,1,129.17,Winter,0,109
2022-02-23,S003,P0019,Groceries,East,237,145,0,60.5,0,Snowy,0,70.01,Winter,0,127
2022-02-23,S003,P0020,Clothing,East,479,130,626,78.93,10,Snowy,0,73.03,Winter,0,132
2022-02-23,S004,P0001,Groceries,West,334,181,917,13.54,10,Sunny,1,15.35,Winter,0,205
2022-02-23,S004,P0002,Groceries,West,131,103,0,23.98,0,Sunny,0,22.82,Winter,0,135
2022-02-23,S004,P0003,Furniture,West,163,38,0,129.34,5,Sunny,0,113.6,Winter,0,54
2022-02-23,S004,P0004,Groceries,West,458,221,569,61.13,25,Sunny,1,58.91,Winter,0,231
2022-02-23,S004,P0005,Clothing,West,187,170,178,64.62,25,Sunny,1,75.85,Winter,0,150
2022-02-23,S004,P0006,Groceries,West,262,166,0,38.78,20,Sunny,1,42.84,Winter,0,197
2022-02-23,S004,P0007,Groceries,West,83,74,0,27.01,5,Sunny,0,30.32,Winter,0,95
2022-02-23,S004,P0008,Furniture,West,111,62,0,91.06,5,Sunny,0,86.42,Winter,0,53
2022-02-23,S004,P0009,Clothing,West,459,76,0,90.93,25,Sunny,1,97.81,Winter,0,110
2022-02-23,S004,P0010,Groceries,West,726,111,0,25.29,10,Sunny,0,27.64,Winter,0,123
2022-02-23,S004,P0011,Clothing,West,157,120,0,57.96,5,Sunny,0,61.22,Winter,0,102
2022-02-23,S004,P0012,Electronics,West,60,60,132,126.34,0,Sunny,0,142.77,Winter,0,124
2022-02-23,S004,P0013,Groceries,West,535,142,0,22.39,10,Sunny,1,21.65,Winter,0,143
2022-02-23,S004,P0014,Furniture,West,185,114,264,150.34,25,Sunny,1,133.72,Winter,0,112
2022-02-23,S004,P0015,Furniture,West,667,62,0,89.27,10,Sunny,0,80.28,Winter,0,66
2022-02-23,S004,P0016,Furniture,West,41,41,0,135.84,5,Sunny,0,124.24,Winter,0,117
2022-02-23,S004,P0017,Clothing,West,145,145,130,113.64,5,Sunny,0,104.27,Winter,0,145
2022-02-23,S004,P0018,Furniture,West,120,72,103,141.91,25,Sunny,1,122.44,Winter,0,106
2022-02-23,S004,P0019,Clothing,West,188,170,150,72.03,5,Sunny,0,84.37,Winter,0,174
2022-02-23,S004,P0020,Furniture,West,8,8,0,131.3,0,Sunny,0,118.22,Winter,0,61
2022-02-23,S005,P0001,Groceries,North,172,109,0,10.73,20,Sunny,1,9.31,Winter,0,116
2022-02-23,S005,P0002,Electronics,North,397,29,0,29.88,10,Sunny,0,34.7,Winter,0,35
2022-02-23,S005,P0003,Toys,North,205,80,0,29.37,10,Sunny,0,25.21,Winter,0,102
2022-02-23,S005,P0004,Groceries,North,94,94,125,7.58,20,Sunny,1,7.14,Winter,0,149
2022-02-23,S005,P0005,Groceries,North,38,38,0,15.28,10,Sunny,1,13.12,Winter,0,94
2022-02-23,S005,P0006,Groceries,North,421,175,1079,69.2,25,Sunny,1,76.49,Winter,0,264
2022-02-23,S005,P0007,Groceries,North,157,157,0,93.08,10,Sunny,0,105.33,Winter,0,176
2022-02-23,S005,P0008,Groceries,North,177,160,187,79.38,0,Sunny,0,89.07,Winter,0,178
2022-02-23,S005,P0009,Groceries,North,412,83,357,92.39,15,Sunny,1,106.89,Winter,0,138
2022-02-23,S005,P0010,Groceries,North,526,61,0,47.3,10,Sunny,0,52.1,Winter,0,61
2022-02-23,S005,P0011,Electronics,North,758,119,0,88.21,0,Sunny,0,78.4,Winter,0,108
2022-02-23,S005,P0012,Furniture,North,420,126,0,156.24,0,Sunny,0,149.92,Winter,0,116
2022-02-23,S005,P0013,Groceries,North,621,117,0,73.05,10,Sunny,1,64.34,Winter,0,109
2022-02-23,S005,P0014,Furniture,North,342,116,518,179.61,20,Sunny,1,171.08,Winter,0,155
2022-02-23,S005,P0015,Groceries,North,300,56,0,42.97,5,Sunny,0,49.98,Winter,0,68
2022-02-23,S005,P0016,Toys,North,488,66,0,30.22,10,Sunny,0,28.88,Winter,0,68
2022-02-23,S005,P0017,Toys,North,161,86,115,38.5,5,Sunny,0,36.01,Winter,0,102
2022-02-23,S005,P0018,Clothing,North,121,121,263,31.9,10,Sunny,1,30.17,Winter,0,259
2022-02-23,S005,P0019,Furniture,North,109,28,0,129.17,0,Sunny,0,126.49,Winter,0,41
2022-02-23,S005,P0020,Toys,North,132,64,60,27.07,10,Sunny,0,23.08,Winter,0,72
2022-02-24,S001,P0001,Electronics,North,341,104,0,68.37,10,Snowy,1,67.31,Winter,0,97
2022-02-24,S001,P0002,Clothing,North,192,192,142,62.22,25,Snowy,1,74.22,Winter,0,176
2022-02-24,S001,P0003,Clothing,North,870,45,0,47.13,5,Snowy,0,50.92,Winter,0,66
2022-02-24,S001,P0004,Electronics,North,0,0,0,85.21,10,Snowy,1,97.75,Winter,0,58
2022-02-24,S001,P0005,Groceries,North,248,113,0,67.65,0,Snowy,0,63.69,Winter,0,123
2022-02-24,S001,P0006,Toys,North,251,63,0,37.44,10,Snowy,1,33.76,Winter,0,84
2022-02-24,S001,P0007,Groceries,North,1001,161,0,30.73,0,Snowy,0,30.4,Winter,0,151
2022-02-24,S001,P0008,Electronics,North,118,36,0,36.16,0,Snowy,0,40.02,Winter,0,37
2022-02-24,S001,P0009,Clothing,North,183,126,105,94.32,0,Snowy,0,107.6,Winter,0,112
2022-02-24,S001,P0010,Furniture,North,127,29,0,112.77,5,Snowy,0,109.16,Winter,0,41
2022-02-24,S001,P0011,Furniture,North,293,110,241,135.42,25,Snowy,1,153.06,Winter,0,106
2022-02-24,S001,P0012,Groceries,North,271,117,274,88.96,5,Snowy,0,84.88,Winter,0,121
2022-02-24,S001,P0013,Toys,North,203,143,167,32.07,25,Snowy,1,28.2,Winter,0,162
2022-02-24,S001,P0014,Groceries,North,181,118,0,74.28,0,Snowy,0,83.34,Winter,0,104
2022-02-24,S001,P0015,Toys,North,78,78,173,15.97,15,Snowy,1,17.6,Winter,0,146
2022-02-24,S001,P0016,Groceries,North,0,0,0,37.89,5,Snowy,0,45.72,Winter,0,106
2022-02-24,S001,P0017,Toys,North,138,89,0,20.77,10,Snowy,0,17.96,Winter,0,84
2022-02-24,S001,P0018,Groceries,North,189,64,0,48.16,10,Snowy,0,51.3,Winter,0,62
2022-02-24,S001,P0019,Furniture,North,109,74,76,105.24,10,Snowy,0,102.59,Winter,0,70
2022-02-24,S001,P0020,Furniture,North,360,110,332,109.19,20,Snowy,1,95.05,Winter,0,99
2022-02-24,S002,P0001,Groceries,South,268,87,204,71.03,10,Snowy,1,67.73,Winter,0,75
2022-02-24,S002,P0002,Toys,South,71,71,196,30.59,15,Snowy,1,35.63,Winter,0,121
2022-02-24,S002,P0003,Groceries,South,490,108,611,106.0,0,Snowy,0,95.73,Winter,0,172
2022-02-24,S002,P0004,Groceries,South,133,133,0,45.84,10,Snowy,1,51.79,Winter,0,161
2022-02-24,S002,P0005,Electronics,South,439,94,449,87.61,10,Snowy,0,83.64,Winter,0,95
2022-02-24,S002,P0006,Clothing,South,87,87,127,59.76,15,Snowy,1,67.11,Winter,0,117
2022-02-24,S002,P0007,Toys,South,434,55,0,23.86,5,Snowy,0,26.74,Winter,0,59
2022-02-24,S002,P0008,Groceries,South,132,111,147,28.55,5,Snowy,0,34.31,Winter,0,148
2022-02-24,S002,P0009,Groceries,South,355,89,0,61.13,0,Snowy,0,53.04,Winter,0,77
2022-02-24,S002,P0010,Groceries,South,86,58,70,79.04,5,Snowy,0,94.06,Winter,0,79
2022-02-24,S002,P0011,Groceries,South,798,120,0,96.32,10,Snowy,1,81.98,Winter,0,118
2022-02-24,S002,P0012,Electronics,South,608,63,0,61.51,5,Snowy,0,68.46,Winter,0,77
2022-02-24,S002,P0013,Groceries,South,725,72,0,20.61,10,Snowy,1,22.06,Winter,0,108
2022-02-24,S002,P0014,Electronics,South,290,58,0,120.64,5,Snowy,0,115.4,Winter,0,85
2022-02-24,S002,P0015,Clothing,South,455,110,543,60.04,25,Snowy,1,54.08,Winter,0,128
2022-02-24,S002,P0016,Clothing,South,459,181,0,113.69,0,Snowy,0,134.8,Winter,0,180
2022-02-24,S002,P0017,Toys,South,712,71,0,19.3,0,Snowy,0,20.51,Winter,0,71
2022-02-24,S002,P0018,Clothing,South,102,102,111,31.33,5,Snowy,0,27.66,Winter,0,133
2022-02-24,S002,P0019,Clothing,South,398,94,0,93.72,10,Snowy,0,86.9,Winter,0,134
2022-02-24,S002,P0020,Furniture,South,679,72,0,115.15,20,Snowy,1,121.95,Winter,0,105
2022-02-24,S003,P0001,Toys,East,95,50,0,11.56,20,Snowy,1,12.63,Winter,0,53
2022-02-24,S003,P0002,Groceries,East,660,78,0,53.22,15,Snowy,1,53.05,Winter,0,115
2022-02-24,S003,P0003,Electronics,East,147,127,97,88.84,10,Snowy,0,81.95,Winter,0,109
2022-02-24,S003,P0004,Groceries,East,163,48,0,17.36,15,Snowy,1,17.03,Winter,0,49
2022-02-24,S003,P0005,Toys,East,359,103,315,22.62,0,Snowy,0,25.12,Winter,0,94
2022-02-24,S003,P0006,Toys,East,143,41,0,27.91,20,Snowy,1,27.05,Winter,0,49
2022-02-24,S003,P0007,Groceries,East,680,92,0,16.84,10,Snowy,0,15.32,Winter,0,126
2022-02-24,S003,P0008,Clothing,East,491,75,0,97.9,5,Snowy,0,111.63,Winter,0,63
2022-02-24,S003,P0009,Groceries,East,181,108,0,54.79,10,Snowy,0,48.74,Winter,0,118
2022-02-24,S003,P0010,Groceries,East,71,44,67,37.38,0,Snowy,0,31.82,Winter,0,70
2022-02-24,S003,P0011,Electronics,East,325,107,0,99.66,20,Snowy,1,106.47,Winter,0,97
2022-02-24,S003,P0012,Furniture,East,170,50,142,94.76,0,Snowy,0,107.72,Winter,0,63
2022-02-24,S003,P0013,Groceries,East,380,85,0,67.63,15,Snowy,1,81.02,Winter,0,126
2022-02-24,S003,P0014,Groceries,East,114,31,0,69.05,5,Snowy,0,77.82,Winter,0,27
2022-02-24,S003,P0015,Groceries,East,626,128,0,100.37,15,Snowy,1,87.43,Winter,0,142
2022-02-24,S003,P0016,Electronics,East,524,48,0,91.52,0,Snowy,0,83.04,Winter,0,55
2022-02-24,S003,P0017,Furniture,East,724,70,0,125.49,0,Snowy,0,120.06,Winter,0,69
2022-02-24,S003,P0018,Furniture,East,240,51,0,121.11,5,Snowy,0,145.91,Winter,0,60
2022-02-24,S003,P0019,Groceries,East,92,92,149,60.09,5,Snowy,0,58.27,Winter,0,125
2022-02-24,S003,P0020,Clothing,East,349,234,0,88.27,20,Snowy,1,79.01,Winter,0,218
2022-02-24,S004,P0001,Groceries,West,153,72,0,9.03,25,Cloudy,1,8.33,Winter,0,107
2022-02-24,S004,P0002,Groceries,West,391,126,0,19.85,20,Cloudy,1,18.71,Winter,0,147
2022-02-24,S004,P0003,Furniture,West,326,39,0,129.9,0,Cloudy,0,117.11,Winter,0,42
2022-02-24,S004,P0004,Groceries,West,237,181,0,63.17,10,Cloudy,1,59.75,Winter,0,171
2022-02-24,S004,P0005,Clothing,West,195,135,132,84.25,5,Cloudy,0,91.98,Winter,0,160
2022-02-24,S004,P0006,Groceries,West,371,73,0,29.99,20,Cloudy,1,26.53,Winter,0,90
2022-02-24,S004,P0007,Groceries,West,507,55,0,24.73,5,Cloudy,0,21.74,Winter,0,56
2022-02-24,S004,P0008,Furniture,West,49,49,67,101.13,0,Cloudy,0,108.29,Winter,0,82
2022-02-24,S004,P0009,Clothing,West,383,67,0,108.53,5,Cloudy,0,115.84,Winter,0,92
2022-02-24,S004,P0010,Groceries,West,615,81,0,23.73,5,Cloudy,0,26.73,Winter,0,87
2022-02-24,S004,P0011,Clothing,West,37,37,664,69.61,10,Cloudy,1,80.29,Winter,0,184
2022-02-24,S004,P0012,Electronics,West,132,85,0,114.54,0,Cloudy,0,104.35,Winter,0,78
2022-02-24,S004,P0013,Groceries,West,393,195,0,23.1,15,Cloudy,1,20.66,Winter,0,176
2022-02-24,S004,P0014,Furniture,West,71,71,0,164.93,10,Cloudy,0,141.61,Winter,0,85
2022-02-24,S004,P0015,Furniture,West,605,96,0,79.99,25,Cloudy,1,91.74,Winter,0,102
2022-02-24,S004,P0016,Furniture,West,241,51,0,120.35,0,Cloudy,0,143.36,Winter,0,80
2022-02-24,S004,P0017,Clothing,West,130,130,122,96.39,10,Cloudy,0,102.42,Winter,0,125
2022-02-24,S004,P0018,Furniture,West,151,69,110,175.05,5,Cloudy,0,160.84,Winter,0,98
2022-02-24,S004,P0019,Clothing,West,168,127,136,66.33,5,Cloudy,0,64.86,Winter,0,127
2022-02-24,S004,P0020,Furniture,West,219,60,0,106.56,15,Cloudy,1,116.4,Winter,0,62
2022-02-24,S005,P0001,Groceries,North,417,173,0,12.95,15,Snowy,1,14.08,Winter,0,179
2022-02-24,S005,P0002,Electronics,North,368,88,342,39.02,15,Snowy,1,46.55,Winter,0,127
2022-02-24,S005,P0003,Toys,North,125,61,93,28.93,10,Snowy,0,27.53,Winter,0,98
2022-02-24,S005,P0004,Groceries,North,125,103,137,7.65,15,Snowy,1,7.02,Winter,0,132
2022-02-24,S005,P0005,Groceries,North,328,81,0,15.02,0,Snowy,0,16.97,Winter,0,74
2022-02-24,S005,P0006,Groceries,North,246,110,0,52.44,20,Snowy,1,58.09,Winter,0,129
2022-02-24,S005,P0007,Groceries,North,278,58,0,65.35,5,Snowy,0,76.84,Winter,0,49
2022-02-24,S005,P0008,Groceries,North,204,53,0,53.96,10,Snowy,0,61.56,Winter,0,84
2022-02-24,S005,P0009,Groceries,North,329,100,0,99.43,0,Snowy,0,93.03,Winter,0,93
2022-02-24,S005,P0010,Groceries,North,465,66,0,55.45,0,Snowy,0,49.57,Winter,0,62
2022-02-24,S005,P0011,Electronics,North,639,159,0,73.74,25,Snowy,1,64.31,Winter,0,143
2022-02-24,S005,P0012,Furniture,North,294,58,0,109.75,10,Snowy,0,129.69,Winter,0,59
2022-02-24,S005,P0013,Groceries,North,504,173,653,76.74,20,Snowy,1,82.47,Winter,0,185
2022-02-24,S005,P0014,Furniture,North,226,59,0,157.08,5,Snowy,0,148.64,Winter,0,60
2022-02-24,S005,P0015,Groceries,North,244,91,202,44.63,15,Snowy,1,38.65,Winter,0,96
2022-02-24,S005,P0016,Toys,North,422,89,0,33.48,10,Snowy,0,32.21,Winter,0,98
2022-02-24,S005,P0017,Toys,North,190,57,0,34.14,0,Snowy,0,39.02,Winter,0,67
2022-02-24,S005,P0018,Clothing,North,263,32,0,16.02,10,Snowy,0,13.88,Winter,0,28
2022-02-24,S005,P0019,Furniture,North,290,135,0,159.41,5,Snowy,0,148.99,Winter,0,114
2022-02-24,S005,P0020,Toys,North,128,125,124,25.73,25,Snowy,1,28.87,Winter,0,128
2022-02-25,S001,P0001,Electronics,North,237,111,243,77.73,0,Snowy,0,88.92,Winter,0,120
2022-02-25,S001,P0002,Clothing,North,142,136,115,74.14,0,Snowy,0,72.62,Winter,0,119
2022-02-25,S001,P0003,Clothing,North,825,141,0,55.97,10,Snowy,0,67.26,Winter,0,134
2022-02-25,S001,P0004,Electronics,North,448,57,0,84.64,10,Snowy,0,94.52,Winter,0,56
2022-02-25,S001,P0005,Groceries,North,135,114,0,70.8,10,Snowy,1,63.05,Winter,0,177
2022-02-25,S001,P0006,Toys,North,188,95,0,36.79,10,Snowy,0,44.41,Winter,0,94
2022-02-25,S001,P0007,Groceries,North,840,128,0,25.7,0,Snowy,0,27.93,Winter,0,109
2022-02-25,S001,P0008,Electronics,North,82,82,81,39.88,15,Snowy,1,39.53,Winter,0,93
2022-02-25,S001,P0009,Clothing,North,162,102,125,101.12,0,Snowy,0,86.26,Winter,0,118
2022-02-25,S001,P0010,Furniture,North,329,30,0,116.47,5,Snowy,0,104.36,Winter,0,49
2022-02-25,S001,P0011,Furniture,North,183,65,0,153.8,10,Snowy,0,162.27,Winter,0,89
2022-02-25,S001,P0012,Groceries,North,154,138,0,79.71,10,Snowy,1,88.91,Winter,0,119
2022-02-25,S001,P0013,Toys,North,227,103,0,27.52,25,Snowy,1,25.15,Winter,0,110
2022-02-25,S001,P0014,Groceries,North,63,63,0,76.63,0,Snowy,0,85.91,Winter,0,114
2022-02-25,S001,P0015,Toys,North,173,64,0,15.34,0,Snowy,0,14.01,Winter,0,67
2022-02-25,S001,P0016,Groceries,North,473,127,0,41.96,5,Snowy,0,48.7,Winter,0,140
2022-02-25,S001,P0017,Toys,North,49,49,96,19.47,10,Snowy,0,22.33,Winter,0,80
2022-02-25,S001,P0018,Groceries,North,125,124,109,54.39,15,Snowy,1,61.25,Winter,0,114
2022-02-25,S001,P0019,Furniture,North,111,45,56,96.74,10,Snowy,0,109.22,Winter,0,61
2022-02-25,S001,P0020,Furniture,North,250,114,0,130.47,5,Snowy,0,123.77,Winter,0,101
2022-02-25,S002,P0001,Groceries,South,181,93,267,78.41,5,Cloudy,0,87.44,Winter,0,104
2022-02-25,S002,P0002,Toys,South,243,103,0,42.91,0,Cloudy,0,37.27,Winter,0,164
2022-02-25,S002,P0003,Groceries,South,382,145,0,85.62,10,Cloudy,0,73.05,Winter,0,133
2022-02-25,S002,P0004,Groceries,South,0,0,0,38.01,5,Cloudy,0,37.26,Winter,0,68
2022-02-25,S002,P0005,Electronics,South,345,54,0,73.26,15,Cloudy,1,73.14,Winter,0,60
2022-02-25,S002,P0006,Clothing,South,127,73,87,62.94,5,Cloudy,0,74.06,Winter,0,98
2022-02-25,S002,P0007,Toys,South,379,71,317,29.33,0,Cloudy,0,31.3,Winter,0,104
2022-02-25,S002,P0008,Groceries,South,168,116,140,23.81,15,Cloudy,1,25.82,Winter,0,124
2022-02-25,S002,P0009,Groceries,South,266,137,315,70.41,5,Cloudy,0,69.27,Winter,0,137
2022-02-25,S002,P0010,Groceries,South,98,98,130,90.52,5,Cloudy,0,96.56,Winter,0,120
2022-02-25,S002,P0011,Groceries,South,678,112,0,105.54,0,Cloudy,0,120.84,Winter,0,131
2022-02-25,S002,P0012,Electronics,South,545,132,386,55.83,25,Cloudy,1,60.0,Winter,0,120
2022-02-25,S002,P0013,Groceries,South,653,118,0,18.07,25,Cloudy,1,19.56,Winter,0,124
2022-02-25,S002,P0014,Electronics,South,232,63,0,123.29,0,Cloudy,0,140.28,Winter,0,91
2022-02-25,S002,P0015,Clothing,South,345,93,0,72.74,0,Cloudy,0,71.8,Winter,0,98
2022-02-25,S002,P0016,Clothing,South,278,76,0,81.19,5,Cloudy,0,94.25,Winter,0,85
2022-02-25,S002,P0017,Toys,South,641,68,0,21.37,0,Cloudy,0,21.17,Winter,0,86
2022-02-25,S002,P0018,Clothing,South,111,10,0,19.09,10,Cloudy,1,17.31,Winter,0,13
2022-02-25,S002,P0019,Clothing,South,304,94,0,86.37,5,Cloudy,0,85.64,Winter,0,91
2022-02-25,S002,P0020,Furniture,South,607,94,0,127.47,5,Cloudy,0,137.6,Winter,0,84
2022-02-25,S003,P0001,Toys,East,189,77,193,16.58,5,Cloudy,0,14.16,Winter,0,91
2022-02-25,S003,P0002,Groceries,East,582,155,0,68.57,5,Cloudy,0,64.6,Winter,0,164
2022-02-25,S003,P0003,Electronics,East,117,117,99,84.05,10,Cloudy,0,89.87,Winter,0,108
2022-02-25,S003,P0004,Groceries,East,383,173,435,28.62,0,Cloudy,0,25.22,Winter,0,151
2022-02-25,S003,P0005,Toys,East,256,112,0,19.67,20,Cloudy,1,18.12,Winter,0,104
2022-02-25,S003,P0006,Toys,East,102,102,153,41.31,10,Cloudy,0,44.95,Winter,0,146
2022-02-25,S003,P0007,Groceries,East,588,38,0,14.21,0,Cloudy,0,13.76,Winter,0,46
2022-02-25,S003,P0008,Clothing,East,416,146,0,130.71,10,Cloudy,1,129.03,Winter,0,153
2022-02-25,S003,P0009,Groceries,East,73,73,82,48.85,10,Cloudy,0,58.53,Winter,0,98
2022-02-25,S003,P0010,Groceries,East,94,23,0,29.1,5,Cloudy,0,28.4,Winter,0,20
2022-02-25,S003,P0011,Electronics,East,218,109,310,139.35,5,Cloudy,0,135.08,Winter,0,133
2022-02-25,S003,P0012,Furniture,East,120,95,212,92.32,15,Cloudy,1,109.17,Winter,0,102
2022-02-25,S003,P0013,Groceries,East,1178,177,0,71.74,25,Cloudy,1,61.81,Winter,0,173
2022-02-25,S003,P0014,Groceries,East,474,74,0,89.18,5,Cloudy,0,103.34,Winter,0,94
2022-02-25,S003,P0015,Groceries,East,498,86,437,95.68,10,Cloudy,0,108.09,Winter,0,123
2022-02-25,S003,P0016,Electronics,East,476,80,0,86.86,10,Cloudy,0,93.04,Winter,0,84
2022-02-25,S003,P0017,Furniture,East,654,64,0,126.13,0,Cloudy,0,139.11,Winter,0,85
2022-02-25,S003,P0018,Furniture,East,189,60,0,113.32,20,Cloudy,1,125.55,Winter,0,89
2022-02-25,S003,P0019,Groceries,East,149,42,0,39.7,10,Cloudy,0,46.44,Winter,0,37
2022-02-25,S003,P0020,Clothing,East,115,87,0,66.56,10,Cloudy,0,70.82,Winter,0,94
2022-02-25,S004,P0001,Groceries,West,81,81,0,11.21,5,Snowy,0,9.84,Winter,0,101
2022-02-25,S004,P0002,Groceries,West,265,51,0,15.17,10,Snowy,0,16.91,Winter,0,47
2022-02-25,S004,P0003,Furniture,West,287,66,222,147.86,0,Snowy,0,141.66,Winter,0,76
2022-02-25,S004,P0004,Groceries,West,56,56,0,54.51,5,Snowy,0,60.46,Winter,0,118
2022-02-25,S004,P0005,Clothing,West,192,70,0,61.05,20,Snowy,1,55.24,Winter,0,93
2022-02-25,S004,P0006,Groceries,West,298,136,274,37.27,5,Snowy,0,42.41,Winter,0,120
2022-02-25,S004,P0007,Groceries,West,452,46,0,24.99,10,Snowy,0,21.63,Winter,0,73
2022-02-25,S004,P0008,Furniture,West,67,67,135,89.91,25,Snowy,1,89.61,Winter,0,118
2022-02-25,S004,P0009,Clothing,West,316,119,441,139.27,0,Snowy,0,135.75,Winter,0,139
2022-02-25,S004,P0010,Groceries,West,534,45,0,23.37,5,Snowy,0,23.31,Winter,0,68
2022-02-25,S004,P0011,Clothing,West,483,59,0,54.18,5,Snowy,0,64.78,Winter,0,82
2022-02-25,S004,P0012,Electronics,West,47,47,127,107.77,20,Snowy,1,96.56,Winter,0,128
2022-02-25,S004,P0013,Groceries,West,843,120,0,16.83,25,Snowy,1,16.74,Winter,0,109
2022-02-25,S004,P0014,Furniture,West,264,80,0,164.71,0,Snowy,0,178.89,Winter,0,70
2022-02-25,S004,P0015,Furniture,West,509,71,0,100.71,10,Snowy,0,86.76,Winter,0,101
2022-02-25,S004,P0016,Furniture,West,513,102,0,130.54,0,Snowy,0,141.01,Winter,0,104
2022-02-25,S004,P0017,Clothing,West,122,60,58,92.2,0,Snowy,0,82.85,Winter,0,65
2022-02-25,S004,P0018,Furniture,West,192,111,0,173.21,10,Snowy,1,157.69,Winter,0,111
2022-02-25,S004,P0019,Clothing,West,177,68,0,61.78,0,Snowy,0,71.25,Winter,0,104
2022-02-25,S004,P0020,Furniture,West,159,77,251,146.19,5,Snowy,0,145.03,Winter,0,107
2022-02-25,S005,P0001,Groceries,North,244,130,195,11.38,10,Snowy,0,13.4,Winter,0,114
2022-02-25,S005,P0002,Electronics,North,280,88,0,39.09,10,Snowy,0,34.72,Winter,0,93
2022-02-25,S005,P0003,Toys,North,157,56,0,23.9,10,Snowy,0,28.19,Winter,0,58
2022-02-25,S005,P0004,Groceries,North,159,64,97,6.9,10,Snowy,0,6.55,Winter,0,82
2022-02-25,S005,P0005,Groceries,North,247,159,277,18.04,10,Snowy,1,20.93,Winter,0,167
2022-02-25,S005,P0006,Groceries,North,136,84,0,57.98,5,Snowy,0,65.39,Winter,0,106
2022-02-25,S005,P0007,Groceries,North,220,108,203,72.55,10,Snowy,0,84.51,Winter,0,92
2022-02-25,S005,P0008,Groceries,North,151,87,122,60.96,15,Snowy,1,67.24,Winter,0,141
2022-02-25,S005,P0009,Groceries,North,229,80,0,93.73,10,Snowy,0,84.66,Winter,0,108
2022-02-25,S005,P0010,Groceries,North,399,23,0,45.19,5,Snowy,0,41.39,Winter,0,24
2022-02-25,S005,P0011,Electronics,North,480,70,0,75.97,5,Snowy,0,88.0,Winter,0,93
2022-02-25,S005,P0012,Furniture,North,236,123,0,127.74,15,Snowy,1,114.53,Winter,0,103
2022-02-25,S005,P0013,Groceries,North,331,93,0,76.45,10,Snowy,1,86.52,Winter,0,141
2022-02-25,S005,P0014,Furniture,North,167,103,0,173.5,5,Snowy,0,157.41,Winter,0,88
2022-02-25,S005,P0015,Groceries,North,153,116,0,53.33,0,Snowy,0,47.19,Winter,0,101
2022-02-25,S005,P0016,Toys,North,333,87,0,31.46,10,Snowy,0,29.88,Winter,0,79
2022-02-25,S005,P0017,Toys,North,133,53,60,33.69,5,Snowy,0,31.3,Winter,0,63
2022-02-25,S005,P0018,Clothing,North,231,205,203,31.03,10,Snowy,1,30.88,Winter,0,246
2022-02-25,S005,P0019,Furniture,North,155,54,118,115.33,10,Snowy,0,127.84,Winter,0,52
2022-02-25,S005,P0020,Toys,North,127,57,72,28.61,0,Snowy,0,32.74,Winter,0,73
2022-02-26,S001,P0001,Electronics,North,126,73,0,68.03,5,Cloudy,0,67.23,Winter,0,79
2022-02-26,S001,P0002,Clothing,North,121,121,230,99.74,0,Cloudy,0,95.74,Winter,0,231
2022-02-26,S001,P0003,Clothing,North,684,104,0,51.94,10,Cloudy,0,50.56,Winter,0,94
2022-02-26,S001,P0004,Electronics,North,391,102,0,105.33,10,Cloudy,0,102.27,Winter,0,104
2022-02-26,S001,P0005,Groceries,North,788,155,0,65.64,0,Cloudy,0,71.71,Winter,0,130
2022-02-26,S001,P0006,Toys,North,456,54,0,31.63,10,Cloudy,0,34.69,Winter,0,52
2022-02-26,S001,P0007,Groceries,North,712,97,0,27.07,5,Cloudy,0,28.6,Winter,0,143
2022-02-26,S001,P0008,Electronics,North,81,81,153,42.9,15,Cloudy,1,46.74,Winter,0,132
2022-02-26,S001,P0009,Clothing,North,185,185,181,113.47,5,Cloudy,0,97.29,Winter,0,177
2022-02-26,S001,P0010,Furniture,North,299,68,283,91.67,25,Cloudy,1,105.98,Winter,0,61
2022-02-26,S001,P0011,Furniture,North,359,128,0,185.14,5,Cloudy,0,176.18,Winter,0,114
2022-02-26,S001,P0012,Groceries,North,290,118,229,87.01,5,Cloudy,0,97.24,Winter,0,130
2022-02-26,S001,P0013,Toys,North,124,113,148,32.0,25,Cloudy,1,30.59,Winter,0,161
2022-02-26,S001,P0014,Groceries,North,533,81,0,67.43,10,Cloudy,0,64.07,Winter,0,91
2022-02-26,S001,P0015,Toys,North,109,58,61,15.42,0,Cloudy,0,13.65,Winter,0,69
2022-02-26,S001,P0016,Groceries,North,346,76,0,30.27,20,Cloudy,1,27.21,Winter,0,76
2022-02-26,S001,P0017,Toys,North,96,51,0,18.37,10,Cloudy,0,16.52,Winter,0,51
2022-02-26,S001,P0018,Groceries,North,110,110,111,49.43,25,Cloudy,1,54.88,Winter,0,124
2022-02-26,S001,P0019,Furniture,North,122,61,89,102.93,10,Cloudy,0,118.41,Winter,0,78
2022-02-26,S001,P0020,Furniture,North,136,98,479,124.99,5,Cloudy,0,136.3,Winter,0,104
2022-02-26,S002,P0001,Groceries,South,88,75,0,82.94,10,Cloudy,0,72.09,Winter,0,122
2022-02-26,S002,P0002,Toys,South,336,65,0,34.02,0,Cloudy,0,36.44,Winter,0,103
2022-02-26,S002,P0003,Groceries,South,237,88,0,76.6,5,Cloudy,0,85.27,Winter,0,97
2022-02-26,S002,P0004,Groceries,South,547,176,471,50.95,5,Cloudy,0,45.17,Winter,0,161
2022-02-26,S002,P0005,Electronics,South,291,39,0,81.95,0,Cloudy,0,94.22,Winter,0,61
2022-02-26,S002,P0006,Clothing,South,141,141,182,74.85,10,Cloudy,0,68.86,Winter,0,156
2022-02-26,S002,P0007,Toys,South,308,73,0,23.35,10,Cloudy,0,26.17,Winter,0,68
2022-02-26,S002,P0008,Groceries,South,192,119,0,22.79,25,Cloudy,1,21.88,Winter,0,134
2022-02-26,S002,P0009,Groceries,South,129,91,0,59.95,5,Cloudy,0,51.0,Winter,0,86
2022-02-26,S002,P0010,Groceries,South,130,130,106,73.1,25,Cloudy,1,77.83,Winter,0,127
2022-02-26,S002,P0011,Groceries,South,566,78,0,96.12,5,Cloudy,0,94.29,Winter,0,101
2022-02-26,S002,P0012,Electronics,South,413,33,0,61.68,0,Cloudy,0,60.23,Winter,0,51
2022-02-26,S002,P0013,Groceries,South,535,200,581,24.45,15,Cloudy,1,25.85,Winter,0,188
2022-02-26,S002,P0014,Electronics,South,536,120,0,119.16,10,Cloudy,0,133.67,Winter,0,113
2022-02-26,S002,P0015,Clothing,South,252,37,0,57.09,10,Cloudy,0,54.58,Winter,0,59
2022-02-26,S002,P0016,Clothing,South,202,75,0,63.28,25,Cloudy,1,70.87,Winter,0,81
2022-02-26,S002,P0017,Toys,South,573,76,0,17.12,10,Cloudy,0,18.31,Winter,0,67
2022-02-26,S002,P0018,Clothing,South,101,48,61,20.45,15,Cloudy,1,23.36,Winter,0,55
2022-02-26,S002,P0019,Clothing,South,885,146,0,117.26,0,Cloudy,0,112.48,Winter,0,177
2022-02-26,S002,P0020,Furniture,South,513,16,0,112.68,0,Cloudy,0,101.08,Winter,0,26
2022-02-26,S003,P0001,Toys,East,112,100,0,14.9,10,Cloudy,0,16.9,Winter,0,90
2022-02-26,S003,P0002,Groceries,East,427,115,0,54.44,10,Cloudy,0,54.07,Winter,0,104
2022-02-26,S003,P0003,Electronics,East,99,86,83,85.97,10,Cloudy,0,79.91,Winter,0,99
2022-02-26,S003,P0004,Groceries,East,210,148,0,22.94,10,Cloudy,0,27.09,Winter,0,129
2022-02-26,S003,P0005,Toys,East,144,80,0,21.75,0,Cloudy,0,26.12,Winter,0,83
2022-02-26,S003,P0006,Toys,East,153,84,107,42.93,0,Cloudy,0,38.45,Winter,0,107
2022-02-26,S003,P0007,Groceries,East,550,173,624,19.13,0,Cloudy,0,20.98,Winter,0,151
2022-02-26,S003,P0008,Clothing,East,270,149,268,130.59,10,Cloudy,1,117.33,Winter,0,153
2022-02-26,S003,P0009,Groceries,East,82,20,0,40.3,5,Cloudy,0,34.85,Winter,0,20
2022-02-26,S003,P0010,Groceries,East,71,71,129,36.48,15,Cloudy,1,42.01,Winter,0,127
2022-02-26,S003,P0011,Electronics,East,109,109,0,146.71,0,Cloudy,0,171.1,Winter,0,151
2022-02-26,S003,P0012,Furniture,East,167,70,0,92.2,10,Cloudy,0,104.31,Winter,0,85
2022-02-26,S003,P0013,Groceries,East,1001,166,0,82.17,10,Cloudy,1,77.85,Winter,0,156
2022-02-26,S003,P0014,Groceries,East,400,148,528,113.34,5,Cloudy,0,98.75,Winter,0,156
2022-02-26,S003,P0015,Groceries,East,412,163,0,110.29,10,Cloudy,0,100.0,Winter,0,155
2022-02-26,S003,P0016,Electronics,East,396,66,0,81.24,20,Cloudy,1,86.3,Winter,0,99
2022-02-26,S003,P0017,Furniture,East,590,67,0,113.67,5,Cloudy,0,102.04,Winter,0,56
2022-02-26,S003,P0018,Furniture,East,527,104,0,113.51,25,Cloudy,1,101.62,Winter,0,93
2022-02-26,S003,P0019,Groceries,East,107,104,150,64.97,5,Cloudy,0,64.56,Winter,0,152
2022-02-26,S003,P0020,Clothing,East,28,28,0,75.6,5,Cloudy,0,72.54,Winter,0,100
2022-02-26,S004,P0001,Groceries,West,481,52,0,9.27,0,Snowy,0,9.95,Winter,0,48
2022-02-26,S004,P0002,Groceries,West,214,121,251,21.85,0,Snowy,0,21.6,Winter,0,105
2022-02-26,S004,P0003,Furniture,West,221,70,0,125.87,5,Snowy,0,137.7,Winter,0,60
2022-02-26,S004,P0004,Groceries,West,569,118,0,55.33,0,Snowy,0,60.06,Winter,0,107
2022-02-26,S004,P0005,Clothing,West,122,77,101,64.67,10,Snowy,0,74.31,Winter,0,91
2022-02-26,S004,P0006,Groceries,West,162,101,0,37.82,0,Snowy,0,37.29,Winter,0,93
2022-02-26,S004,P0007,Groceries,West,1025,109,0,30.98,10,Snowy,0,29.43,Winter,0,140
2022-02-26,S004,P0008,Furniture,West,135,98,105,88.73,15,Snowy,1,96.82,Winter,0,91
2022-02-26,S004,P0009,Clothing,West,197,79,0,122.8,0,Snowy,0,143.2,Winter,0,114
2022-02-26,S004,P0010,Groceries,West,489,63,0,24.08,10,Snowy,1,21.09,Winter,0,92
2022-02-26,S004,P0011,Clothing,West,424,176,0,75.45,0,Snowy,0,68.31,Winter,0,156
2022-02-26,S004,P0012,Electronics,West,127,63,0,101.86,5,Snowy,0,117.07,Winter,0,74
2022-02-26,S004,P0013,Groceries,West,723,136,0,25.17,10,Snowy,1,29.44,Winter,0,207
2022-02-26,S004,P0014,Furniture,West,184,62,123,161.9,0,Snowy,0,178.65,Winter,0,65
2022-02-26,S004,P0015,Furniture,West,438,45,0,84.21,10,Snowy,0,71.74,Winter,0,51
2022-02-26,S004,P0016,Furniture,West,411,86,0,116.48,15,Snowy,1,133.99,Winter,0,119
2022-02-26,S004,P0017,Clothing,West,120,98,113,97.43,5,Snowy,0,87.1,Winter,0,95
2022-02-26,S004,P0018,Furniture,West,81,80,84,146.88,10,Snowy,1,164.54,Winter,0,77
2022-02-26,S004,P0019,Clothing,West,109,84,69,53.69,10,Snowy,0,53.54,Winter,0,79
2022-02-26,S004,P0020,Furniture,West,82,37,0,121.32,0,Snowy,0,104.98,Winter,0,41
2022-02-26,S005,P0001,Groceries,North,114,74,0,12.12,0,Cloudy,0,11.32,Winter,0,85
2022-02-26,S005,P0002,Electronics,North,192,82,0,39.58,0,Cloudy,0,44.97,Winter,0,81
2022-02-26,S005,P0003,Toys,North,101,68,93,27.32,5,Cloudy,0,30.1,Winter,0,80
2022-02-26,S005,P0004,Groceries,North,192,78,110,8.39,0,Cloudy,0,9.25,Winter,0,125
2022-02-26,S005,P0005,Groceries,North,88,69,0,15.39,0,Cloudy,0,14.78,Winter,0,66
2022-02-26,S005,P0006,Groceries,North,676,96,0,69.02,0,Cloudy,0,78.93,Winter,0,146
2022-02-26,S005,P0007,Groceries,North,112,91,0,80.76,0,Cloudy,0,96.62,Winter,0,93
2022-02-26,S005,P0008,Groceries,North,186,82,0,46.58,25,Cloudy,1,53.94,Winter,0,95
2022-02-26,S005,P0009,Groceries,North,506,92,0,103.98,5,Cloudy,0,95.05,Winter,0,123
2022-02-26,S005,P0010,Groceries,North,376,75,0,55.14,15,Cloudy,1,51.21,Winter,0,107
2022-02-26,S005,P0011,Electronics,North,410,46,0,66.15,10,Cloudy,0,74.13,Winter,0,69
2022-02-26,S005,P0012,Furniture,North,548,88,0,138.66,0,Cloudy,0,130.2,Winter,0,80
2022-02-26,S005,P0013,Groceries,North,238,105,0,69.13,25,Cloudy,1,63.27,Winter,0,151
2022-02-26,S005,P0014,Furniture,North,582,78,0,169.53,0,Cloudy,0,201.59,Winter,0,81
2022-02-26,S005,P0015,Groceries,North,239,77,206,48.78,5,Cloudy,0,48.04,Winter,0,90
2022-02-26,S005,P0016,Toys,North,246,186,442,37.04,20,Cloudy,1,33.76,Winter,0,172
2022-02-26,S005,P0017,Toys,North,140,48,63,34.45,5,Cloudy,0,33.41,Winter,0,70
2022-02-26,S005,P0018,Clothing,North,229,198,206,27.93,10,Cloudy,1,23.78,Winter,0,201
2022-02-26,S005,P0019,Furniture,North,101,71,169,129.32,10,Cloudy,0,137.91,Winter,0,83
2022-02-26,S005,P0020,Toys,North,142,97,133,29.31,10,Cloudy,0,33.69,Winter,0,111
2022-02-27,S001,P0001,Electronics,North,296,141,305,77.19,10,Sunny,0,92.65,Winter,0,153
2022-02-27,S001,P0002,Clothing,North,230,127,145,78.13,5,Sunny,0,90.87,Winter,0,173
2022-02-27,S001,P0003,Clothing,North,580,107,0,56.59,10,Sunny,0,51.28,Winter,0,121
2022-02-27,S001,P0004,Electronics,North,289,120,348,121.28,10,Sunny,1,138.48,Winter,0,169
2022-02-27,S001,P0005,Groceries,North,633,98,618,53.25,20,Sunny,1,63.49,Winter,0,135
2022-02-27,S001,P0006,Toys,North,402,173,446,37.32,25,Sunny,1,43.79,Winter,0,158
2022-02-27,S001,P0007,Groceries,North,615,86,558,25.23,10,Sunny,1,26.69,Winter,0,137
2022-02-27,S001,P0008,Electronics,North,153,92,0,44.71,5,Sunny,0,47.95,Winter,0,109
2022-02-27,S001,P0009,Clothing,North,181,100,110,79.98,25,Sunny,1,78.57,Winter,0,136
2022-02-27,S001,P0010,Furniture,North,231,66,0,116.17,10,Sunny,1,134.97,Winter,0,76
2022-02-27,S001,P0011,Furniture,North,231,17,0,127.65,0,Sunny,0,150.47,Winter,0,15
2022-02-27,S001,P0012,Groceries,North,172,152,457,97.16,15,Sunny,1,107.5,Winter,0,213
2022-02-27,S001,P0013,Toys,North,159,159,249,40.09,15,Sunny,1,45.4,Winter,0,221
2022-02-27,S001,P0014,Groceries,North,452,100,543,73.28,15,Sunny,1,83.84,Winter,0,153
2022-02-27,S001,P0015,Toys,North,112,62,92,14.29,10,Sunny,0,12.58,Winter,0,77
2022-02-27,S001,P0016,Groceries,North,270,179,426,34.51,25,Sunny,1,38.78,Winter,0,154
2022-02-27,S001,P0017,Toys,North,45,45,102,20.73,15,Sunny,1,19.64,Winter,0,100
2022-02-27,S001,P0018,Groceries,North,111,84,110,63.35,5,Sunny,0,54.08,Winter,0,111
2022-02-27,S001,P0019,Furniture,North,150,30,0,98.65,0,Sunny,0,117.29,Winter,0,39
2022-02-27,S001,P0020,Furniture,North,38,38,0,139.7,0,Sunny,0,162.05,Winter,0,123
2022-02-27,S002,P0001,Groceries,South,217,95,0,74.08,10,Snowy,0,86.72,Winter,0,103
2022-02-27,S002,P0002,Toys,South,271,78,275,35.53,0,Snowy,0,41.12,Winter,0,117
2022-02-27,S002,P0003,Groceries,South,760,105,0,80.41,5,Snowy,0,74.29,Winter,0,96
2022-02-27,S002,P0004,Groceries,South,371,116,0,38.22,15,Snowy,1,32.91,Winter,0,102
2022-02-27,S002,P0005,Electronics,South,252,108,0,82.67,15,Snowy,1,94.16,Winter,0,110
2022-02-27,S002,P0006,Clothing,South,182,168,271,81.49,15,Snowy,1,95.93,Winter,0,234
2022-02-27,S002,P0007,Toys,South,235,55,0,20.82,25,Snowy,1,18.31,Winter,0,73
2022-02-27,S002,P0008,Groceries,South,73,73,160,31.04,5,Snowy,0,30.81,Winter,0,160
2022-02-27,S002,P0009,Groceries,South,353,157,280,60.67,25,Snowy,1,53.53,Winter,0,168
2022-02-27,S002,P0010,Groceries,South,106,106,94,79.57,20,Snowy,1,76.85,Winter,0,117
2022-02-27,S002,P0011,Groceries,South,488,86,0,79.78,10,Snowy,0,90.92,Winter,0,77
2022-02-27,S002,P0012,Electronics,South,380,41,0,48.67,20,Snowy,1,57.55,Winter,0,60
2022-02-27,S002,P0013,Groceries,South,335,93,0,21.67,15,Snowy,1,19.15,Winter,0,126
2022-02-27,S002,P0014,Electronics,South,416,138,616,113.04,25,Snowy,1,126.35,Winter,0,157
2022-02-27,S002,P0015,Clothing,South,215,99,0,77.48,0,Snowy,0,91.23,Winter,0,134
2022-02-27,S002,P0016,Clothing,South,127,127,262,85.24,25,Snowy,1,75.17,Winter,0,161
2022-02-27,S002,P0017,Toys,South,497,190,602,21.92,20,Snowy,1,20.46,Winter,0,167
2022-02-27,S002,P0018,Clothing,South,114,114,89,27.21,10,Snowy,0,25.55,Winter,0,105
2022-02-27,S002,P0019,Clothing,South,739,52,0,74.72,10,Snowy,0,85.59,Winter,0,80
2022-02-27,S002,P0020,Furniture,South,497,89,0,126.91,10,Snowy,0,119.16,Winter,0,84
2022-02-27,S003,P0001,Toys,East,205,74,203,16.42,10,Snowy,0,14.31,Winter,0,104
2022-02-27,S003,P0002,Groceries,East,312,35,0,46.4,5,Snowy,0,43.78,Winter,0,45
2022-02-27,S003,P0003,Electronics,East,96,96,99,100.62,0,Snowy,0,86.19,Winter,0,115
2022-02-27,S003,P0004,Groceries,East,62,62,619,29.76,15,Snowy,1,28.56,Winter,0,231
2022-02-27,S003,P0005,Toys,East,64,64,394,22.25,10,Snowy,1,25.51,Winter,0,122
2022-02-27,S003,P0006,Toys,East,176,59,0,30.09,25,Snowy,1,28.19,Winter,0,87
2022-02-27,S003,P0007,Groceries,East,377,46,0,13.3,15,Snowy,1,11.83,Winter,0,71
2022-02-27,S003,P0008,Clothing,East,121,121,0,130.99,0,Snowy,0,144.84,Winter,0,135
2022-02-27,S003,P0009,Groceries,East,62,62,162,53.95,25,Snowy,1,52.68,Winter,0,177
2022-02-27,S003,P0010,Groceries,East,129,101,106,34.58,10,Snowy,1,39.63,Winter,0,92
2022-02-27,S003,P0011,Electronics,East,310,44,0,112.26,0,Snowy,0,121.56,Winter,0,67
2022-02-27,S003,P0012,Furniture,East,309,67,0,86.26,15,Snowy,1,95.57,Winter,0,82
2022-02-27,S003,P0013,Groceries,East,835,104,0,68.96,20,Snowy,1,77.29,Winter,0,153
2022-02-27,S003,P0014,Groceries,East,252,87,0,95.92,10,Snowy,1,105.17,Winter,0,135
2022-02-27,S003,P0015,Groceries,East,249,71,0,90.59,10,Snowy,0,79.44,Winter,0,90
2022-02-27,S003,P0016,Electronics,East,330,214,336,106.26,20,Snowy,1,121.21,Winter,0,193
2022-02-27,S003,P0017,Furniture,East,523,60,0,91.82,25,Snowy,1,81.18,Winter,0,62
2022-02-27,S003,P0018,Furniture,East,423,80,0,127.98,10,Snowy,0,120.96,Winter,0,75
2022-02-27,S003,P0019,Groceries,East,153,66,0,51.02,5,Snowy,0,44.47,Winter,0,75
2022-02-27,S003,P0020,Clothing,East,626,61,0,74.14,0,Snowy,0,67.44,Winter,0,80
2022-02-27,S004,P0001,Groceries,West,1346,93,0,12.64,5,Sunny,0,11.19,Winter,0,140
2022-02-27,S004,P0002,Groceries,West,93,93,327,25.36,10,Sunny,0,21.8,Winter,0,194
2022-02-27,S004,P0003,Furniture,West,151,28,0,116.9,10,Sunny,0,108.99,Winter,0,42
2022-02-27,S004,P0004,Groceries,West,451,115,492,49.43,20,Sunny,1,58.96,Winter,0,143
2022-02-27,S004,P0005,Clothing,West,146,146,238,85.57,25,Sunny,1,94.57,Winter,0,264
2022-02-27,S004,P0006,Groceries,West,335,111,251,37.87,10,Sunny,1,45.2,Winter,0,144
2022-02-27,S004,P0007,Groceries,West,916,234,0,32.52,20,Sunny,1,30.13,Winter,0,202
2022-02-27,S004,P0008,Furniture,West,142,132,130,109.86,10,Sunny,0,103.54,Winter,0,124
2022-02-27,S004,P0009,Clothing,West,118,116,488,116.42,25,Sunny,1,99.53,Winter,0,179
2022-02-27,S004,P0010,Groceries,West,426,161,645,28.32,10,Sunny,1,25.36,Winter,0,144
2022-02-27,S004,P0011,Clothing,West,248,131,0,65.77,0,Sunny,0,76.7,Winter,0,126
2022-02-27,S004,P0012,Electronics,West,64,64,154,121.62,20,Sunny,1,119.36,Winter,0,171
2022-02-27,S004,P0013,Groceries,West,587,170,503,21.84,20,Sunny,1,19.08,Winter,0,177
2022-02-27,S004,P0014,Furniture,West,122,69,0,139.9,25,Sunny,1,128.19,Winter,0,90
2022-02-27,S004,P0015,Furniture,West,393,64,308,113.8,0,Sunny,0,105.87,Winter,0,106
2022-02-27,S004,P0016,Furniture,West,325,108,311,102.63,25,Sunny,1,113.94,Winter,0,119
2022-02-27,S004,P0017,Clothing,West,135,135,122,102.87,10,Sunny,1,116.42,Winter,0,147
2022-02-27,S004,P0018,Furniture,West,85,85,105,188.16,5,Sunny,0,184.43,Winter,0,120
2022-02-27,S004,P0019,Clothing,West,94,60,101,52.76,10,Sunny,0,55.58,Winter,0,88
2022-02-27,S004,P0020,Furniture,West,296,84,0,132.39,0,Sunny,0,159.25,Winter,0,77
2022-02-27,S005,P0001,Groceries,North,235,171,392,14.79,10,Sunny,0,13.38,Winter,0,188
2022-02-27,S005,P0002,Electronics,North,452,80,0,40.09,5,Sunny,0,45.76,Winter,0,100
2022-02-27,S005,P0003,Toys,North,126,91,175,32.25,10,Sunny,0,34.86,Winter,0,150
2022-02-27,S005,P0004,Groceries,North,224,168,223,10.06,10,Sunny,1,9.48,Winter,0,213
2022-02-27,S005,P0005,Groceries,North,296,104,285,17.63,15,Sunny,1,16.03,Winter,0,160
2022-02-27,S005,P0006,Groceries,North,1659,140,0,73.06,10,Sunny,1,83.16,Winter,0,208
2022-02-27,S005,P0007,Groceries,North,224,144,288,77.07,25,Sunny,1,90.37,Winter,0,174
2022-02-27,S005,P0008,Groceries,North,104,60,66,54.22,5,Sunny,0,52.34,Winter,0,57
2022-02-27,S005,P0009,Groceries,North,414,84,408,89.97,20,Sunny,1,84.48,Winter,0,133
2022-02-27,S005,P0010,Groceries,North,301,135,615,59.83,25,Sunny,1,53.39,Winter,0,179
2022-02-27,S005,P0011,Electronics,North,364,59,0,78.95,0,Sunny,0,75.11,Winter,0,75
2022-02-27,S005,P0012,Furniture,North,460,135,621,156.26,10,Sunny,1,155.77,Winter,0,151
2022-02-27,S005,P0013,Groceries,North,786,156,0,66.34,25,Sunny,1,63.35,Winter,0,137
2022-02-27,S005,P0014,Furniture,North,504,77,0,153.98,10,Sunny,1,171.67,Winter,0,84
2022-02-27,S005,P0015,Groceries,North,162,86,0,53.3,0,Sunny,0,50.76,Winter,0,101
2022-02-27,S005,P0016,Toys,North,60,60,611,42.23,10,Sunny,1,47.9,Winter,0,197
2022-02-27,S005,P0017,Toys,North,155,155,164,37.52,25,Sunny,1,32.53,Winter,0,174
2022-02-27,S005,P0018,Clothing,North,237,140,0,26.47,5,Sunny,0,25.51,Winter,0,160
2022-02-27,S005,P0019,Furniture,North,148,82,0,162.32,5,Sunny,0,142.03,Winter,0,120
2022-02-27,S005,P0020,Toys,North,178,74,0,31.81,0,Sunny,0,27.35,Winter,0,88
2022-02-28,S001,P0001,Electronics,North,155,112,0,62.36,20,Snowy,1,67.27,Winter,0,121
2022-02-28,S001,P0002,Clothing,North,248,56,0,56.27,10,Snowy,0,50.26,Winter,0,68
2022-02-28,S001,P0003,Clothing,North,473,95,615,54.92,10,Snowy,0,63.11,Winter,0,128
2022-02-28,S001,P0004,Electronics,North,169,54,0,95.04,10,Snowy,0,90.8,Winter,0,73
2022-02-28,S001,P0005,Groceries,North,535,100,0,65.03,5,Snowy,0,56.23,Winter,0,127
2022-02-28,S001,P0006,Toys,North,229,91,0,38.87,5,Snowy,0,46.75,Winter,0,94
2022-02-28,S001,P0007,Groceries,North,529,190,0,28.16,15,Snowy,1,29.67,Winter,0,199
2022-02-28,S001,P0008,Electronics,North,61,39,50,35.64,5,Snowy,0,42.83,Winter,0,46
2022-02-28,S001,P0009,Clothing,North,191,82,145,93.6,5,Snowy,0,106.74,Winter,0,127
2022-02-28,S001,P0010,Furniture,North,165,56,0,115.08,10,Snowy,1,99.51,Winter,0,60
2022-02-28,S001,P0011,Furniture,North,214,53,132,147.08,5,Snowy,0,157.14,Winter,0,62
2022-02-28,S001,P0012,Groceries,North,249,69,0,77.52,10,Snowy,0,66.63,Winter,0,95
2022-02-28,S001,P0013,Toys,North,249,77,0,30.36,10,Snowy,0,27.96,Winter,0,84
2022-02-28,S001,P0014,Groceries,North,352,95,0,70.84,5,Snowy,0,63.28,Winter,0,90
2022-02-28,S001,P0015,Toys,North,142,73,92,15.87,0,Snowy,0,18.66,Winter,0,91
2022-02-28,S001,P0016,Groceries,North,91,60,0,34.24,0,Snowy,0,40.86,Winter,0,62
2022-02-28,S001,P0017,Toys,North,102,83,135,20.61,20,Snowy,1,22.85,Winter,0,135
2022-02-28,S001,P0018,Groceries,North,137,95,121,56.06,20,Snowy,1,50.56,Winter,0,127
2022-02-28,S001,P0019,Furniture,North,120,66,0,102.34,10,Snowy,1,87.27,Winter,0,63
2022-02-28,S001,P0020,Furniture,North,332,76,0,121.4,5,Snowy,0,146.73,Winter,0,95
2022-02-28,S002,P0001,Groceries,South,389,142,449,80.6,25,Snowy,1,78.99,Winter,0,177
2022-02-28,S002,P0002,Toys,South,193,79,0,32.13,5,Snowy,0,28.25,Winter,0,86
2022-02-28,S002,P0003,Groceries,South,655,114,0,90.41,0,Snowy,0,84.92,Winter,0,116
2022-02-28,S002,P0004,Groceries,South,255,124,0,45.08,5,Snowy,0,47.91,Winter,0,136
2022-02-28,S002,P0005,Electronics,South,593,52,0,89.87,0,Snowy,0,100.75,Winter,0,86
2022-02-28,S002,P0006,Clothing,South,285,70,0,60.65,10,Snowy,0,56.64,Winter,0,88
2022-02-28,S002,P0007,Toys,South,497,80,0,25.17,10,Snowy,1,29.86,Winter,0,89
2022-02-28,S002,P0008,Groceries,South,160,72,109,24.71,10,Snowy,0,28.33,Winter,0,118
2022-02-28,S002,P0009,Groceries,South,196,76,0,66.54,0,Snowy,0,76.27,Winter,0,118
2022-02-28,S002,P0010,Groceries,South,94,94,102,79.45,15,Snowy,1,74.08,Winter,0,98
2022-02-28,S002,P0011,Groceries,South,402,120,421,97.71,5,Snowy,0,113.85,Winter,0,122
2022-02-28,S002,P0012,Electronics,South,339,78,0,67.71,5,Snowy,0,61.99,Winter,0,90
2022-02-28,S002,P0013,Groceries,South,242,68,0,18.19,10,Snowy,0,21.05,Winter,0,71
2022-02-28,S002,P0014,Electronics,South,278,61,0,110.46,10,Snowy,0,128.85,Winter,0,90
2022-02-28,S002,P0015,Clothing,South,659,79,0,74.4,5,Snowy,0,67.49,Winter,0,121
2022-02-28,S002,P0016,Clothing,South,0,0,0,80.35,0,Snowy,0,71.16,Winter,0,54
2022-02-28,S002,P0017,Toys,South,307,109,0,17.89,15,Snowy,1,21.62,Winter,0,96
2022-02-28,S002,P0018,Clothing,South,89,22,0,20.51,10,Snowy,1,19.06,Winter,0,29
2022-02-28,S002,P0019,Clothing,South,687,166,673,99.18,10,Snowy,1,108.12,Winter,0,173
2022-02-28,S002,P0020,Furniture,South,408,47,0,120.15,0,Snowy,0,137.97,Winter,0,54
2022-02-28,S003,P0001,Toys,East,131,91,0,15.37,15,Cloudy,1,13.18,Winter,0,101
2022-02-28,S003,P0002,Groceries,East,277,79,312,59.66,0,Cloudy,0,63.4,Winter,0,116
2022-02-28,S003,P0003,Electronics,East,99,99,119,96.88,5,Cloudy,0,92.94,Winter,0,120
2022-02-28,S003,P0004,Groceries,East,435,50,0,18.22,10,Cloudy,0,20.34,Winter,0,60
2022-02-28,S003,P0005,Toys,East,315,95,0,20.24,10,Cloudy,0,22.04,Winter,0,93
2022-02-28,S003,P0006,Toys,East,117,48,56,32.98,5,Cloudy,0,35.0,Winter,0,61
2022-02-28,S003,P0007,Groceries,East,331,154,0,15.84,25,Cloudy,1,14.24,Winter,0,168
2022-02-28,S003,P0008,Clothing,East,268,106,218,111.93,5,Cloudy,0,122.41,Winter,0,101
2022-02-28,S003,P0009,Groceries,East,162,84,0,53.77,5,Cloudy,0,58.4,Winter,0,111
2022-02-28,S003,P0010,Groceries,East,134,123,139,34.55,25,Cloudy,1,33.49,Winter,0,134
2022-02-28,S003,P0011,Electronics,East,266,73,258,124.45,5,Cloudy,0,138.24,Winter,0,113
2022-02-28,S003,P0012,Furniture,East,242,62,169,103.26,5,Cloudy,0,94.97,Winter,0,87
2022-02-28,S003,P0013,Groceries,East,731,75,0,70.03,5,Cloudy,0,84.1,Winter,0,102
2022-02-28,S003,P0014,Groceries,East,165,165,0,117.47,0,Cloudy,0,123.93,Winter,0,169
2022-02-28,S003,P0015,Groceries,East,178,59,0,89.36,10,Cloudy,0,78.01,Winter,0,86
2022-02-28,S003,P0016,Electronics,East,116,116,0,106.33,10,Cloudy,0,116.21,Winter,0,149
2022-02-28,S003,P0017,Furniture,East,463,91,0,96.88,25,Cloudy,1,93.39,Winter,0,77
2022-02-28,S003,P0018,Furniture,East,343,66,405,118.92,20,Cloudy,1,117.4,Winter,0,88
2022-02-28,S003,P0019,Groceries,East,87,87,200,54.31,25,Cloudy,1,50.96,Winter,0,173
2022-02-28,S003,P0020,Clothing,East,565,108,0,69.45,5,Cloudy,0,74.93,Winter,0,90
2022-02-28,S004,P0001,Groceries,West,1253,63,0,7.63,25,Cloudy,1,7.34,Winter,0,59
2022-02-28,S004,P0002,Groceries,West,251,92,0,19.01,5,Cloudy,0,22.94,Winter,0,94
2022-02-28,S004,P0003,Furniture,West,345,64,0,148.25,0,Cloudy,0,146.7,Winter,0,77
2022-02-28,S004,P0004,Groceries,West,336,145,0,65.25,0,Cloudy,0,75.05,Winter,0,163
2022-02-28,S004,P0005,Clothing,West,238,125,0,84.61,0,Cloudy,0,94.51,Winter,0,143
2022-02-28,S004,P0006,Groceries,West,224,106,0,36.26,5,Cloudy,0,40.14,Winter,0,111
2022-02-28,S004,P0007,Groceries,West,682,182,609,33.36,15,Cloudy,1,29.54,Winter,0,188
2022-02-28,S004,P0008,Furniture,West,140,92,126,108.44,10,Cloudy,0,94.1,Winter,0,119
2022-02-28,S004,P0009,Clothing,West,443,67,0,107.93,0,Cloudy,0,123.11,Winter,0,76
2022-02-28,S004,P0010,Groceries,West,265,177,0,28.81,10,Cloudy,1,27.1,Winter,0,150
2022-02-28,S004,P0011,Clothing,West,781,93,0,71.3,0,Cloudy,0,70.54,Winter,0,136
2022-02-28,S004,P0012,Electronics,West,154,68,0,104.73,0,Cloudy,0,115.17,Winter,0,68
2022-02-28,S004,P0013,Groceries,West,417,160,0,21.28,10,Cloudy,0,24.08,Winter,0,143
2022-02-28,S004,P0014,Furniture,West,176,94,203,183.16,10,Cloudy,0,156.5,Winter,0,117
2022-02-28,S004,P0015,Furniture,West,329,112,0,109.05,5,Cloudy,0,107.47,Winter,0,109
2022-02-28,S004,P0016,Furniture,West,217,103,0,122.5,5,Cloudy,0,138.29,Winter,0,100
2022-02-28,S004,P0017,Clothing,West,122,111,116,89.31,15,Cloudy,1,86.63,Winter,0,103
2022-02-28,S004,P0018,Furniture,West,105,68,86,151.45,15,Cloudy,1,167.83,Winter,0,103
2022-02-28,S004,P0019,Clothing,West,135,135,157,62.9,15,Cloudy,1,69.4,Winter,0,165
2022-02-28,S004,P0020,Furniture,West,212,46,0,114.6,10,Cloudy,0,97.72,Winter,0,53
2022-02-28,S005,P0001,Groceries,North,64,64,0,13.54,15,Snowy,1,11.69,Winter,0,176
2022-02-28,S005,P0002,Electronics,North,372,106,0,43.38,0,Snowy,0,36.95,Winter,0,93
2022-02-28,S005,P0003,Toys,North,210,92,0,29.08,5,Snowy,0,28.43,Winter,0,83
2022-02-28,S005,P0004,Groceries,North,279,64,0,6.51,10,Snowy,0,6.04,Winter,0,66
2022-02-28,S005,P0005,Groceries,North,192,108,0,14.84,10,Snowy,0,17.7,Winter,0,101
2022-02-28,S005,P0006,Groceries,North,1519,138,0,65.71,5,Snowy,0,72.46,Winter,0,147
2022-02-28,S005,P0007,Groceries,North,80,80,0,89.29,10,Snowy,1,88.1,Winter,0,143
2022-02-28,S005,P0008,Groceries,North,110,103,138,60.06,10,Snowy,0,68.88,Winter,0,117
2022-02-28,S005,P0009,Groceries,North,330,120,0,92.23,10,Snowy,0,89.58,Winter,0,103
2022-02-28,S005,P0010,Groceries,North,166,93,0,47.37,20,Snowy,1,41.35,Winter,0,80
2022-02-28,S005,P0011,Electronics,North,305,103,515,90.2,0,Snowy,0,86.29,Winter,0,115
2022-02-28,S005,P0012,Furniture,North,325,59,0,147.97,0,Snowy,0,134.29,Winter,0,99
2022-02-28,S005,P0013,Groceries,North,630,165,0,82.75,10,Snowy,0,76.79,Winter,0,150
2022-02-28,S005,P0014,Furniture,North,427,32,0,140.57,5,Snowy,0,165.48,Winter,0,45
2022-02-28,S005,P0015,Groceries,North,282,92,0,44.94,10,Snowy,0,44.94,Winter,0,82
2022-02-28,S005,P0016,Toys,North,0,0,0,41.36,5,Snowy,0,39.14,Winter,0,149
2022-02-28,S005,P0017,Toys,North,164,82,99,36.04,10,Snowy,1,43.24,Winter,0,114
2022-02-28,S005,P0018,Clothing,North,97,97,163,26.46,15,Snowy,1,26.04,Winter,0,202
2022-02-28,S005,P0019,Furniture,North,235,49,0,104.29,20,Snowy,1,123.21,Winter,0,56
2022-02-28,S005,P0020,Toys,North,104,95,82,30.63,5,Snowy,0,28.1,Winter,0,92
2022-03-01,S001,P0001,Electronics,North,348,89,283,75.76,10,Sunny,0,70.35,Spring,0,129
2022-03-01,S001,P0002,Clothing,North,192,58,0,46.36,25,Sunny,1,53.12,Spring,0,79
2022-03-01,S001,P0003,Clothing,North,378,97,0,47.44,10,Sunny,1,53.08,Spring,0,83
2022-03-01,S001,P0004,Electronics,North,463,101,0,105.05,10,Sunny,0,113.41,Spring,0,119
2022-03-01,S001,P0005,Groceries,North,435,100,0,51.42,10,Sunny,1,54.23,Spring,0,87
2022-03-01,S001,P0006,Toys,North,138,86,0,44.03,5,Sunny,0,40.33,Spring,0,116
2022-03-01,S001,P0007,Groceries,North,339,111,0,28.37,0,Sunny,0,27.48,Spring,0,124
2022-03-01,S001,P0008,Electronics,North,72,72,130,42.79,10,Sunny,0,50.35,Spring,0,113
2022-03-01,S001,P0009,Clothing,North,254,116,0,88.01,10,Sunny,0,94.72,Spring,0,124
2022-03-01,S001,P0010,Furniture,North,109,70,0,128.36,0,Sunny,0,138.44,Spring,0,75
2022-03-01,S001,P0011,Furniture,North,161,50,0,161.8,0,Sunny,0,187.5,Spring,0,74
2022-03-01,S001,P0012,Groceries,North,637,73,0,67.05,20,Sunny,1,62.0,Spring,0,86
2022-03-01,S001,P0013,Toys,North,172,172,216,43.56,15,Sunny,1,50.2,Spring,0,257
2022-03-01,S001,P0014,Groceries,North,257,187,0,99.45,10,Sunny,1,95.81,Spring,0,231
2022-03-01,S001,P0015,Toys,North,161,101,142,15.68,10,Sunny,0,16.74,Spring,0,120
2022-03-01,S001,P0016,Groceries,North,31,31,0,37.88,5,Sunny,0,40.92,Spring,0,106
2022-03-01,S001,P0017,Toys,North,154,70,0,21.67,5,Sunny,0,23.29,Spring,0,96
2022-03-01,S001,P0018,Groceries,North,163,149,243,76.43,10,Sunny,1,91.53,Spring,0,218
2022-03-01,S001,P0019,Furniture,North,54,54,103,121.92,0,Sunny,0,142.39,Spring,0,97
2022-03-01,S001,P0020,Furniture,North,256,59,0,136.15,0,Sunny,0,131.35,Spring,0,98
2022-03-01,S002,P0001,Groceries,South,247,80,0,76.45,10,Sunny,0,76.34,Spring,0,97
2022-03-01,S002,P0002,Toys,South,389,141,0,33.09,15,Sunny,1,39.29,Spring,0,148
2022-03-01,S002,P0003,Groceries,South,541,7,0,54.94,10,Sunny,1,53.61,Spring,0,12
2022-03-01,S002,P0004,Groceries,South,602,48,0,35.5,10,Sunny,0,41.08,Spring,0,78
2022-03-01,S002,P0005,Electronics,South,541,204,632,110.29,15,Sunny,1,106.67,Spring,0,195
2022-03-01,S002,P0006,Clothing,South,215,97,0,64.4,5,Sunny,0,72.33,Spring,0,105
2022-03-01,S002,P0007,Toys,South,417,89,0,27.87,5,Sunny,0,24.77,Spring,0,88
2022-03-01,S002,P0008,Groceries,South,197,156,148,34.29,0,Sunny,0,33.86,Spring,0,178
2022-03-01,S002,P0009,Groceries,South,400,81,0,69.74,5,Sunny,0,66.73,Spring,0,134
2022-03-01,S002,P0010,Groceries,South,102,39,50,76.94,0,Sunny,0,66.81,Spring,0,44
2022-03-01,S002,P0011,Groceries,South,282,84,0,96.91,10,Sunny,0,92.54,Spring,0,120
2022-03-01,S002,P0012,Electronics,South,647,193,627,76.62,10,Sunny,1,83.17,Spring,0,166
2022-03-01,S002,P0013,Groceries,South,755,84,0,22.74,10,Sunny,1,26.2,Spring,0,140
2022-03-01,S002,P0014,Electronics,South,217,115,0,94.95,25,Sunny,1,105.79,Spring,0,99
2022-03-01,S002,P0015,Clothing,South,580,64,0,58.14,10,Sunny,0,55.02,Spring,0,64
2022-03-01,S002,P0016,Clothing,South,262,82,186,94.47,5,Sunny,0,88.48,Spring,0,115
2022-03-01,S002,P0017,Toys,South,198,154,0,26.53,10,Sunny,0,24.63,Spring,0,196
2022-03-01,S002,P0018,Clothing,South,67,61,87,23.2,10,Sunny,1,27.53,Spring,0,73
2022-03-01,S002,P0019,Clothing,South,521,153,0,100.59,5,Sunny,0,93.56,Spring,0,140
2022-03-01,S002,P0020,Furniture,South,361,91,0,126.88,10,Sunny,0,140.51,Spring,0,99
2022-03-01,S003,P0001,Toys,East,243,88,256,17.15,10,Rainy,0,19.95,Spring,0,135
2022-03-01,S003,P0002,Groceries,East,198,141,0,50.39,25,Rainy,1,43.45,Spring,0,139
2022-03-01,S003,P0003,Electronics,East,119,119,140,91.05,15,Rainy,1,107.64,Spring,0,154
2022-03-01,S003,P0004,Groceries,East,385,100,0,23.38,0,Rainy,0,26.02,Spring,0,101
2022-03-01,S003,P0005,Toys,East,220,133,0,19.42,20,Rainy,1,20.68,Spring,0,116
2022-03-01,S003,P0006,Toys,East,125,89,74,34.83,5,Rainy,0,40.48,Spring,0,75
2022-03-01,S003,P0007,Groceries,East,177,89,0,16.63,0,Rainy,0,18.55,Spring,0,104
2022-03-01,S003,P0008,Clothing,East,162,85,0,108.35,10,Rainy,0,119.04,Spring,0,108
2022-03-01,S003,P0009,Groceries,East,78,78,74,49.05,0,Rainy,0,57.09,Spring,0,69
2022-03-01,S003,P0010,Groceries,East,150,24,0,28.41,10,Rainy,0,31.22,Spring,0,39
2022-03-01,S003,P0011,Electronics,East,193,86,0,113.96,10,Rainy,0,121.34,Spring,0,102
2022-03-01,S003,P0012,Furniture,East,180,99,0,96.3,10,Rainy,1,112.74,Spring,0,98
2022-03-01,S003,P0013,Groceries,East,656,85,0,58.58,15,Rainy,1,67.5,Spring,0,82
2022-03-01,S003,P0014,Groceries,East,528,111,0,87.82,20,Rainy,1,84.56,Spring,0,127
2022-03-01,S003,P0015,Groceries,East,556,52,0,90.7,0,Rainy,0,81.91,Spring,0,61
2022-03-01,S003,P0016,Electronics,East,336,27,0,77.46,10,Rainy,0,72.69,Spring,0,40
2022-03-01,S003,P0017,Furniture,East,372,30,0,98.53,10,Rainy,0,89.2,Spring,0,34
2022-03-01,S003,P0018,Furniture,East,277,83,0,138.08,20,Rainy,1,132.78,Spring,0,135
2022-03-01,S003,P0019,Groceries,East,200,131,115,66.24,0,Rainy,0,60.71,Spring,0,141
2022-03-01,S003,P0020,Clothing,East,457,72,0,71.65,5,Rainy,0,81.66,Spring,0,100
2022-03-01,S004,P0001,Groceries,West,1190,156,0,14.66,5,Sunny,0,13.28,Spring,0,195
2022-03-01,S004,P0002,Groceries,West,486,173,505,22.94,25,Sunny,1,21.23,Spring,0,229
2022-03-01,S004,P0003,Furniture,West,281,69,243,126.96,10,Sunny,1,147.96,Spring,0,77
2022-03-01,S004,P0004,Groceries,West,191,89,0,50.35,5,Sunny,0,53.56,Spring,0,94
2022-03-01,S004,P0005,Clothing,West,113,112,166,75.62,10,Sunny,1,86.33,Spring,0,141
2022-03-01,S004,P0006,Groceries,West,369,117,0,42.83,0,Sunny,0,48.07,Spring,0,150
2022-03-01,S004,P0007,Groceries,West,500,153,0,35.82,5,Sunny,0,43.11,Spring,0,193
2022-03-01,S004,P0008,Furniture,West,174,122,0,117.37,0,Sunny,0,114.77,Spring,0,111
2022-03-01,S004,P0009,Clothing,West,376,123,0,132.86,5,Sunny,0,157.59,Spring,0,159
2022-03-01,S004,P0010,Groceries,West,88,85,0,24.92,0,Sunny,0,27.37,Spring,0,86
2022-03-01,S004,P0011,Clothing,West,688,126,0,64.8,0,Sunny,0,75.33,Spring,0,121
2022-03-01,S004,P0012,Electronics,West,86,86,153,130.01,15,Sunny,1,111.81,Spring,0,173
2022-03-01,S004,P0013,Groceries,West,257,179,722,26.22,10,Sunny,1,29.92,Spring,0,224
2022-03-01,S004,P0014,Furniture,West,82,76,0,150.37,10,Sunny,1,158.39,Spring,0,73
2022-03-01,S004,P0015,Furniture,West,217,69,0,100.04,0,Sunny,0,86.15,Spring,0,69
2022-03-01,S004,P0016,Furniture,West,114,37,0,104.04,5,Sunny,0,113.21,Spring,0,54
2022-03-01,S004,P0017,Clothing,West,127,62,112,98.95,5,Sunny,0,98.42,Spring,0,100
2022-03-01,S004,P0018,Furniture,West,123,123,171,181.26,15,Sunny,1,194.8,Spring,0,164
2022-03-01,S004,P0019,Clothing,West,157,140,111,63.12,5,Sunny,0,73.91,Spring,0,127
2022-03-01,S004,P0020,Furniture,West,166,52,0,117.66,5,Sunny,0,114.07,Spring,0,46
2022-03-01,S005,P0001,Groceries,North,392,108,0,14.5,5,Sunny,0,12.42,Spring,0,160
2022-03-01,S005,P0002,Electronics,North,266,154,652,50.95,15,Sunny,1,43.7,Spring,0,207
2022-03-01,S005,P0003,Toys,North,118,118,211,31.13,20,Sunny,1,37.29,Spring,0,181
2022-03-01,S005,P0004,Groceries,North,215,122,0,7.45,5,Sunny,0,8.49,Spring,0,104
2022-03-01,S005,P0005,Groceries,North,369,179,296,15.65,25,Sunny,1,16.78,Spring,0,182
2022-03-01,S005,P0006,Groceries,North,1381,119,0,57.93,10,Sunny,0,57.55,Spring,0,106
2022-03-01,S005,P0007,Groceries,North,288,176,271,94.6,10,Sunny,0,84.45,Spring,0,163
2022-03-01,S005,P0008,Groceries,North,145,92,130,66.77,5,Sunny,0,65.32,Spring,0,117
2022-03-01,S005,P0009,Groceries,North,210,99,0,96.8,10,Sunny,0,83.3,Spring,0,118
2022-03-01,S005,P0010,Groceries,North,73,73,0,58.59,0,Sunny,0,67.04,Spring,0,92
2022-03-01,S005,P0011,Electronics,North,202,61,0,83.11,0,Sunny,0,80.32,Spring,0,90
2022-03-01,S005,P0012,Furniture,North,266,59,0,102.59,20,Sunny,1,108.81,Spring,0,72
2022-03-01,S005,P0013,Groceries,North,465,158,439,85.71,10,Sunny,1,92.7,Spring,0,182
2022-03-01,S005,P0014,Furniture,North,395,124,450,187.7,15,Sunny,1,170.58,Spring,0,149
2022-03-01,S005,P0015,Groceries,North,190,165,331,59.46,5,Sunny,0,52.92,Spring,0,154
2022-03-01,S005,P0016,Toys,North,442,145,0,36.49,10,Sunny,0,41.82,Spring,0,142
2022-03-01,S005,P0017,Toys,North,181,147,181,43.78,5,Sunny,0,46.85,Spring,0,162
2022-03-01,S005,P0018,Clothing,North,163,53,0,18.45,15,Sunny,1,17.13,Spring,0,79
2022-03-01,S005,P0019,Furniture,North,186,111,226,156.98,5,Sunny,0,173.81,Spring,0,126
2022-03-01,S005,P0020,Toys,North,91,47,59,24.48,10,Sunny,0,27.82,Spring,0,59
2022-03-02,S001,P0001,Electronics,North,259,101,0,65.05,15,Cloudy,1,69.99,Spring,0,115
2022-03-02,S001,P0002,Clothing,North,134,134,171,84.48,0,Cloudy,0,82.87,Spring,0,164
2022-03-02,S001,P0003,Clothing,North,281,100,0,56.84,5,Cloudy,0,49.96,Spring,0,105
2022-03-02,S001,P0004,Electronics,North,362,53,0,98.3,10,Cloudy,0,91.86,Spring,0,83
2022-03-02,S001,P0005,Groceries,North,335,88,0,55.71,10,Cloudy,0,65.45,Spring,0,111
2022-03-02,S001,P0006,Toys,North,498,88,0,40.44,5,Cloudy,0,34.64,Spring,0,90
2022-03-02,S001,P0007,Groceries,North,228,102,0,25.25,5,Cloudy,0,22.49,Spring,0,103
2022-03-02,S001,P0008,Electronics,North,130,39,0,34.85,5,Cloudy,0,41.89,Spring,0,40
2022-03-02,S001,P0009,Clothing,North,138,138,197,101.27,20,Cloudy,1,122.4,Spring,0,221
2022-03-02,S001,P0010,Furniture,North,322,58,293,98.05,25,Cloudy,1,97.95,Spring,0,66
2022-03-02,S001,P0011,Furniture,North,243,56,0,148.75,5,Cloudy,0,178.49,Spring,0,65
2022-03-02,S001,P0012,Groceries,North,564,64,0,71.02,0,Cloudy,0,82.76,Spring,0,55
2022-03-02,S001,P0013,Toys,North,216,69,0,31.81,5,Cloudy,0,28.3,Spring,0,82
2022-03-02,S001,P0014,Groceries,North,613,63,0,64.99,10,Cloudy,0,55.32,Spring,0,80
2022-03-02,S001,P0015,Toys,North,202,121,0,17.05,0,Cloudy,0,19.36,Spring,0,113
2022-03-02,S001,P0016,Groceries,North,426,93,430,47.51,0,Cloudy,0,44.89,Spring,0,147
2022-03-02,S001,P0017,Toys,North,84,34,50,20.63,0,Cloudy,0,19.53,Spring,0,53
2022-03-02,S001,P0018,Groceries,North,257,69,0,57.44,10,Cloudy,0,65.37,Spring,0,113
2022-03-02,S001,P0019,Furniture,North,103,91,89,120.36,5,Cloudy,0,106.44,Spring,0,93
2022-03-02,S001,P0020,Furniture,North,676,108,0,116.05,10,Cloudy,1,135.81,Spring,0,97
2022-03-02,S002,P0001,Groceries,South,167,138,0,75.31,20,Rainy,1,74.01,Spring,0,129
2022-03-02,S002,P0002,Toys,South,248,71,0,31.99,0,Rainy,0,30.05,Spring,0,70
2022-03-02,S002,P0003,Groceries,South,534,129,0,77.6,10,Rainy,0,83.35,Spring,0,117
2022-03-02,S002,P0004,Groceries,South,554,46,0,37.48,0,Rainy,0,34.64,Spring,0,51
2022-03-02,S002,P0005,Electronics,South,337,39,0,77.37,5,Rainy,0,75.36,Spring,0,46
2022-03-02,S002,P0006,Clothing,South,118,63,77,54.49,10,Rainy,0,64.38,Spring,0,72
2022-03-02,S002,P0007,Toys,South,328,122,342,31.79,0,Rainy,0,29.61,Spring,0,113
2022-03-02,S002,P0008,Groceries,South,189,92,0,25.27,0,Rainy,0,22.55,Spring,0,77
2022-03-02,S002,P0009,Groceries,South,319,194,387,75.88,10,Rainy,1,67.77,Spring,0,184
2022-03-02,S002,P0010,Groceries,South,113,113,102,77.86,20,Rainy,1,92.72,Spring,0,127
2022-03-02,S002,P0011,Groceries,South,198,84,0,85.95,10,Rainy,0,93.73,Spring,0,99
2022-03-02,S002,P0012,Electronics,South,454,46,0,54.01,5,Rainy,0,59.94,Spring,0,43
2022-03-02,S002,P0013,Groceries,South,671,88,0,20.85,5,Rainy,0,24.11,Spring,0,95
2022-03-02,S002,P0014,Electronics,South,102,102,0,136.94,0,Rainy,0,122.49,Spring,0,108
2022-03-02,S002,P0015,Clothing,South,516,109,0,62.47,10,Rainy,0,67.71,Spring,0,99
2022-03-02,S002,P0016,Clothing,South,180,97,0,90.01,0,Rainy,0,76.54,Spring,0,85
2022-03-02,S002,P0017,Toys,South,646,110,0,21.57,0,Rainy,0,24.02,Spring,0,104
2022-03-02,S002,P0018,Clothing,South,93,47,50,20.75,10,Rainy,0,24.61,Spring,0,44
2022-03-02,S002,P0019,Clothing,South,368,68,0,69.76,10,Rainy,0,78.78,Spring,0,61
2022-03-02,S002,P0020,Furniture,South,270,126,296,131.35,10,Rainy,1,144.8,Spring,0,110
2022-03-02,S003,P0001,Toys,East,155,155,548,19.31,25,Cloudy,1,21.44,Spring,0,254
2022-03-02,S003,P0002,Groceries,East,57,57,362,57.81,5,Cloudy,0,55.72,Spring,0,106
2022-03-02,S003,P0003,Electronics,East,140,13,0,60.9,10,Cloudy,0,55.32,Spring,0,11
2022-03-02,S003,P0004,Groceries,East,904,98,0,23.34,0,Cloudy,0,27.22,Spring,0,101
2022-03-02,S003,P0005,Toys,East,87,87,613,27.57,5,Cloudy,0,27.25,Spring,0,160
2022-03-02,S003,P0006,Toys,East,110,94,119,38.79,5,Cloudy,0,45.34,Spring,0,107
2022-03-02,S003,P0007,Groceries,East,712,99,0,14.47,10,Cloudy,0,16.9,Spring,0,94
2022-03-02,S003,P0008,Clothing,East,295,103,231,124.74,5,Cloudy,0,108.41,Spring,0,119
2022-03-02,S003,P0009,Groceries,East,74,74,262,57.9,25,Cloudy,1,63.45,Spring,0,226
2022-03-02,S003,P0010,Groceries,East,126,89,97,31.86,20,Cloudy,1,37.42,Spring,0,103
2022-03-02,S003,P0011,Electronics,East,365,133,0,145.82,0,Cloudy,0,160.49,Spring,0,149
2022-03-02,S003,P0012,Furniture,East,250,25,0,79.07,10,Cloudy,0,72.97,Spring,0,31
2022-03-02,S003,P0013,Groceries,East,571,39,0,58.55,10,Cloudy,0,70.65,Spring,0,66
2022-03-02,S003,P0014,Groceries,East,417,149,417,117.63,0,Cloudy,0,104.63,Spring,0,151
2022-03-02,S003,P0015,Groceries,East,504,81,382,98.82,10,Cloudy,0,91.75,Spring,0,117
2022-03-02,S003,P0016,Electronics,East,309,129,258,113.74,0,Cloudy,0,109.55,Spring,0,119
2022-03-02,S003,P0017,Furniture,East,342,63,301,120.86,5,Cloudy,0,107.04,Spring,0,73
2022-03-02,S003,P0018,Furniture,East,194,46,0,134.34,5,Cloudy,0,119.55,Spring,0,74
2022-03-02,S003,P0019,Groceries,East,184,54,0,47.32,10,Cloudy,0,47.24,Spring,0,69
2022-03-02,S003,P0020,Clothing,East,385,223,936,81.61,25,Cloudy,1,70.24,Spring,0,213
2022-03-02,S004,P0001,Groceries,West,1034,202,0,11.99,20,Cloudy,1,13.21,Spring,0,204
2022-03-02,S004,P0002,Groceries,West,313,67,0,19.48,0,Cloudy,0,22.88,Spring,0,86
2022-03-02,S004,P0003,Furniture,West,212,40,0,127.41,5,Cloudy,0,125.41,Spring,0,50
2022-03-02,S004,P0004,Groceries,West,594,71,0,50.96,10,Cloudy,0,45.27,Spring,0,98
2022-03-02,S004,P0005,Clothing,West,167,73,135,74.33,5,Cloudy,0,83.97,Spring,0,117
2022-03-02,S004,P0006,Groceries,West,252,148,232,35.62,10,Cloudy,0,39.85,Spring,0,123
2022-03-02,S004,P0007,Groceries,West,347,142,0,31.66,5,Cloudy,0,30.67,Spring,0,129
2022-03-02,S004,P0008,Furniture,West,52,52,88,103.84,0,Cloudy,0,95.72,Spring,0,75
2022-03-02,S004,P0009,Clothing,West,741,89,0,99.35,20,Cloudy,1,94.21,Spring,0,102
2022-03-02,S004,P0010,Groceries,West,3,3,0,22.67,20,Cloudy,1,25.29,Spring,0,126
2022-03-02,S004,P0011,Clothing,West,562,58,0,55.9,0,Cloudy,0,63.84,Spring,0,76
2022-03-02,S004,P0012,Electronics,West,153,75,0,113.98,5,Cloudy,0,100.46,Spring,0,92
2022-03-02,S004,P0013,Groceries,West,581,77,0,20.01,0,Cloudy,0,22.06,Spring,0,90
2022-03-02,S004,P0014,Furniture,West,209,99,165,164.44,5,Cloudy,0,182.16,Spring,0,83
2022-03-02,S004,P0015,Furniture,West,456,41,0,89.73,5,Cloudy,0,104.12,Spring,0,67
2022-03-02,S004,P0016,Furniture,West,388,93,0,119.46,5,Cloudy,0,113.44,Spring,0,78
2022-03-02,S004,P0017,Clothing,West,177,57,0,85.29,10,Cloudy,0,76.64,Spring,0,72
2022-03-02,S004,P0018,Furniture,West,171,136,93,176.0,10,Cloudy,0,175.59,Spring,0,116
2022-03-02,S004,P0019,Clothing,West,128,41,57,57.24,0,Cloudy,0,51.49,Spring,0,67
2022-03-02,S004,P0020,Furniture,West,114,100,162,115.0,15,Cloudy,1,134.09,Spring,0,83
2022-03-02,S005,P0001,Groceries,North,284,225,385,13.53,15,Cloudy,1,14.29,Spring,0,196
2022-03-02,S005,P0002,Electronics,North,112,112,0,51.73,0,Cloudy,0,48.13,Spring,0,150
2022-03-02,S005,P0003,Toys,North,211,62,0,31.48,0,Cloudy,0,27.68,Spring,0,92
2022-03-02,S005,P0004,Groceries,North,93,93,108,7.68,5,Cloudy,0,9.07,Spring,0,113
2022-03-02,S005,P0005,Groceries,North,190,97,0,18.24,5,Cloudy,0,19.34,Spring,0,151
2022-03-02,S005,P0006,Groceries,North,1262,77,0,56.62,0,Cloudy,0,52.48,Spring,0,69
2022-03-02,S005,P0007,Groceries,North,112,112,0,79.81,10,Cloudy,0,86.74,Spring,0,122
2022-03-02,S005,P0008,Groceries,North,183,58,0,48.88,10,Cloudy,0,56.87,Spring,0,57
2022-03-02,S005,P0009,Groceries,North,519,194,607,121.56,10,Cloudy,1,134.49,Spring,0,222
2022-03-02,S005,P0010,Groceries,North,615,61,0,43.06,25,Cloudy,1,39.68,Spring,0,72
2022-03-02,S005,P0011,Electronics,North,141,55,0,72.08,0,Cloudy,0,85.74,Spring,0,64
2022-03-02,S005,P0012,Furniture,North,207,34,0,102.14,10,Cloudy,0,118.4,Spring,0,40
2022-03-02,S005,P0013,Groceries,North,307,110,0,82.83,5,Cloudy,0,92.96,Spring,0,150
2022-03-02,S005,P0014,Furniture,North,271,39,0,146.03,5,Cloudy,0,142.1,Spring,0,41
2022-03-02,S005,P0015,Groceries,North,25,25,0,53.83,5,Cloudy,0,49.84,Spring,0,120
2022-03-02,S005,P0016,Toys,North,908,90,0,34.45,5,Cloudy,0,36.53,Spring,0,106
2022-03-02,S005,P0017,Toys,North,215,55,0,31.0,5,Cloudy,0,35.16,Spring,0,55
2022-03-02,S005,P0018,Clothing,North,110,94,108,24.26,0,Cloudy,0,22.82,Spring,0,113
2022-03-02,S005,P0019,Furniture,North,75,54,0,135.69,5,Cloudy,0,150.87,Spring,0,81
2022-03-02,S005,P0020,Toys,North,103,100,153,29.31,15,Cloudy,1,31.25,Spring,0,129
2022-03-03,S001,P0001,Electronics,North,441,111,0,64.72,15,Sunny,1,71.82,Spring,0,113
2022-03-03,S001,P0002,Clothing,North,171,71,0,61.37,5,Sunny,0,60.75,Spring,0,77
2022-03-03,S001,P0003,Clothing,North,181,181,0,52.41,25,Sunny,1,49.66,Spring,0,157
2022-03-03,S001,P0004,Electronics,North,309,69,0,99.91,10,Sunny,0,107.82,Spring,0,103
2022-03-03,S001,P0005,Groceries,North,865,33,0,51.1,0,Sunny,0,45.43,Spring,0,43
2022-03-03,S001,P0006,Toys,North,410,100,485,43.81,10,Sunny,0,50.0,Spring,0,150
2022-03-03,S001,P0007,Groceries,North,684,183,575,27.38,10,Sunny,1,30.37,Spring,0,166
2022-03-03,S001,P0008,Electronics,North,91,88,100,47.21,0,Sunny,0,45.85,Spring,0,95
2022-03-03,S001,P0009,Clothing,North,197,70,0,86.76,10,Sunny,0,85.96,Spring,0,103
2022-03-03,S001,P0010,Furniture,North,264,124,0,133.89,10,Sunny,1,126.87,Spring,0,103
2022-03-03,S001,P0011,Furniture,North,187,117,217,182.68,5,Sunny,0,170.38,Spring,0,110
2022-03-03,S001,P0012,Groceries,North,500,130,423,97.65,15,Sunny,1,104.38,Spring,0,215
2022-03-03,S001,P0013,Toys,North,147,104,83,30.44,10,Sunny,0,36.45,Spring,0,100
2022-03-03,S001,P0014,Groceries,North,550,127,0,60.01,25,Sunny,1,57.29,Spring,0,111
2022-03-03,S001,P0015,Toys,North,81,81,172,22.33,0,Sunny,0,21.83,Spring,0,191
2022-03-03,S001,P0016,Groceries,North,333,112,0,50.87,0,Sunny,0,48.69,Spring,0,172
2022-03-03,S001,P0017,Toys,North,100,100,173,26.85,10,Sunny,0,23.11,Spring,0,169
2022-03-03,S001,P0018,Groceries,North,188,87,115,58.98,10,Sunny,1,52.9,Spring,0,105
2022-03-03,S001,P0019,Furniture,North,101,60,70,116.32,0,Sunny,0,100.88,Spring,0,69
2022-03-03,S001,P0020,Furniture,North,568,101,0,121.45,10,Sunny,0,106.79,Spring,0,96
2022-03-03,S002,P0001,Groceries,South,478,104,540,76.7,25,Sunny,1,71.6,Spring,0,158
2022-03-03,S002,P0002,Toys,South,177,176,335,37.69,10,Sunny,0,35.61,Spring,0,155
2022-03-03,S002,P0003,Groceries,South,405,83,0,68.15,10,Sunny,1,77.21,Spring,0,78
2022-03-03,S002,P0004,Groceries,South,508,134,614,48.51,10,Sunny,0,53.16,Spring,0,182
2022-03-03,S002,P0005,Electronics,South,298,136,0,100.46,10,Sunny,0,110.37,Spring,0,157
2022-03-03,S002,P0006,Clothing,South,132,37,0,49.34,10,Sunny,0,58.79,Spring,0,46
2022-03-03,S002,P0007,Toys,South,206,206,547,31.14,25,Sunny,1,30.22,Spring,0,210
2022-03-03,S002,P0008,Groceries,South,97,97,119,27.13,0,Sunny,0,30.03,Spring,0,114
2022-03-03,S002,P0009,Groceries,South,125,112,0,61.75,10,Sunny,0,52.54,Spring,0,112
2022-03-03,S002,P0010,Groceries,South,102,102,210,106.84,15,Sunny,1,93.67,Spring,0,202
2022-03-03,S002,P0011,Groceries,South,535,172,0,106.21,10,Sunny,0,96.36,Spring,0,152
2022-03-03,S002,P0012,Electronics,South,408,109,0,74.98,10,Sunny,1,86.96,Spring,0,158
2022-03-03,S002,P0013,Groceries,South,583,184,0,23.75,10,Sunny,0,26.91,Spring,0,155
2022-03-03,S002,P0014,Electronics,South,616,193,711,139.41,15,Sunny,1,125.82,Spring,0,170
2022-03-03,S002,P0015,Clothing,South,407,106,423,65.84,10,Sunny,0,72.59,Spring,0,115
2022-03-03,S002,P0016,Clothing,South,269,86,276,101.59,0,Sunny,0,91.28,Spring,0,122
2022-03-03,S002,P0017,Toys,South,536,124,0,23.92,0,Sunny,0,27.02,Spring,0,137
2022-03-03,S002,P0018,Clothing,South,96,96,121,28.44,10,Sunny,1,31.08,Spring,0,136
2022-03-03,S002,P0019,Clothing,South,300,97,0,91.03,0,Sunny,0,88.22,Spring,0,92
2022-03-03,S002,P0020,Furniture,South,144,43,0,108.88,10,Sunny,0,131.61,Spring,0,56
2022-03-03,S003,P0001,Toys,East,256,102,0,15.57,10,Rainy,1,15.47,Spring,0,88
2022-03-03,S003,P0002,Groceries,East,312,67,0,50.55,10,Rainy,0,57.95,Spring,0,97
2022-03-03,S003,P0003,Electronics,East,127,127,205,88.31,25,Rainy,1,96.35,Spring,0,190
2022-03-03,S003,P0004,Groceries,East,806,129,0,27.79,0,Rainy,0,31.39,Spring,0,159
2022-03-03,S003,P0005,Toys,East,394,67,0,22.07,5,Rainy,0,19.11,Spring,0,87
2022-03-03,S003,P0006,Toys,East,135,92,87,39.13,0,Rainy,0,46.06,Spring,0,94
2022-03-03,S003,P0007,Groceries,East,613,102,0,15.01,20,Rainy,1,13.62,Spring,0,126
2022-03-03,S003,P0008,Clothing,East,192,68,0,103.85,10,Rainy,0,103.53,Spring,0,80
2022-03-03,S003,P0009,Groceries,East,262,56,0,44.02,5,Rainy,0,50.86,Spring,0,54
2022-03-03,S003,P0010,Groceries,East,134,116,130,43.34,10,Rainy,1,42.68,Spring,0,149
2022-03-03,S003,P0011,Electronics,East,232,84,247,114.25,10,Rainy,0,128.41,Spring,0,103
2022-03-03,S003,P0012,Furniture,East,225,132,216,94.62,25,Rainy,1,93.32,Spring,0,134
2022-03-03,S003,P0013,Groceries,East,532,109,0,67.79,10,Rainy,0,60.52,Spring,0,93
2022-03-03,S003,P0014,Groceries,East,268,193,0,94.05,20,Rainy,1,105.02,Spring,0,170
2022-03-03,S003,P0015,Groceries,East,423,125,0,106.28,10,Rainy,0,118.4,Spring,0,160
2022-03-03,S003,P0016,Electronics,East,180,41,0,80.66,5,Rainy,0,96.71,Spring,0,49
2022-03-03,S003,P0017,Furniture,East,279,38,0,111.8,5,Rainy,0,111.26,Spring,0,52
2022-03-03,S003,P0018,Furniture,East,148,95,0,131.76,15,Rainy,1,122.04,Spring,0,101
2022-03-03,S003,P0019,Groceries,East,130,47,0,48.75,5,Rainy,0,44.9,Spring,0,63
2022-03-03,S003,P0020,Clothing,East,162,100,0,79.03,0,Rainy,0,77.29,Spring,0,98
2022-03-03,S004,P0001,Groceries,West,832,213,0,12.26,15,Rainy,1,14.17,Spring,0,189
2022-03-03,S004,P0002,Groceries,West,751,83,0,21.97,0,Rainy,0,21.67,Spring,0,107
2022-03-03,S004,P0003,Furniture,West,172,69,0,140.98,10,Rainy,1,138.68,Spring,0,93
2022-03-03,S004,P0004,Groceries,West,523,167,512,58.78,5,Rainy,0,71.01,Spring,0,144
2022-03-03,S004,P0005,Clothing,West,229,59,0,59.92,5,Rainy,0,63.42,Spring,0,55
2022-03-03,S004,P0006,Groceries,West,104,104,322,41.18,5,Rainy,0,44.05,Spring,0,154
2022-03-03,S004,P0007,Groceries,West,205,141,0,25.39,20,Rainy,1,28.66,Spring,0,130
2022-03-03,S004,P0008,Furniture,West,88,88,72,104.0,5,Rainy,0,90.94,Spring,0,90
2022-03-03,S004,P0009,Clothing,West,652,65,0,101.15,10,Rainy,0,121.92,Spring,0,87
2022-03-03,S004,P0010,Groceries,West,645,115,0,21.2,25,Rainy,1,19.97,Spring,0,109
2022-03-03,S004,P0011,Clothing,West,504,85,0,57.3,0,Rainy,0,65.56,Spring,0,83
2022-03-03,S004,P0012,Electronics,West,78,47,50,80.8,15,Rainy,1,90.09,Spring,0,43
2022-03-03,S004,P0013,Groceries,West,504,78,0,17.03,10,Rainy,0,19.97,Spring,0,74
2022-03-03,S004,P0014,Furniture,West,110,79,0,166.19,10,Rainy,1,146.65,Spring,0,87
2022-03-03,S004,P0015,Furniture,West,415,70,0,91.59,10,Rainy,0,97.23,Spring,0,88
2022-03-03,S004,P0016,Furniture,West,295,66,264,120.03,5,Rainy,0,141.34,Spring,0,94
2022-03-03,S004,P0017,Clothing,West,120,82,104,97.23,5,Rainy,0,89.01,Spring,0,95
2022-03-03,S004,P0018,Furniture,West,128,95,87,148.11,10,Rainy,1,157.24,Spring,0,80
2022-03-03,S004,P0019,Clothing,West,144,58,88,57.43,5,Rainy,0,54.45,Spring,0,82
2022-03-03,S004,P0020,Furniture,West,14,14,212,157.39,0,Rainy,0,152.11,Spring,0,114
2022-03-03,S005,P0001,Groceries,North,59,59,0,10.76,10,Sunny,1,10.03,Spring,0,81
2022-03-03,S005,P0002,Electronics,North,0,0,0,36.25,10,Sunny,0,43.0,Spring,0,86
2022-03-03,S005,P0003,Toys,North,149,119,106,29.49,10,Sunny,1,27.85,Spring,0,104
2022-03-03,S005,P0004,Groceries,North,108,108,127,8.46,0,Sunny,0,9.2,Spring,0,128
2022-03-03,S005,P0005,Groceries,North,389,94,0,19.09,0,Sunny,0,16.45,Spring,0,132
2022-03-03,S005,P0006,Groceries,North,1185,77,0,55.43,10,Sunny,0,65.96,Spring,0,108
2022-03-03,S005,P0007,Groceries,North,271,129,338,74.4,25,Sunny,1,84.5,Spring,0,161
2022-03-03,S005,P0008,Groceries,North,125,103,126,74.79,0,Sunny,0,70.84,Spring,0,138
2022-03-03,S005,P0009,Groceries,North,325,65,0,97.6,5,Sunny,0,91.18,Spring,0,103
2022-03-03,S005,P0010,Groceries,North,554,133,568,61.29,20,Sunny,1,69.22,Spring,0,183
2022-03-03,S005,P0011,Electronics,North,86,86,0,83.18,5,Sunny,0,97.63,Spring,0,122
2022-03-03,S005,P0012,Furniture,North,794,92,0,120.9,15,Sunny,1,135.6,Spring,0,102
2022-03-03,S005,P0013,Groceries,North,197,186,0,83.52,10,Sunny,0,95.42,Spring,0,172
2022-03-03,S005,P0014,Furniture,North,232,85,0,161.15,10,Sunny,1,147.35,Spring,0,82
2022-03-03,S005,P0015,Groceries,North,331,197,312,56.05,10,Sunny,0,59.78,Spring,0,171
2022-03-03,S005,P0016,Toys,North,818,118,0,36.54,10,Sunny,0,36.04,Spring,0,125
2022-03-03,S005,P0017,Toys,North,160,147,108,41.75,0,Sunny,0,48.9,Spring,0,128
2022-03-03,S005,P0018,Clothing,North,124,124,169,24.9,10,Sunny,1,23.45,Spring,0,157
2022-03-03,S005,P0019,Furniture,North,247,80,221,152.78,0,Sunny,0,168.21,Spring,0,101
2022-03-03,S005,P0020,Toys,North,156,76,0,27.32,5,Sunny,0,31.98,Spring,0,74
2022-03-04,S001,P0001,Electronics,North,330,95,0,63.43,15,Cloudy,1,62.23,Spring,0,91
2022-03-04,S001,P0002,Clothing,North,100,84,86,54.05,15,Cloudy,1,46.25,Spring,0,73
2022-03-04,S001,P0003,Clothing,North,615,32,0,42.6,5,Cloudy,0,50.65,Spring,0,40
2022-03-04,S001,P0004,Electronics,North,240,35,0,93.99,0,Cloudy,0,91.59,Spring,0,43
2022-03-04,S001,P0005,Groceries,North,832,49,0,51.91,10,Cloudy,0,50.54,Spring,0,75
2022-03-04,S001,P0006,Toys,North,310,236,0,47.7,20,Cloudy,1,52.7,Spring,0,230
2022-03-04,S001,P0007,Groceries,North,501,111,0,27.48,5,Cloudy,0,24.68,Spring,0,130
2022-03-04,S001,P0008,Electronics,North,103,103,104,47.63,0,Cloudy,0,54.01,Spring,0,113
2022-03-04,S001,P0009,Clothing,North,127,127,139,96.2,5,Cloudy,0,82.24,Spring,0,119
2022-03-04,S001,P0010,Furniture,North,140,71,0,113.4,10,Cloudy,0,132.87,Spring,0,70
2022-03-04,S001,P0011,Furniture,North,70,70,221,173.85,15,Cloudy,1,149.65,Spring,0,130
2022-03-04,S001,P0012,Groceries,North,370,134,0,99.39,10,Cloudy,1,105.1,Spring,0,199
2022-03-04,S001,P0013,Toys,North,126,113,143,32.55,15,Cloudy,1,30.06,Spring,0,123
2022-03-04,S001,P0014,Groceries,North,423,114,450,75.74,5,Cloudy,0,87.16,Spring,0,127
2022-03-04,S001,P0015,Toys,North,172,82,0,15.76,5,Cloudy,0,18.06,Spring,0,105
2022-03-04,S001,P0016,Groceries,North,221,62,0,38.25,0,Cloudy,0,41.57,Spring,0,94
2022-03-04,S001,P0017,Toys,North,173,55,0,23.52,0,Cloudy,0,22.21,Spring,0,90
2022-03-04,S001,P0018,Groceries,North,216,127,141,78.49,0,Cloudy,0,68.44,Spring,0,167
2022-03-04,S001,P0019,Furniture,North,111,111,129,135.64,0,Cloudy,0,124.36,Spring,0,114
2022-03-04,S001,P0020,Furniture,North,467,124,580,123.51,20,Cloudy,1,143.06,Spring,0,157
2022-03-04,S002,P0001,Groceries,South,374,122,0,84.9,20,Cloudy,1,77.47,Spring,0,172
2022-03-04,S002,P0002,Toys,South,1,1,285,30.33,25,Cloudy,1,33.85,Spring,0,161
2022-03-04,S002,P0003,Groceries,South,322,102,341,82.49,5,Cloudy,0,99.79,Spring,0,120
2022-03-04,S002,P0004,Groceries,South,374,207,0,55.5,0,Cloudy,0,49.11,Spring,0,174
2022-03-04,S002,P0005,Electronics,South,162,51,0,88.12,0,Cloudy,0,80.74,Spring,0,66
2022-03-04,S002,P0006,Clothing,South,95,78,66,53.67,10,Cloudy,1,63.07,Spring,0,68
2022-03-04,S002,P0007,Toys,South,0,0,0,28.95,10,Cloudy,0,27.16,Spring,0,117
2022-03-04,S002,P0008,Groceries,South,119,113,121,28.88,5,Cloudy,0,28.58,Spring,0,134
2022-03-04,S002,P0009,Groceries,South,400,109,0,63.47,10,Cloudy,0,54.87,Spring,0,120
2022-03-04,S002,P0010,Groceries,South,210,129,0,105.82,0,Cloudy,0,98.8,Spring,0,138
2022-03-04,S002,P0011,Groceries,South,363,109,0,77.75,20,Cloudy,1,85.42,Spring,0,104
2022-03-04,S002,P0012,Electronics,South,299,171,0,72.22,10,Cloudy,1,81.35,Spring,0,145
2022-03-04,S002,P0013,Groceries,South,399,118,437,23.86,15,Cloudy,1,20.29,Spring,0,159
2022-03-04,S002,P0014,Electronics,South,423,47,0,104.84,10,Cloudy,0,100.25,Spring,0,61
2022-03-04,S002,P0015,Clothing,South,301,112,0,75.88,5,Cloudy,0,72.32,Spring,0,127
2022-03-04,S002,P0016,Clothing,South,183,95,0,85.1,5,Cloudy,0,75.55,Spring,0,83
2022-03-04,S002,P0017,Toys,South,412,73,0,19.91,0,Cloudy,0,21.4,Spring,0,80
2022-03-04,S002,P0018,Clothing,South,121,56,103,25.99,5,Cloudy,0,30.05,Spring,0,90
2022-03-04,S002,P0019,Clothing,South,876,83,0,85.58,0,Cloudy,0,72.9,Spring,0,74
2022-03-04,S002,P0020,Furniture,South,101,101,396,123.79,25,Cloudy,1,112.67,Spring,0,133
2022-03-04,S003,P0001,Toys,East,702,237,0,19.54,20,Sunny,1,23.34,Spring,0,230
2022-03-04,S003,P0002,Groceries,East,245,140,446,60.53,20,Sunny,1,55.92,Spring,0,182
2022-03-04,S003,P0003,Electronics,East,205,135,0,86.39,10,Sunny,0,97.36,Spring,0,117
2022-03-04,S003,P0004,Groceries,East,677,99,0,24.95,5,Sunny,0,27.16,Spring,0,139
2022-03-04,S003,P0005,Toys,East,327,63,0,23.39,5,Sunny,0,23.0,Spring,0,105
2022-03-04,S003,P0006,Toys,East,130,130,240,44.1,20,Sunny,1,52.7,Spring,0,216
2022-03-04,S003,P0007,Groceries,East,511,145,638,18.73,5,Sunny,0,18.36,Spring,0,143
2022-03-04,S003,P0008,Clothing,East,355,122,353,139.9,0,Sunny,0,154.03,Spring,0,158
2022-03-04,S003,P0009,Groceries,East,206,149,0,55.91,10,Sunny,0,67.27,Spring,0,142
2022-03-04,S003,P0010,Groceries,East,148,124,95,40.47,5,Sunny,0,35.19,Spring,0,108
2022-03-04,S003,P0011,Electronics,East,148,148,389,152.51,10,Sunny,1,145.62,Spring,0,186
2022-03-04,S003,P0012,Furniture,East,93,61,0,85.27,20,Sunny,1,84.15,Spring,0,82
2022-03-04,S003,P0013,Groceries,East,423,243,1081,87.78,20,Sunny,1,80.36,Spring,0,228
2022-03-04,S003,P0014,Groceries,East,75,71,0,97.94,5,Sunny,0,85.25,Spring,0,107
2022-03-04,S003,P0015,Groceries,East,298,73,0,100.26,0,Sunny,0,115.79,Spring,0,105
2022-03-04,S003,P0016,Electronics,East,397,101,0,102.8,0,Sunny,0,123.69,Spring,0,103
2022-03-04,S003,P0017,Furniture,East,241,59,0,123.1,5,Sunny,0,122.93,Spring,0,78
2022-03-04,S003,P0018,Furniture,East,458,104,0,141.33,0,Sunny,0,165.06,Spring,0,88
2022-03-04,S003,P0019,Groceries,East,83,83,97,53.13,5,Sunny,0,62.12,Spring,0,102
2022-03-04,S003,P0020,Clothing,East,62,62,0,68.93,15,Sunny,1,68.01,Spring,0,106
2022-03-04,S004,P0001,Groceries,West,619,242,781,13.55,15,Sunny,1,13.45,Spring,0,208
2022-03-04,S004,P0002,Groceries,West,668,63,0,15.82,20,Sunny,1,14.93,Spring,0,75
2022-03-04,S004,P0003,Furniture,West,346,108,349,168.66,0,Sunny,0,154.26,Spring,0,115
2022-03-04,S004,P0004,Groceries,West,356,131,0,57.89,5,Sunny,0,64.06,Spring,0,138
2022-03-04,S004,P0005,Clothing,West,170,46,0,64.87,10,Sunny,0,61.79,Spring,0,77
2022-03-04,S004,P0006,Groceries,West,232,135,0,38.15,10,Sunny,1,42.47,Spring,0,146
2022-03-04,S004,P0007,Groceries,West,673,73,0,26.74,5,Sunny,0,25.22,Spring,0,77
2022-03-04,S004,P0008,Furniture,West,72,72,101,109.33,10,Sunny,0,96.17,Spring,0,122
2022-03-04,S004,P0009,Clothing,West,587,51,0,99.91,5,Sunny,0,95.78,Spring,0,55
2022-03-04,S004,P0010,Groceries,West,530,148,667,32.27,5,Sunny,0,35.32,Spring,0,192
2022-03-04,S004,P0011,Clothing,West,419,146,502,59.75,15,Sunny,1,53.15,Spring,0,131
2022-03-04,S004,P0012,Electronics,West,81,81,120,108.11,20,Sunny,1,105.12,Spring,0,129
2022-03-04,S004,P0013,Groceries,West,1148,145,0,23.1,20,Sunny,1,20.11,Spring,0,199
2022-03-04,S004,P0014,Furniture,West,196,101,204,194.23,0,Sunny,0,174.76,Spring,0,102
2022-03-04,S004,P0015,Furniture,West,345,65,274,102.91,0,Sunny,0,123.87,Spring,0,91
2022-03-04,S004,P0016,Furniture,West,229,59,0,110.32,10,Sunny,0,132.42,Spring,0,85
2022-03-04,S004,P0017,Clothing,West,142,98,96,94.81,5,Sunny,0,90.15,Spring,0,87
2022-03-04,S004,P0018,Furniture,West,120,39,66,136.22,10,Sunny,0,154.36,Spring,0,57
2022-03-04,S004,P0019,Clothing,West,174,103,122,68.16,0,Sunny,0,67.51,Spring,0,119
2022-03-04,S004,P0020,Furniture,West,162,77,0,110.52,15,Sunny,1,124.12,Spring,0,72
2022-03-04,S005,P0001,Groceries,North,385,126,0,13.24,10,Cloudy,1,14.56,Spring,0,166
2022-03-04,S005,P0002,Electronics,North,652,96,0,38.37,20,Cloudy,1,43.72,Spring,0,142
2022-03-04,S005,P0003,Toys,North,136,61,94,30.34,0,Cloudy,0,32.8,Spring,0,96
2022-03-04,S005,P0004,Groceries,North,127,107,120,8.29,5,Cloudy,0,8.16,Spring,0,121
2022-03-04,S005,P0005,Groceries,North,295,121,0,16.6,5,Cloudy,0,14.82,Spring,0,103
2022-03-04,S005,P0006,Groceries,North,1108,261,0,76.65,15,Cloudy,1,65.27,Spring,0,231
2022-03-04,S005,P0007,Groceries,North,142,109,0,80.44,10,Cloudy,0,71.84,Spring,0,108
2022-03-04,S005,P0008,Groceries,North,148,113,161,75.11,0,Cloudy,0,69.99,Spring,0,139
2022-03-04,S005,P0009,Groceries,North,260,50,0,88.91,5,Cloudy,0,82.05,Spring,0,76
2022-03-04,S005,P0010,Groceries,North,421,112,0,61.96,5,Cloudy,0,59.59,Spring,0,109
2022-03-04,S005,P0011,Electronics,North,515,75,498,74.94,15,Cloudy,1,81.07,Spring,0,124
2022-03-04,S005,P0012,Furniture,North,702,186,746,150.12,10,Cloudy,1,179.83,Spring,0,155
2022-03-04,S005,P0013,Groceries,North,450,218,816,88.61,25,Cloudy,1,83.34,Spring,0,252
2022-03-04,S005,P0014,Furniture,North,597,61,0,180.01,5,Cloudy,0,169.51,Spring,0,99
2022-03-04,S005,P0015,Groceries,North,134,120,383,63.13,5,Cloudy,0,75.95,Spring,0,197
2022-03-04,S005,P0016,Toys,North,700,77,0,35.2,10,Cloudy,0,34.4,Spring,0,113
2022-03-04,S005,P0017,Toys,North,121,93,90,38.92,0,Cloudy,0,36.97,Spring,0,90
2022-03-04,S005,P0018,Clothing,North,169,78,0,22.19,0,Cloudy,0,20.65,Spring,0,85
2022-03-04,S005,P0019,Furniture,North,167,35,0,122.71,10,Cloudy,0,117.72,Spring,0,55
2022-03-04,S005,P0020,Toys,North,80,80,222,39.21,10,Cloudy,1,36.21,Spring,0,196
2022-03-05,S001,P0001,Electronics,North,235,87,171,68.92,10,Sunny,1,62.46,Spring,0,99
2022-03-05,S001,P0002,Clothing,North,102,60,106,61.97,10,Sunny,0,54.76,Spring,0,96
2022-03-05,S001,P0003,Clothing,North,583,57,0,50.75,10,Sunny,0,43.5,Spring,0,87
2022-03-05,S001,P0004,Electronics,North,205,87,0,92.37,10,Sunny,1,106.11,Spring,0,80
2022-03-05,S001,P0005,Groceries,North,783,182,697,68.11,15,Sunny,1,77.95,Spring,0,204
2022-03-05,S001,P0006,Toys,North,74,74,484,53.18,0,Sunny,0,57.96,Spring,0,183
2022-03-05,S001,P0007,Groceries,North,390,161,0,26.1,20,Sunny,1,22.83,Spring,0,173
2022-03-05,S001,P0008,Electronics,North,104,88,132,43.0,10,Sunny,0,45.85,Spring,0,114
2022-03-05,S001,P0009,Clothing,North,139,91,85,87.35,5,Sunny,0,87.2,Spring,0,89
2022-03-05,S001,P0010,Furniture,North,69,69,416,133.73,10,Sunny,0,123.62,Spring,0,103
2022-03-05,S001,P0011,Furniture,North,217,66,0,160.49,10,Sunny,1,186.95,Spring,0,102
2022-03-05,S001,P0012,Groceries,North,659,170,0,106.07,0,Sunny,0,122.33,Spring,0,183
2022-03-05,S001,P0013,Toys,North,156,130,140,35.31,5,Sunny,0,41.45,Spring,0,130
2022-03-05,S001,P0014,Groceries,North,309,75,0,65.06,10,Sunny,0,76.57,Spring,0,96
2022-03-05,S001,P0015,Toys,North,90,90,135,18.13,5,Sunny,0,15.74,Spring,0,133
2022-03-05,S001,P0016,Groceries,North,589,88,0,34.27,20,Sunny,1,29.42,Spring,0,113
2022-03-05,S001,P0017,Toys,North,118,118,113,25.76,0,Sunny,0,29.89,Spring,0,135
2022-03-05,S001,P0018,Groceries,North,230,230,238,78.55,15,Sunny,1,92.74,Spring,0,256
2022-03-05,S001,P0019,Furniture,North,129,56,0,104.13,10,Sunny,0,97.55,Spring,0,67
2022-03-05,S001,P0020,Furniture,North,343,94,0,117.57,10,Sunny,0,103.35,Spring,0,86
2022-03-05,S002,P0001,Groceries,South,252,217,0,91.76,20,Sunny,1,87.8,Spring,0,202
2022-03-05,S002,P0002,Toys,South,335,114,0,32.12,10,Sunny,0,30.56,Spring,0,102
2022-03-05,S002,P0003,Groceries,South,220,183,634,97.46,10,Sunny,0,105.86,Spring,0,200
2022-03-05,S002,P0004,Groceries,South,167,96,0,41.32,15,Sunny,1,37.3,Spring,0,127
2022-03-05,S002,P0005,Electronics,South,743,184,713,97.63,15,Sunny,1,106.49,Spring,0,167
2022-03-05,S002,P0006,Clothing,South,83,83,97,60.04,10,Sunny,0,70.13,Spring,0,100
2022-03-05,S002,P0007,Toys,South,342,199,0,37.31,10,Sunny,1,37.09,Spring,0,209
2022-03-05,S002,P0008,Groceries,South,127,63,67,21.81,10,Sunny,0,24.8,Spring,0,80
2022-03-05,S002,P0009,Groceries,South,291,36,0,53.04,0,Sunny,0,59.64,Spring,0,53
2022-03-05,S002,P0010,Groceries,South,81,81,145,100.81,5,Sunny,0,117.44,Spring,0,157
2022-03-05,S002,P0011,Groceries,South,254,160,671,118.58,20,Sunny,1,110.29,Spring,0,243
2022-03-05,S002,P0012,Electronics,South,755,81,0,67.6,5,Sunny,0,77.23,Spring,0,105
2022-03-05,S002,P0013,Groceries,South,281,124,0,21.85,10,Sunny,0,25.35,Spring,0,127
2022-03-05,S002,P0014,Electronics,South,376,96,0,117.39,5,Sunny,0,137.98,Spring,0,92
2022-03-05,S002,P0015,Clothing,South,189,123,599,74.61,10,Sunny,0,70.22,Spring,0,140
2022-03-05,S002,P0016,Clothing,South,364,118,0,72.52,25,Sunny,1,80.22,Spring,0,123
2022-03-05,S002,P0017,Toys,South,339,63,222,20.55,5,Sunny,0,18.77,Spring,0,89
2022-03-05,S002,P0018,Clothing,South,168,60,0,22.69,10,Sunny,1,24.48,Spring,0,67
2022-03-05,S002,P0019,Clothing,South,793,88,0,77.21,5,Sunny,0,87.51,Spring,0,74
2022-03-05,S002,P0020,Furniture,South,296,45,0,118.3,10,Sunny,0,110.61,Spring,0,64
2022-03-05,S003,P0001,Toys,East,465,119,0,15.92,20,Cloudy,1,17.91,Spring,0,150
2022-03-05,S003,P0002,Groceries,East,467,119,0,54.91,10,Cloudy,0,60.52,Spring,0,123
2022-03-05,S003,P0003,Electronics,East,70,70,113,90.71,5,Cloudy,0,104.28,Spring,0,115
2022-03-05,S003,P0004,Groceries,East,578,236,584,29.25,15,Cloudy,1,25.09,Spring,0,223
2022-03-05,S003,P0005,Toys,East,264,89,0,21.51,15,Cloudy,1,20.91,Spring,0,113
2022-03-05,S003,P0006,Toys,East,240,230,285,59.46,10,Cloudy,0,51.01,Spring,0,275
2022-03-05,S003,P0007,Groceries,East,366,142,0,14.94,15,Cloudy,1,15.87,Spring,0,122
2022-03-05,S003,P0008,Clothing,East,233,91,0,116.19,0,Cloudy,0,135.62,Spring,0,97
2022-03-05,S003,P0009,Groceries,East,57,57,116,48.73,10,Cloudy,0,55.67,Spring,0,97
2022-03-05,S003,P0010,Groceries,East,119,119,119,41.88,0,Cloudy,0,49.14,Spring,0,119
2022-03-05,S003,P0011,Electronics,East,247,159,0,127.79,10,Cloudy,1,137.89,Spring,0,140
2022-03-05,S003,P0012,Furniture,East,248,47,0,97.87,5,Cloudy,0,90.93,Spring,0,72
2022-03-05,S003,P0013,Groceries,East,180,37,0,57.33,5,Cloudy,0,64.56,Spring,0,46
2022-03-05,S003,P0014,Groceries,East,421,44,0,79.42,10,Cloudy,0,78.8,Spring,0,62
2022-03-05,S003,P0015,Groceries,East,225,78,0,102.43,5,Cloudy,0,111.12,Spring,0,128
2022-03-05,S003,P0016,Electronics,East,296,55,0,65.56,25,Cloudy,1,76.33,Spring,0,57
2022-03-05,S003,P0017,Furniture,East,182,60,0,119.28,5,Cloudy,0,104.24,Spring,0,69
2022-03-05,S003,P0018,Furniture,East,354,110,309,116.03,20,Cloudy,1,139.77,Spring,0,96
2022-03-05,S003,P0019,Groceries,East,97,94,105,52.41,10,Cloudy,0,59.21,Spring,0,115
2022-03-05,S003,P0020,Clothing,East,0,0,0,76.37,0,Cloudy,0,85.41,Spring,0,104
2022-03-05,S004,P0001,Groceries,West,377,83,0,8.6,15,Rainy,1,9.57,Spring,0,71
2022-03-05,S004,P0002,Groceries,West,605,29,0,16.17,0,Rainy,0,17.76,Spring,0,36
2022-03-05,S004,P0003,Furniture,West,238,86,0,134.11,10,Rainy,0,151.84,Spring,0,93
2022-03-05,S004,P0004,Groceries,West,225,115,0,47.1,20,Rainy,1,56.35,Spring,0,127
2022-03-05,S004,P0005,Clothing,West,124,124,111,69.72,15,Rainy,1,77.56,Spring,0,133
2022-03-05,S004,P0006,Groceries,West,419,129,0,43.36,5,Rainy,0,42.32,Spring,0,154
2022-03-05,S004,P0007,Groceries,West,600,161,881,35.62,10,Rainy,1,33.63,Spring,0,191
2022-03-05,S004,P0008,Furniture,West,101,71,113,113.57,0,Rainy,0,107.27,Spring,0,101
2022-03-05,S004,P0009,Clothing,West,536,63,0,105.87,0,Rainy,0,112.13,Spring,0,70
2022-03-05,S004,P0010,Groceries,West,382,32,0,19.78,10,Rainy,0,22.56,Spring,0,52
2022-03-05,S004,P0011,Clothing,West,273,35,0,39.71,25,Rainy,1,38.05,Spring,0,48
2022-03-05,S004,P0012,Electronics,West,120,95,128,117.4,10,Rainy,0,127.34,Spring,0,135
2022-03-05,S004,P0013,Groceries,West,1003,139,0,24.53,0,Rainy,0,26.33,Spring,0,157
2022-03-05,S004,P0014,Furniture,West,95,89,0,176.74,0,Rainy,0,211.92,Spring,0,90
2022-03-05,S004,P0015,Furniture,West,280,92,0,95.19,10,Rainy,0,101.56,Spring,0,100
2022-03-05,S004,P0016,Furniture,West,170,62,0,111.96,10,Rainy,1,102.17,Spring,0,75
2022-03-05,S004,P0017,Clothing,West,140,66,82,86.67,10,Rainy,0,85.36,Spring,0,77
2022-03-05,S004,P0018,Furniture,West,147,60,75,149.71,10,Rainy,1,171.54,Spring,0,83
2022-03-05,S004,P0019,Clothing,West,193,151,122,60.11,10,Rainy,0,64.3,Spring,0,129
2022-03-05,S004,P0020,Furniture,West,297,59,0,128.88,0,Rainy,0,135.98,Spring,0,70
2022-03-05,S005,P0001,Groceries,North,259,233,524,14.17,20,Sunny,1,13.48,Spring,0,219
2022-03-05,S005,P0002,Electronics,North,556,139,0,47.51,10,Sunny,0,42.53,Spring,0,158
2022-03-05,S005,P0003,Toys,North,169,101,167,38.86,0,Sunny,0,35.49,Spring,0,161
2022-03-05,S005,P0004,Groceries,North,140,140,158,9.05,15,Sunny,1,7.89,Spring,0,193
2022-03-05,S005,P0005,Groceries,North,174,174,317,16.91,25,Sunny,1,15.25,Spring,0,192
2022-03-05,S005,P0006,Groceries,North,847,240,806,79.51,10,Sunny,0,73.08,Spring,0,222
2022-03-05,S005,P0007,Groceries,North,371,128,341,96.41,15,Sunny,1,87.32,Spring,0,192
2022-03-05,S005,P0008,Groceries,North,196,133,0,62.71,10,Sunny,0,57.97,Spring,0,114
2022-03-05,S005,P0009,Groceries,North,817,205,0,118.68,5,Sunny,0,137.78,Spring,0,190
2022-03-05,S005,P0010,Groceries,North,309,67,0,62.57,0,Sunny,0,61.01,Spring,0,96
2022-03-05,S005,P0011,Electronics,North,440,99,0,71.93,25,Sunny,1,66.95,Spring,0,135
2022-03-05,S005,P0012,Furniture,North,516,106,0,128.76,10,Sunny,0,141.37,Spring,0,104
2022-03-05,S005,P0013,Groceries,North,232,108,0,94.13,5,Sunny,0,80.07,Spring,0,178
2022-03-05,S005,P0014,Furniture,North,536,40,0,141.34,10,Sunny,0,152.08,Spring,0,60
2022-03-05,S005,P0015,Groceries,North,326,114,0,53.23,5,Sunny,0,46.85,Spring,0,117
2022-03-05,S005,P0016,Toys,North,623,154,0,31.46,20,Sunny,1,33.36,Spring,0,132
2022-03-05,S005,P0017,Toys,North,118,118,116,38.74,10,Sunny,0,35.73,Spring,0,121
2022-03-05,S005,P0018,Clothing,North,91,87,104,17.05,20,Sunny,1,19.39,Spring,0,89
2022-03-05,S005,P0019,Furniture,North,353,54,0,143.89,0,Sunny,0,159.77,Spring,0,83
2022-03-05,S005,P0020,Toys,North,222,133,135,33.27,10,Sunny,0,36.43,Spring,0,154
2022-03-06,S001,P0001,Electronics,North,148,115,301,63.11,25,Rainy,1,60.31,Spring,0,129
2022-03-06,S001,P0002,Clothing,North,148,134,172,72.21,5,Rainy,0,82.48,Spring,0,144
2022-03-06,S001,P0003,Clothing,North,526,92,615,64.03,0,Rainy,0,67.45,Spring,0,144
2022-03-06,S001,P0004,Electronics,North,118,61,115,93.62,5,Rainy,0,108.49,Spring,0,69
2022-03-06,S001,P0005,Groceries,North,601,59,0,49.18,10,Rainy,0,57.58,Spring,0,74
2022-03-06,S001,P0006,Toys,North,485,144,0,47.25,5,Rainy,0,52.21,Spring,0,158
2022-03-06,S001,P0007,Groceries,North,229,85,0,23.3,10,Rainy,0,22.93,Spring,0,95
2022-03-06,S001,P0008,Electronics,North,148,136,122,41.91,20,Rainy,1,46.82,Spring,0,145
2022-03-06,S001,P0009,Clothing,North,133,133,183,102.87,5,Rainy,0,115.84,Spring,0,159
2022-03-06,S001,P0010,Furniture,North,293,71,0,98.66,20,Rainy,1,108.94,Spring,0,64
2022-03-06,S001,P0011,Furniture,North,372,46,0,155.92,0,Rainy,0,149.76,Spring,0,50
2022-03-06,S001,P0012,Groceries,North,489,122,0,74.2,20,Rainy,1,79.07,Spring,0,135
2022-03-06,S001,P0013,Toys,North,166,92,0,28.29,10,Rainy,0,31.87,Spring,0,79
2022-03-06,S001,P0014,Groceries,North,234,128,0,76.95,5,Rainy,0,86.74,Spring,0,132
2022-03-06,S001,P0015,Toys,North,135,135,181,18.39,20,Rainy,1,18.14,Spring,0,203
2022-03-06,S001,P0016,Groceries,North,501,81,0,39.42,0,Rainy,0,45.76,Spring,0,103
2022-03-06,S001,P0017,Toys,North,113,50,87,19.42,10,Rainy,0,20.46,Spring,0,79
2022-03-06,S001,P0018,Groceries,North,238,81,0,57.87,10,Rainy,0,54.05,Spring,0,100
2022-03-06,S001,P0019,Furniture,North,73,64,58,84.18,25,Rainy,1,79.63,Spring,0,59
2022-03-06,S001,P0020,Furniture,North,249,74,0,122.41,0,Rainy,0,145.1,Spring,0,82
2022-03-06,S002,P0001,Groceries,South,575,68,0,66.72,15,Rainy,1,62.85,Spring,0,74
2022-03-06,S002,P0002,Toys,South,506,134,0,32.71,10,Rainy,0,36.46,Spring,0,124
2022-03-06,S002,P0003,Groceries,South,37,37,0,115.49,0,Rainy,0,100.29,Spring,0,205
2022-03-06,S002,P0004,Groceries,South,685,121,0,53.07,0,Rainy,0,48.16,Spring,0,157
2022-03-06,S002,P0005,Electronics,South,559,87,0,95.11,0,Rainy,0,113.73,Spring,0,103
2022-03-06,S002,P0006,Clothing,South,97,81,130,74.13,0,Rainy,0,80.01,Spring,0,134
2022-03-06,S002,P0007,Toys,South,690,157,0,33.62,5,Rainy,0,30.5,Spring,0,149
2022-03-06,S002,P0008,Groceries,South,131,131,175,26.52,20,Rainy,1,22.65,Spring,0,165
2022-03-06,S002,P0009,Groceries,South,255,59,0,56.89,5,Rainy,0,51.02,Spring,0,71
2022-03-06,S002,P0010,Groceries,South,145,145,152,85.14,20,Rainy,1,84.91,Spring,0,140
2022-03-06,S002,P0011,Groceries,South,94,94,0,109.02,0,Rainy,0,127.55,Spring,0,142
2022-03-06,S002,P0012,Electronics,South,674,60,0,55.01,25,Rainy,1,50.32,Spring,0,99
2022-03-06,S002,P0013,Groceries,South,157,94,0,25.57,0,Rainy,0,25.48,Spring,0,127
2022-03-06,S002,P0014,Electronics,South,280,66,0,131.65,0,Rainy,0,116.02,Spring,0,96
2022-03-06,S002,P0015,Clothing,South,66,58,0,49.78,15,Rainy,1,56.72,Spring,0,51
2022-03-06,S002,P0016,Clothing,South,246,36,0,78.25,5,Rainy,0,76.79,Spring,0,60
2022-03-06,S002,P0017,Toys,South,276,39,0,17.29,5,Rainy,0,18.5,Spring,0,55
2022-03-06,S002,P0018,Clothing,South,108,87,116,29.05,5,Rainy,0,33.18,Spring,0,125
2022-03-06,S002,P0019,Clothing,South,705,107,0,85.77,10,Rainy,1,92.53,Spring,0,122
2022-03-06,S002,P0020,Furniture,South,251,129,0,137.72,10,Rainy,0,137.41,Spring,0,108
2022-03-06,S003,P0001,Toys,East,346,156,334,16.88,25,Cloudy,1,18.5,Spring,0,196
2022-03-06,S003,P0002,Groceries,East,348,148,0,61.88,5,Cloudy,0,74.58,Spring,0,146
2022-03-06,S003,P0003,Electronics,East,113,93,84,84.86,10,Cloudy,0,72.54,Spring,0,95
2022-03-06,S003,P0004,Groceries,East,342,107,0,25.81,5,Cloudy,0,28.57,Spring,0,151
2022-03-06,S003,P0005,Toys,East,788,57,0,22.15,5,Cloudy,0,20.64,Spring,0,88
2022-03-06,S003,P0006,Toys,East,295,94,0,37.76,10,Cloudy,0,32.92,Spring,0,100
2022-03-06,S003,P0007,Groceries,East,224,110,0,17.04,5,Cloudy,0,18.52,Spring,0,128
2022-03-06,S003,P0008,Clothing,East,495,79,0,115.92,15,Cloudy,1,107.77,Spring,0,132
2022-03-06,S003,P0009,Groceries,East,116,116,152,60.26,5,Cloudy,0,57.0,Spring,0,132
2022-03-06,S003,P0010,Groceries,East,119,119,118,35.26,25,Cloudy,1,35.09,Spring,0,140
2022-03-06,S003,P0011,Electronics,East,477,134,0,119.19,10,Cloudy,0,137.2,Spring,0,116
2022-03-06,S003,P0012,Furniture,East,201,87,257,91.82,20,Cloudy,1,100.76,Spring,0,120
2022-03-06,S003,P0013,Groceries,East,143,90,0,66.7,10,Cloudy,0,71.67,Spring,0,103
2022-03-06,S003,P0014,Groceries,East,377,74,0,96.37,0,Cloudy,0,114.47,Spring,0,102
2022-03-06,S003,P0015,Groceries,East,529,110,561,95.11,20,Cloudy,1,103.25,Spring,0,162
2022-03-06,S003,P0016,Electronics,East,241,105,286,116.84,0,Cloudy,0,109.18,Spring,0,127
2022-03-06,S003,P0017,Furniture,East,423,36,0,109.01,10,Cloudy,0,93.22,Spring,0,60
2022-03-06,S003,P0018,Furniture,East,244,61,0,127.25,10,Cloudy,0,123.38,Spring,0,74
2022-03-06,S003,P0019,Groceries,East,108,108,169,64.84,10,Cloudy,1,64.6,Spring,0,171
2022-03-06,S003,P0020,Clothing,East,936,123,0,72.33,5,Cloudy,0,81.21,Spring,0,103
2022-03-06,S004,P0001,Groceries,West,294,107,0,11.15,15,Sunny,1,10.4,Spring,0,135
2022-03-06,S004,P0002,Groceries,West,576,91,0,20.81,10,Sunny,0,22.57,Spring,0,140
2022-03-06,S004,P0003,Furniture,West,152,130,0,165.55,0,Sunny,0,196.62,Spring,0,126
2022-03-06,S004,P0004,Groceries,West,622,155,0,63.02,5,Sunny,0,71.69,Spring,0,169
2022-03-06,S004,P0005,Clothing,West,111,79,95,77.96,0,Sunny,0,72.43,Spring,0,100
2022-03-06,S004,P0006,Groceries,West,290,109,380,46.99,0,Sunny,0,45.55,Spring,0,165
2022-03-06,S004,P0007,Groceries,West,439,73,0,28.88,5,Sunny,0,32.05,Spring,0,116
2022-03-06,S004,P0008,Furniture,West,143,123,137,106.92,10,Sunny,1,96.17,Spring,0,115
2022-03-06,S004,P0009,Clothing,West,473,101,0,108.34,10,Sunny,0,126.44,Spring,0,108
2022-03-06,S004,P0010,Groceries,West,350,193,0,27.77,25,Sunny,1,26.68,Spring,0,206
2022-03-06,S004,P0011,Clothing,West,238,91,0,73.4,0,Sunny,0,62.91,Spring,0,146
2022-03-06,S004,P0012,Electronics,West,153,75,0,88.71,25,Sunny,1,105.99,Spring,0,103
2022-03-06,S004,P0013,Groceries,West,864,160,0,26.82,5,Sunny,0,23.06,Spring,0,190
2022-03-06,S004,P0014,Furniture,West,210,69,224,171.28,5,Sunny,0,183.57,Spring,0,95
2022-03-06,S004,P0015,Furniture,West,188,123,381,111.54,10,Sunny,1,103.39,Spring,0,134
2022-03-06,S004,P0016,Furniture,West,372,111,0,125.95,0,Sunny,0,146.99,Spring,0,93
2022-03-06,S004,P0017,Clothing,West,156,146,150,108.82,10,Sunny,0,103.61,Spring,0,149
2022-03-06,S004,P0018,Furniture,West,162,106,106,165.48,10,Sunny,0,197.54,Spring,0,113
2022-03-06,S004,P0019,Clothing,West,164,164,167,71.74,15,Sunny,1,68.23,Spring,0,196
2022-03-06,S004,P0020,Furniture,West,238,58,0,119.5,10,Sunny,0,137.81,Spring,0,78
2022-03-06,S005,P0001,Groceries,North,26,26,0,8.0,25,Rainy,1,7.99,Spring,0,51
2022-03-06,S005,P0002,Electronics,North,417,119,0,42.44,5,Rainy,0,38.11,Spring,0,102
2022-03-06,S005,P0003,Toys,North,235,72,0,28.1,10,Rainy,0,33.73,Spring,0,105
2022-03-06,S005,P0004,Groceries,North,158,44,0,6.77,0,Rainy,0,7.31,Spring,0,62
2022-03-06,S005,P0005,Groceries,North,0,0,0,13.47,0,Rainy,0,12.45,Spring,0,33
2022-03-06,S005,P0006,Groceries,North,607,72,0,60.35,10,Rainy,0,52.3,Spring,0,119
2022-03-06,S005,P0007,Groceries,North,243,98,0,73.25,10,Rainy,0,87.85,Spring,0,95
2022-03-06,S005,P0008,Groceries,North,63,56,50,48.26,10,Rainy,1,56.25,Spring,0,54
2022-03-06,S005,P0009,Groceries,North,612,96,0,98.53,10,Rainy,0,96.93,Spring,0,124
2022-03-06,S005,P0010,Groceries,North,810,71,0,53.55,20,Rainy,1,50.53,Spring,0,117
2022-03-06,S005,P0011,Electronics,North,341,37,0,70.46,5,Rainy,0,60.07,Spring,0,58
2022-03-06,S005,P0012,Furniture,North,410,132,0,127.06,15,Rainy,1,144.34,Spring,0,118
2022-03-06,S005,P0013,Groceries,North,124,99,0,75.13,10,Rainy,0,67.83,Spring,0,118
2022-03-06,S005,P0014,Furniture,North,496,32,0,150.75,0,Rainy,0,167.9,Spring,0,49
2022-03-06,S005,P0015,Groceries,North,595,81,0,42.67,15,Rainy,1,48.55,Spring,0,98
2022-03-06,S005,P0016,Toys,North,469,87,0,33.98,10,Rainy,0,33.51,Spring,0,102
2022-03-06,S005,P0017,Toys,North,116,79,108,40.57,0,Rainy,0,47.28,Spring,0,118
2022-03-06,S005,P0018,Clothing,North,108,24,0,15.12,10,Rainy,0,17.09,Spring,0,26
2022-03-06,S005,P0019,Furniture,North,299,63,0,125.85,10,Rainy,1,152.02,Spring,0,75
2022-03-06,S005,P0020,Toys,North,224,97,0,31.09,0,Rainy,0,34.13,Spring,0,97
2022-03-07,S001,P0001,Electronics,North,204,94,0,81.17,0,Sunny,0,76.77,Spring,0,117
2022-03-07,S001,P0002,Clothing,North,186,126,137,65.46,20,Sunny,1,62.42,Spring,0,152
2022-03-07,S001,P0003,Clothing,North,434,162,0,59.48,10,Sunny,0,70.37,Spring,0,155
2022-03-07,S001,P0004,Electronics,North,57,57,208,94.77,20,Sunny,1,94.48,Spring,0,107
2022-03-07,S001,P0005,Groceries,North,542,50,0,51.38,5,Sunny,0,59.56,Spring,0,71
2022-03-07,S001,P0006,Toys,North,341,182,0,57.41,0,Sunny,0,50.26,Spring,0,193
2022-03-07,S001,P0007,Groceries,North,719,71,0,23.5,0,Sunny,0,25.41,Spring,0,82
2022-03-07,S001,P0008,Electronics,North,134,112,137,43.88,15,Sunny,1,47.07,Spring,0,140
2022-03-07,S001,P0009,Clothing,North,183,141,116,108.85,0,Sunny,0,107.5,Spring,0,143
2022-03-07,S001,P0010,Furniture,North,222,113,0,141.24,0,Sunny,0,162.98,Spring,0,103
2022-03-07,S001,P0011,Furniture,North,326,104,0,171.71,10,Sunny,1,166.42,Spring,0,107
2022-03-07,S001,P0012,Groceries,North,367,109,267,91.03,10,Sunny,0,84.42,Spring,0,147
2022-03-07,S001,P0013,Toys,North,74,74,90,31.46,10,Sunny,0,29.32,Spring,0,95
2022-03-07,S001,P0014,Groceries,North,556,147,0,76.65,10,Sunny,0,76.07,Spring,0,131
2022-03-07,S001,P0015,Toys,North,181,135,144,15.98,20,Sunny,1,15.86,Spring,0,149
2022-03-07,S001,P0016,Groceries,North,420,112,508,37.21,20,Sunny,1,39.65,Spring,0,158
2022-03-07,S001,P0017,Toys,North,150,55,0,19.3,10,Sunny,1,20.64,Spring,0,78
2022-03-07,S001,P0018,Groceries,North,157,81,123,66.83,0,Sunny,0,57.87,Spring,0,112
2022-03-07,S001,P0019,Furniture,North,67,67,111,97.71,25,Sunny,1,85.55,Spring,0,102
2022-03-07,S001,P0020,Furniture,North,175,98,0,128.01,5,Sunny,0,154.24,Spring,0,111
2022-03-07,S002,P0001,Groceries,South,507,39,0,66.39,10,Cloudy,0,60.42,Spring,0,57
2022-03-07,S002,P0002,Toys,South,372,132,354,35.05,25,Cloudy,1,40.06,Spring,0,218
2022-03-07,S002,P0003,Groceries,South,341,99,0,86.48,0,Cloudy,0,96.09,Spring,0,118
2022-03-07,S002,P0004,Groceries,South,564,140,0,41.36,15,Cloudy,1,47.66,Spring,0,144
2022-03-07,S002,P0005,Electronics,South,472,49,0,76.1,0,Cloudy,0,84.92,Spring,0,42
2022-03-07,S002,P0006,Clothing,South,146,143,177,86.55,0,Cloudy,0,81.22,Spring,0,171
2022-03-07,S002,P0007,Toys,South,533,140,484,34.82,5,Cloudy,0,30.38,Spring,0,161
2022-03-07,S002,P0008,Groceries,South,175,166,236,31.47,10,Cloudy,1,37.29,Spring,0,206
2022-03-07,S002,P0009,Groceries,South,196,121,200,59.71,10,Cloudy,0,72.27,Spring,0,117
2022-03-07,S002,P0010,Groceries,South,152,123,96,85.89,10,Cloudy,0,78.38,Spring,0,104
2022-03-07,S002,P0011,Groceries,South,0,0,0,102.9,10,Cloudy,1,97.87,Spring,0,140
2022-03-07,S002,P0012,Electronics,South,614,43,0,62.69,5,Cloudy,0,55.26,Spring,0,68
2022-03-07,S002,P0013,Groceries,South,500,79,0,19.77,10,Cloudy,0,17.76,Spring,0,80
2022-03-07,S002,P0014,Electronics,South,925,58,0,111.45,5,Cloudy,0,117.7,Spring,0,77
2022-03-07,S002,P0015,Clothing,South,431,101,0,52.44,25,Cloudy,1,47.37,Spring,0,86
2022-03-07,S002,P0016,Clothing,South,210,150,243,94.93,10,Cloudy,1,89.29,Spring,0,135
2022-03-07,S002,P0017,Toys,South,237,117,0,20.96,10,Cloudy,1,19.54,Spring,0,112
2022-03-07,S002,P0018,Clothing,South,137,137,121,32.09,5,Cloudy,0,29.84,Spring,0,141
2022-03-07,S002,P0019,Clothing,South,598,192,870,100.69,20,Cloudy,1,88.07,Spring,0,205
2022-03-07,S002,P0020,Furniture,South,518,33,0,113.85,5,Cloudy,0,120.26,Spring,0,53
2022-03-07,S003,P0001,Toys,East,190,63,0,15.77,10,Rainy,0,15.08,Spring,0,92
2022-03-07,S003,P0002,Groceries,East,646,131,0,50.09,20,Rainy,1,43.36,Spring,0,115
2022-03-07,S003,P0003,Electronics,East,104,96,79,83.45,10,Rainy,0,81.54,Spring,0,90
2022-03-07,S003,P0004,Groceries,East,235,210,0,26.75,10,Rainy,1,28.57,Spring,0,184
2022-03-07,S003,P0005,Toys,East,731,56,0,18.12,10,Rainy,0,17.43,Spring,0,48
2022-03-07,S003,P0006,Toys,East,201,155,154,43.9,0,Rainy,0,47.88,Spring,0,131
2022-03-07,S003,P0007,Groceries,East,114,57,0,14.22,5,Rainy,0,15.91,Spring,0,73
2022-03-07,S003,P0008,Clothing,East,416,83,0,117.56,10,Rainy,1,124.08,Spring,0,134
2022-03-07,S003,P0009,Groceries,East,152,75,0,50.71,0,Rainy,0,55.09,Spring,0,78
2022-03-07,S003,P0010,Groceries,East,118,62,76,36.34,5,Rainy,0,40.91,Spring,0,91
2022-03-07,S003,P0011,Electronics,East,343,213,388,129.21,25,Rainy,1,127.57,Spring,0,192
2022-03-07,S003,P0012,Furniture,East,114,82,0,97.27,0,Rainy,0,102.7,Spring,0,70
2022-03-07,S003,P0013,Groceries,East,53,52,0,64.62,10,Rainy,0,62.75,Spring,0,79
2022-03-07,S003,P0014,Groceries,East,303,199,556,116.75,5,Rainy,0,101.29,Spring,0,167
2022-03-07,S003,P0015,Groceries,East,419,177,0,100.36,15,Rainy,1,113.52,Spring,0,160
2022-03-07,S003,P0016,Electronics,East,136,119,0,96.29,10,Rainy,1,86.28,Spring,0,99
2022-03-07,S003,P0017,Furniture,East,387,29,0,78.02,25,Rainy,1,83.11,Spring,0,34
2022-03-07,S003,P0018,Furniture,East,183,80,0,141.73,0,Rainy,0,150.19,Spring,0,89
2022-03-07,S003,P0019,Groceries,East,169,132,134,46.0,25,Rainy,1,41.28,Spring,0,115
2022-03-07,S003,P0020,Clothing,East,813,96,0,76.72,5,Rainy,0,85.1,Spring,0,121
2022-03-07,S004,P0001,Groceries,West,187,87,0,11.13,5,Cloudy,0,11.11,Spring,0,99
2022-03-07,S004,P0002,Groceries,West,485,176,0,18.71,25,Cloudy,1,22.61,Spring,0,167
2022-03-07,S004,P0003,Furniture,West,371,45,0,138.86,5,Cloudy,0,126.68,Spring,0,73
2022-03-07,S004,P0004,Groceries,West,467,51,0,45.73,15,Cloudy,1,45.4,Spring,0,83
2022-03-07,S004,P0005,Clothing,West,127,95,81,62.5,10,Cloudy,0,74.4,Spring,0,81
2022-03-07,S004,P0006,Groceries,West,181,52,0,30.37,10,Cloudy,0,33.58,Spring,0,75
2022-03-07,S004,P0007,Groceries,West,366,98,0,31.52,10,Cloudy,0,30.59,Spring,0,146
2022-03-07,S004,P0008,Furniture,West,157,82,0,88.6,15,Cloudy,1,95.32,Spring,0,90
2022-03-07,S004,P0009,Clothing,West,372,88,357,116.73,10,Cloudy,0,106.32,Spring,0,116
2022-03-07,S004,P0010,Groceries,West,157,78,0,25.65,5,Cloudy,0,25.54,Spring,0,94
2022-03-07,S004,P0011,Clothing,West,147,119,0,51.46,20,Cloudy,1,44.65,Spring,0,103
2022-03-07,S004,P0012,Electronics,West,78,65,93,118.46,5,Cloudy,0,111.32,Spring,0,104
2022-03-07,S004,P0013,Groceries,West,704,85,0,17.87,10,Cloudy,0,17.72,Spring,0,73
2022-03-07,S004,P0014,Furniture,West,141,43,0,141.53,5,Cloudy,0,152.36,Spring,0,43
2022-03-07,S004,P0015,Furniture,West,339,68,0,83.34,15,Cloudy,1,98.37,Spring,0,77
2022-03-07,S004,P0016,Furniture,West,261,69,236,96.29,25,Cloudy,1,86.26,Spring,0,84
2022-03-07,S004,P0017,Clothing,West,160,69,127,92.65,15,Cloudy,1,90.35,Spring,0,114
2022-03-07,S004,P0018,Furniture,West,162,27,0,125.95,10,Cloudy,0,133.9,Spring,0,37
2022-03-07,S004,P0019,Clothing,West,167,98,98,48.34,25,Cloudy,1,54.24,Spring,0,118
2022-03-07,S004,P0020,Furniture,West,180,61,122,137.94,0,Cloudy,0,130.08,Spring,0,74
2022-03-07,S005,P0001,Groceries,North,524,37,0,9.76,10,Sunny,0,8.73,Spring,0,55
2022-03-07,S005,P0002,Electronics,North,298,140,656,43.42,25,Sunny,1,39.94,Spring,0,193
2022-03-07,S005,P0003,Toys,North,163,163,192,38.58,0,Sunny,0,45.55,Spring,0,177
2022-03-07,S005,P0004,Groceries,North,114,114,171,8.95,15,Sunny,1,8.02,Spring,0,189
2022-03-07,S005,P0005,Groceries,North,317,70,0,15.93,10,Sunny,0,15.38,Spring,0,107
2022-03-07,S005,P0006,Groceries,North,535,166,0,73.92,5,Sunny,0,64.74,Spring,0,171
2022-03-07,S005,P0007,Groceries,North,486,107,0,88.88,10,Sunny,0,79.23,Spring,0,141
2022-03-07,S005,P0008,Groceries,North,57,57,64,48.33,15,Sunny,1,43.72,Spring,0,56
2022-03-07,S005,P0009,Groceries,North,516,52,0,91.06,5,Sunny,0,90.28,Spring,0,83
2022-03-07,S005,P0010,Groceries,North,739,151,0,63.93,5,Sunny,0,72.69,Spring,0,136
2022-03-07,S005,P0011,Electronics,North,304,93,0,71.32,10,Sunny,1,83.84,Spring,0,91
2022-03-07,S005,P0012,Furniture,North,278,38,0,120.07,0,Sunny,0,135.67,Spring,0,54
2022-03-07,S005,P0013,Groceries,North,841,94,0,79.75,10,Sunny,0,86.0,Spring,0,155
2022-03-07,S005,P0014,Furniture,North,464,16,0,136.08,5,Sunny,0,123.5,Spring,0,25
2022-03-07,S005,P0015,Groceries,North,514,112,0,48.66,15,Sunny,1,58.77,Spring,0,141
2022-03-07,S005,P0016,Toys,North,382,223,662,38.49,25,Sunny,1,37.87,Spring,0,213
2022-03-07,S005,P0017,Toys,North,145,145,194,45.44,15,Sunny,1,54.08,Spring,0,221
2022-03-07,S005,P0018,Clothing,North,84,82,117,23.08,10,Sunny,0,21.94,Spring,0,131
2022-03-07,S005,P0019,Furniture,North,236,83,197,125.08,15,Sunny,1,131.98,Spring,0,90
2022-03-07,S005,P0020,Toys,North,127,98,136,33.7,0,Sunny,0,37.68,Spring,0,122
2022-03-08,S001,P0001,Electronics,North,411,45,0,61.06,10,Cloudy,0,54.47,Spring,0,64
2022-03-08,S001,P0002,Clothing,North,197,156,141,71.73,15,Cloudy,1,61.09,Spring,0,164
2022-03-08,S001,P0003,Clothing,North,272,171,0,66.46,5,Cloudy,0,62.58,Spring,0,157
2022-03-08,S001,P0004,Electronics,North,115,46,0,99.43,5,Cloudy,0,99.2,Spring,0,71
2022-03-08,S001,P0005,Groceries,North,492,91,0,54.62,15,Cloudy,1,52.3,Spring,0,107
2022-03-08,S001,P0006,Toys,North,643,146,0,47.77,10,Cloudy,0,54.62,Spring,0,183
2022-03-08,S001,P0007,Groceries,North,648,37,0,19.88,5,Cloudy,0,19.52,Spring,0,38
2022-03-08,S001,P0008,Electronics,North,159,113,0,40.93,10,Cloudy,1,47.46,Spring,0,99
2022-03-08,S001,P0009,Clothing,North,158,158,148,97.92,10,Cloudy,1,89.99,Spring,0,143
2022-03-08,S001,P0010,Furniture,North,109,69,0,125.64,5,Cloudy,0,146.51,Spring,0,83
2022-03-08,S001,P0011,Furniture,North,222,38,0,137.32,5,Cloudy,0,129.66,Spring,0,32
2022-03-08,S001,P0012,Groceries,North,258,104,0,98.3,0,Cloudy,0,114.58,Spring,0,155
2022-03-08,S001,P0013,Toys,North,90,90,113,36.19,5,Cloudy,0,40.4,Spring,0,139
2022-03-08,S001,P0014,Groceries,North,409,147,437,85.55,0,Cloudy,0,96.34,Spring,0,151
2022-03-08,S001,P0015,Toys,North,190,104,0,13.88,15,Cloudy,1,14.68,Spring,0,100
2022-03-08,S001,P0016,Groceries,North,308,140,0,48.26,0,Cloudy,0,55.44,Spring,0,172
2022-03-08,S001,P0017,Toys,North,95,95,114,24.48,0,Cloudy,0,27.63,Spring,0,118
2022-03-08,S001,P0018,Groceries,North,199,63,0,55.44,5,Cloudy,0,47.61,Spring,0,71
2022-03-08,S001,P0019,Furniture,North,111,97,94,102.74,20,Cloudy,1,111.93,Spring,0,113
2022-03-08,S001,P0020,Furniture,North,657,69,0,111.07,10,Cloudy,0,107.69,Spring,0,70
2022-03-08,S002,P0001,Groceries,South,468,62,0,66.71,10,Cloudy,0,76.53,Spring,0,72
2022-03-08,S002,P0002,Toys,South,240,204,0,33.27,20,Cloudy,1,39.24,Spring,0,172
2022-03-08,S002,P0003,Groceries,South,876,124,0,95.26,0,Cloudy,0,104.01,Spring,0,151
2022-03-08,S002,P0004,Groceries,South,424,123,361,44.04,10,Cloudy,0,39.33,Spring,0,129
2022-03-08,S002,P0005,Electronics,South,423,112,0,73.07,25,Cloudy,1,71.89,Spring,0,95
2022-03-08,S002,P0006,Clothing,South,180,82,0,62.81,5,Cloudy,0,60.71,Spring,0,82
2022-03-08,S002,P0007,Toys,South,393,107,0,29.6,5,Cloudy,0,27.17,Spring,0,106
2022-03-08,S002,P0008,Groceries,South,245,156,0,23.16,25,Cloudy,1,21.99,Spring,0,140
2022-03-08,S002,P0009,Groceries,South,75,75,295,61.19,15,Cloudy,1,55.44,Spring,0,127
2022-03-08,S002,P0010,Groceries,South,125,72,94,81.05,5,Cloudy,0,97.52,Spring,0,86
2022-03-08,S002,P0011,Groceries,South,671,50,0,87.73,0,Cloudy,0,76.54,Spring,0,60
2022-03-08,S002,P0012,Electronics,South,571,131,494,75.31,5,Cloudy,0,70.03,Spring,0,123
2022-03-08,S002,P0013,Groceries,South,421,84,0,22.23,0,Cloudy,0,26.47,Spring,0,99
2022-03-08,S002,P0014,Electronics,South,867,139,0,120.32,10,Cloudy,0,134.6,Spring,0,116
2022-03-08,S002,P0015,Clothing,South,330,91,0,66.09,10,Cloudy,1,69.75,Spring,0,116
2022-03-08,S002,P0016,Clothing,South,60,60,0,90.57,10,Cloudy,0,77.84,Spring,0,119
2022-03-08,S002,P0017,Toys,South,342,79,290,20.44,0,Cloudy,0,22.64,Spring,0,88
2022-03-08,S002,P0018,Clothing,South,121,112,117,28.24,5,Cloudy,0,26.64,Spring,0,100
2022-03-08,S002,P0019,Clothing,South,406,91,0,67.07,25,Cloudy,1,66.36,Spring,0,86
2022-03-08,S002,P0020,Furniture,South,485,76,0,132.28,0,Cloudy,0,144.7,Spring,0,80
2022-03-08,S003,P0001,Toys,East,461,178,0,20.82,10,Cloudy,0,20.77,Spring,0,187
2022-03-08,S003,P0002,Groceries,East,515,134,0,45.02,25,Cloudy,1,49.61,Spring,0,118
2022-03-08,S003,P0003,Electronics,East,87,87,151,110.72,10,Cloudy,0,108.85,Spring,0,187
2022-03-08,S003,P0004,Groceries,East,609,136,0,24.58,5,Cloudy,0,22.01,Spring,0,117
2022-03-08,S003,P0005,Toys,East,675,50,0,20.04,10,Cloudy,1,19.01,Spring,0,75
2022-03-08,S003,P0006,Toys,East,200,149,119,43.48,5,Cloudy,0,38.03,Spring,0,128
2022-03-08,S003,P0007,Groceries,East,695,145,621,18.96,10,Cloudy,0,21.35,Spring,0,187
2022-03-08,S003,P0008,Clothing,East,333,100,215,116.85,10,Cloudy,1,129.18,Spring,0,132
2022-03-08,S003,P0009,Groceries,East,77,77,176,52.74,20,Cloudy,1,59.56,Spring,0,163
2022-03-08,S003,P0010,Groceries,East,132,37,0,34.36,0,Cloudy,0,36.84,Spring,0,61
2022-03-08,S003,P0011,Electronics,East,130,78,0,128.36,0,Cloudy,0,126.71,Spring,0,91
2022-03-08,S003,P0012,Furniture,East,289,71,0,93.67,5,Cloudy,0,87.37,Spring,0,60
2022-03-08,S003,P0013,Groceries,East,1082,67,0,78.45,0,Cloudy,0,78.09,Spring,0,105
2022-03-08,S003,P0014,Groceries,East,104,104,0,104.21,10,Cloudy,0,117.42,Spring,0,164
2022-03-08,S003,P0015,Groceries,East,242,164,0,90.42,25,Cloudy,1,101.06,Spring,0,167
2022-03-08,S003,P0016,Electronics,East,303,121,233,106.05,10,Cloudy,0,94.63,Spring,0,130
2022-03-08,S003,P0017,Furniture,East,358,92,322,117.89,5,Cloudy,0,136.06,Spring,0,80
2022-03-08,S003,P0018,Furniture,East,103,29,0,118.96,0,Cloudy,0,113.05,Spring,0,30
2022-03-08,S003,P0019,Groceries,East,171,110,108,55.86,10,Cloudy,1,51.4,Spring,0,119
2022-03-08,S003,P0020,Clothing,East,717,81,0,69.4,10,Cloudy,0,75.13,Spring,0,107
2022-03-08,S004,P0001,Groceries,West,881,136,0,12.36,5,Sunny,0,14.05,Spring,0,150
2022-03-08,S004,P0002,Groceries,West,309,243,481,23.35,20,Sunny,1,20.27,Spring,0,209
2022-03-08,S004,P0003,Furniture,West,326,85,331,152.02,5,Sunny,0,149.55,Spring,0,99
2022-03-08,S004,P0004,Groceries,West,416,179,539,61.19,10,Sunny,0,66.34,Spring,0,178
2022-03-08,S004,P0005,Clothing,West,113,92,88,71.71,10,Sunny,1,66.42,Spring,0,106
2022-03-08,S004,P0006,Groceries,West,509,65,0,34.09,0,Sunny,0,39.64,Spring,0,77
2022-03-08,S004,P0007,Groceries,West,268,49,0,23.76,10,Sunny,0,28.12,Spring,0,73
2022-03-08,S004,P0008,Furniture,West,75,74,74,78.7,25,Sunny,1,94.35,Spring,0,92
2022-03-08,S004,P0009,Clothing,West,284,160,0,105.23,25,Sunny,1,116.14,Spring,0,160
2022-03-08,S004,P0010,Groceries,West,746,197,720,31.12,10,Sunny,0,27.5,Spring,0,178
2022-03-08,S004,P0011,Clothing,West,530,108,0,62.84,0,Sunny,0,62.55,Spring,0,95
2022-03-08,S004,P0012,Electronics,West,106,30,0,84.15,10,Sunny,0,92.2,Spring,0,39
2022-03-08,S004,P0013,Groceries,West,619,194,529,26.13,0,Sunny,0,28.86,Spring,0,180
2022-03-08,S004,P0014,Furniture,West,322,57,0,164.95,0,Sunny,0,177.58,Spring,0,70
2022-03-08,S004,P0015,Furniture,West,271,102,0,94.45,15,Sunny,1,112.13,Spring,0,115
2022-03-08,S004,P0016,Furniture,West,192,61,0,105.32,10,Sunny,0,112.89,Spring,0,72
2022-03-08,S004,P0017,Clothing,West,218,69,0,97.45,0,Sunny,0,113.75,Spring,0,95
2022-03-08,S004,P0018,Furniture,West,135,27,0,130.86,10,Sunny,0,127.73,Spring,0,34
2022-03-08,S004,P0019,Clothing,West,167,167,201,60.46,20,Sunny,1,64.65,Spring,0,173
2022-03-08,S004,P0020,Furniture,West,119,118,248,140.85,5,Sunny,0,152.04,Spring,0,111
2022-03-08,S005,P0001,Groceries,North,487,80,0,10.39,10,Cloudy,0,9.89,Spring,0,72
2022-03-08,S005,P0002,Electronics,North,158,149,0,38.44,20,Cloudy,1,37.56,Spring,0,125
2022-03-08,S005,P0003,Toys,North,192,180,188,38.15,5,Cloudy,0,34.16,Spring,0,173
2022-03-08,S005,P0004,Groceries,North,171,103,0,7.42,5,Cloudy,0,6.91,Spring,0,87
2022-03-08,S005,P0005,Groceries,North,247,90,0,14.04,15,Cloudy,1,12.53,Spring,0,86
2022-03-08,S005,P0006,Groceries,North,369,124,0,62.58,10,Cloudy,0,57.91,Spring,0,131
2022-03-08,S005,P0007,Groceries,North,379,119,302,106.55,0,Cloudy,0,95.0,Spring,0,168
2022-03-08,S005,P0008,Groceries,North,64,64,158,59.22,20,Cloudy,1,64.85,Spring,0,152
2022-03-08,S005,P0009,Groceries,North,464,144,464,99.83,10,Cloudy,1,109.69,Spring,0,145
2022-03-08,S005,P0010,Groceries,North,588,71,0,51.73,10,Cloudy,0,60.52,Spring,0,86
2022-03-08,S005,P0011,Electronics,North,709,126,0,92.96,5,Cloudy,0,81.07,Spring,0,142
2022-03-08,S005,P0012,Furniture,North,986,54,0,129.93,0,Cloudy,0,142.42,Spring,0,76
2022-03-08,S005,P0013,Groceries,North,747,148,0,88.75,10,Cloudy,0,103.46,Spring,0,196
2022-03-08,S005,P0014,Furniture,North,448,87,0,163.17,10,Cloudy,0,192.11,Spring,0,101
2022-03-08,S005,P0015,Groceries,North,402,122,0,42.6,20,Cloudy,1,47.39,Spring,0,117
2022-03-08,S005,P0016,Toys,North,159,43,0,28.31,10,Cloudy,0,32.36,Spring,0,64
2022-03-08,S005,P0017,Toys,North,194,174,149,42.49,10,Cloudy,0,46.2,Spring,0,171
2022-03-08,S005,P0018,Clothing,North,119,119,123,25.58,5,Cloudy,0,23.27,Spring,0,147
2022-03-08,S005,P0019,Furniture,North,153,61,0,113.58,20,Cloudy,1,127.67,Spring,0,80
2022-03-08,S005,P0020,Toys,North,165,75,0,28.6,10,Cloudy,0,25.44,Spring,0,88
2022-03-09,S001,P0001,Electronics,North,366,195,383,81.24,15,Rainy,1,72.83,Spring,0,175
2022-03-09,S001,P0002,Clothing,North,182,79,0,65.83,10,Rainy,0,62.76,Spring,0,114
2022-03-09,S001,P0003,Clothing,North,101,38,0,43.16,10,Rainy,0,39.02,Spring,0,44
2022-03-09,S001,P0004,Electronics,North,277,72,0,101.65,0,Rainy,0,88.7,Spring,0,63
2022-03-09,S001,P0005,Groceries,North,1098,24,0,45.02,5,Rainy,0,49.32,Spring,0,37
2022-03-09,S001,P0006,Toys,North,497,165,487,47.43,10,Rainy,1,44.73,Spring,0,161
2022-03-09,S001,P0007,Groceries,North,611,103,0,26.04,5,Rainy,0,23.52,Spring,0,113
2022-03-09,S001,P0008,Electronics,North,46,46,141,46.84,10,Rainy,0,42.64,Spring,0,125
2022-03-09,S001,P0009,Clothing,North,148,5,0,49.07,25,Rainy,1,44.5,Spring,0,4
2022-03-09,S001,P0010,Furniture,North,456,68,0,116.39,10,Rainy,0,106.9,Spring,0,63
2022-03-09,S001,P0011,Furniture,North,184,56,179,148.7,10,Rainy,1,171.91,Spring,0,80
2022-03-09,S001,P0012,Groceries,North,421,109,0,82.38,0,Rainy,0,95.67,Spring,0,97
2022-03-09,S001,P0013,Toys,North,113,94,88,29.58,15,Rainy,1,25.37,Spring,0,93
2022-03-09,S001,P0014,Groceries,North,262,116,0,61.3,25,Rainy,1,60.23,Spring,0,118
2022-03-09,S001,P0015,Toys,North,86,70,106,16.75,0,Rainy,0,18.76,Spring,0,108
2022-03-09,S001,P0016,Groceries,North,168,81,0,36.74,0,Rainy,0,35.06,Spring,0,68
2022-03-09,S001,P0017,Toys,North,114,109,124,22.74,10,Rainy,1,26.59,Spring,0,128
2022-03-09,S001,P0018,Groceries,North,136,136,210,69.55,25,Rainy,1,81.2,Spring,0,257
2022-03-09,S001,P0019,Furniture,North,108,93,96,115.38,5,Rainy,0,129.77,Spring,0,96
2022-03-09,S001,P0020,Furniture,North,588,56,0,105.1,10,Rainy,0,113.11,Spring,0,69
2022-03-09,S002,P0001,Groceries,South,406,253,750,95.33,20,Sunny,1,91.55,Spring,0,218
2022-03-09,S002,P0002,Toys,South,390,148,0,33.13,10,Sunny,0,35.05,Spring,0,128
2022-03-09,S002,P0003,Groceries,South,752,182,0,106.57,5,Sunny,0,118.85,Spring,0,214
2022-03-09,S002,P0004,Groceries,South,301,102,0,37.61,10,Sunny,0,44.53,Spring,0,95
2022-03-09,S002,P0005,Electronics,South,1024,47,0,85.85,0,Sunny,0,95.88,Spring,0,73
2022-03-09,S002,P0006,Clothing,South,98,91,106,65.11,15,Sunny,1,63.3,Spring,0,128
2022-03-09,S002,P0007,Toys,South,286,45,0,24.07,10,Sunny,0,22.82,Spring,0,62
2022-03-09,S002,P0008,Groceries,South,89,28,50,20.09,10,Sunny,0,18.23,Spring,0,44
2022-03-09,S002,P0009,Groceries,South,200,112,0,62.59,15,Sunny,1,73.86,Spring,0,153
2022-03-09,S002,P0010,Groceries,South,147,147,170,105.86,5,Sunny,0,104.1,Spring,0,156
2022-03-09,S002,P0011,Groceries,South,621,125,0,87.31,20,Sunny,1,93.14,Spring,0,142
2022-03-09,S002,P0012,Electronics,South,440,133,0,74.07,10,Sunny,0,68.42,Spring,0,136
2022-03-09,S002,P0013,Groceries,South,337,233,652,25.05,20,Sunny,1,28.36,Spring,0,222
2022-03-09,S002,P0014,Electronics,South,728,159,0,109.6,25,Sunny,1,121.52,Spring,0,146
2022-03-09,S002,P0015,Clothing,South,838,93,0,67.08,10,Sunny,0,62.81,Spring,0,105
2022-03-09,S002,P0016,Clothing,South,243,114,261,103.6,0,Sunny,0,93.85,Spring,0,129
2022-03-09,S002,P0017,Toys,South,263,102,0,19.58,15,Sunny,1,22.71,Spring,0,125
2022-03-09,S002,P0018,Clothing,South,126,126,143,25.9,20,Sunny,1,30.75,Spring,0,144
2022-03-09,S002,P0019,Clothing,South,315,23,0,58.98,10,Sunny,0,70.49,Spring,0,20
2022-03-09,S002,P0020,Furniture,South,409,88,0,139.97,10,Sunny,0,122.16,Spring,0,113
2022-03-09,S003,P0001,Toys,East,283,58,0,14.48,15,Sunny,1,14.13,Spring,0,84
2022-03-09,S003,P0002,Groceries,East,381,120,483,67.32,5,Sunny,0,62.52,Spring,0,157
2022-03-09,S003,P0003,Electronics,East,151,70,93,77.64,10,Sunny,0,91.49,Spring,0,84
2022-03-09,S003,P0004,Groceries,East,473,88,0,26.36,5,Sunny,0,25.41,Spring,0,140
2022-03-09,S003,P0005,Toys,East,625,67,0,23.34,5,Sunny,0,21.85,Spring,0,104
2022-03-09,S003,P0006,Toys,East,170,170,305,70.18,10,Sunny,1,66.38,Spring,0,361
2022-03-09,S003,P0007,Groceries,East,550,127,0,19.1,5,Sunny,0,18.97,Spring,0,150
2022-03-09,S003,P0008,Clothing,East,233,51,0,96.02,5,Sunny,0,113.84,Spring,0,58
2022-03-09,S003,P0009,Groceries,East,176,84,0,51.06,10,Sunny,1,46.53,Spring,0,96
2022-03-09,S003,P0010,Groceries,East,95,95,220,52.66,5,Sunny,0,50.92,Spring,0,202
2022-03-09,S003,P0011,Electronics,East,440,148,0,133.21,10,Sunny,1,161.11,Spring,0,154
2022-03-09,S003,P0012,Furniture,East,218,84,150,98.44,10,Sunny,0,95.14,Spring,0,89
2022-03-09,S003,P0013,Groceries,East,1015,280,864,96.36,15,Sunny,1,94.66,Spring,0,243
2022-03-09,S003,P0014,Groceries,East,0,0,0,87.68,25,Sunny,1,75.71,Spring,0,149
2022-03-09,S003,P0015,Groceries,East,78,78,716,116.56,0,Sunny,0,125.88,Spring,0,155
2022-03-09,S003,P0016,Electronics,East,182,27,0,77.19,5,Sunny,0,76.03,Spring,0,26
2022-03-09,S003,P0017,Furniture,East,266,100,0,114.18,20,Sunny,1,106.33,Spring,0,107
2022-03-09,S003,P0018,Furniture,East,383,136,599,142.99,20,Sunny,1,121.91,Spring,0,147
2022-03-09,S003,P0019,Groceries,East,169,130,159,61.94,10,Sunny,0,53.04,Spring,0,154
2022-03-09,S003,P0020,Clothing,East,636,97,535,85.51,5,Sunny,0,98.26,Spring,0,159
2022-03-09,S004,P0001,Groceries,West,745,168,975,14.82,10,Sunny,1,12.64,Spring,0,222
2022-03-09,S004,P0002,Groceries,West,66,59,0,20.77,0,Sunny,0,18.36,Spring,0,89
2022-03-09,S004,P0003,Furniture,West,241,92,0,153.62,0,Sunny,0,143.05,Spring,0,87
2022-03-09,S004,P0004,Groceries,West,237,57,0,50.25,5,Sunny,0,45.72,Spring,0,78
2022-03-09,S004,P0005,Clothing,West,109,54,59,55.83,10,Sunny,0,62.94,Spring,0,50
2022-03-09,S004,P0006,Groceries,West,444,142,0,35.38,10,Sunny,1,39.3,Spring,0,121
2022-03-09,S004,P0007,Groceries,West,1100,146,0,29.21,10,Sunny,0,32.08,Spring,0,137
2022-03-09,S004,P0008,Furniture,West,75,73,114,110.79,5,Sunny,0,99.69,Spring,0,109
2022-03-09,S004,P0009,Clothing,West,124,87,0,115.76,10,Sunny,1,127.41,Spring,0,130
2022-03-09,S004,P0010,Groceries,West,549,141,0,30.2,5,Sunny,0,26.44,Spring,0,148
2022-03-09,S004,P0011,Clothing,West,422,133,556,63.59,10,Sunny,1,70.8,Spring,0,151
2022-03-09,S004,P0012,Electronics,West,76,76,119,127.58,10,Sunny,0,120.73,Spring,0,146
2022-03-09,S004,P0013,Groceries,West,425,155,0,26.24,10,Sunny,1,27.73,Spring,0,225
2022-03-09,S004,P0014,Furniture,West,265,93,0,144.14,20,Sunny,1,139.25,Spring,0,80
2022-03-09,S004,P0015,Furniture,West,550,76,0,94.36,0,Sunny,0,101.05,Spring,0,67
2022-03-09,S004,P0016,Furniture,West,131,71,0,127.24,5,Sunny,0,117.8,Spring,0,96
2022-03-09,S004,P0017,Clothing,West,149,91,118,94.49,20,Sunny,1,94.18,Spring,0,141
2022-03-09,S004,P0018,Furniture,West,108,44,79,142.07,10,Sunny,1,168.27,Spring,0,68
2022-03-09,S004,P0019,Clothing,West,201,126,0,62.07,0,Sunny,0,73.41,Spring,0,106
2022-03-09,S004,P0020,Furniture,West,123,66,0,121.56,5,Sunny,0,131.35,Spring,0,68
2022-03-09,S005,P0001,Groceries,North,407,115,0,10.2,20,Rainy,1,10.15,Spring,0,100
2022-03-09,S005,P0002,Electronics,North,9,9,0,36.2,5,Rainy,0,40.53,Spring,0,71
2022-03-09,S005,P0003,Toys,North,200,200,205,42.55,0,Rainy,0,50.84,Spring,0,217
2022-03-09,S005,P0004,Groceries,North,68,68,139,9.85,0,Rainy,0,9.3,Spring,0,163
2022-03-09,S005,P0005,Groceries,North,157,42,137,14.22,5,Rainy,0,13.59,Spring,0,59
2022-03-09,S005,P0006,Groceries,North,1051,136,0,57.36,20,Rainy,1,65.0,Spring,0,160
2022-03-09,S005,P0007,Groceries,North,260,144,0,92.77,5,Rainy,0,91.06,Spring,0,137
2022-03-09,S005,P0008,Groceries,North,158,88,132,66.18,5,Rainy,0,56.39,Spring,0,114
2022-03-09,S005,P0009,Groceries,North,320,78,0,84.73,15,Rainy,1,76.84,Spring,0,94
2022-03-09,S005,P0010,Groceries,North,517,147,0,67.0,0,Rainy,0,78.65,Spring,0,135
2022-03-09,S005,P0011,Electronics,North,583,67,0,65.99,20,Rainy,1,57.5,Spring,0,87
2022-03-09,S005,P0012,Furniture,North,932,48,0,130.78,0,Rainy,0,129.34,Spring,0,63
2022-03-09,S005,P0013,Groceries,North,599,90,0,59.55,20,Rainy,1,52.17,Spring,0,83
2022-03-09,S005,P0014,Furniture,North,361,101,329,178.16,15,Rainy,1,161.58,Spring,0,131
2022-03-09,S005,P0015,Groceries,North,280,161,318,54.67,10,Rainy,0,54.18,Spring,0,144
2022-03-09,S005,P0016,Toys,North,116,56,0,29.12,10,Rainy,0,33.75,Spring,0,72
2022-03-09,S005,P0017,Toys,North,169,124,119,39.66,10,Rainy,1,35.09,Spring,0,129
2022-03-09,S005,P0018,Clothing,North,123,117,99,18.04,20,Rainy,1,19.41,Spring,0,106
2022-03-09,S005,P0019,Furniture,North,289,53,0,133.66,0,Rainy,0,125.3,Spring,0,50
2022-03-09,S005,P0020,Toys,North,90,90,123,32.46,5,Rainy,0,30.04,Spring,0,110
2022-03-10,S001,P0001,Electronics,North,171,65,0,61.18,10,Rainy,0,65.79,Spring,0,79
2022-03-10,S001,P0002,Clothing,North,103,103,117,61.59,10,Rainy,0,67.49,Spring,0,110
2022-03-10,S001,P0003,Clothing,North,678,149,1075,67.39,20,Rainy,1,63.48,Spring,0,231
2022-03-10,S001,P0004,Electronics,North,205,66,0,89.97,10,Rainy,0,102.11,Spring,0,72
2022-03-10,S001,P0005,Groceries,North,1074,43,0,46.12,15,Rainy,1,45.84,Spring,0,59
2022-03-10,S001,P0006,Toys,North,332,62,0,35.68,5,Rainy,0,39.82,Spring,0,69
2022-03-10,S001,P0007,Groceries,North,508,112,529,23.95,10,Rainy,0,28.71,Spring,0,120
2022-03-10,S001,P0008,Electronics,North,141,105,108,46.69,5,Rainy,0,42.41,Spring,0,107
2022-03-10,S001,P0009,Clothing,North,143,81,105,76.69,15,Rainy,1,86.27,Spring,0,99
2022-03-10,S001,P0010,Furniture,North,388,79,396,128.14,5,Rainy,0,139.89,Spring,0,89
2022-03-10,S001,P0011,Furniture,North,128,63,0,135.92,10,Rainy,0,144.72,Spring,0,55
2022-03-10,S001,P0012,Groceries,North,312,101,0,78.53,10,Rainy,0,77.42,Spring,0,98
2022-03-10,S001,P0013,Toys,North,107,107,187,33.22,25,Rainy,1,29.68,Spring,0,175
2022-03-10,S001,P0014,Groceries,North,146,146,501,71.75,20,Rainy,1,80.71,Spring,0,168
2022-03-10,S001,P0015,Toys,North,122,84,131,13.97,20,Rainy,1,16.39,Spring,0,121
2022-03-10,S001,P0016,Groceries,North,595,54,0,34.89,10,Rainy,0,30.32,Spring,0,83
2022-03-10,S001,P0017,Toys,North,129,110,93,23.1,0,Rainy,0,27.62,Spring,0,100
2022-03-10,S001,P0018,Groceries,North,210,57,0,57.58,0,Rainy,0,63.26,Spring,0,82
2022-03-10,S001,P0019,Furniture,North,111,37,65,100.93,5,Rainy,0,121.45,Spring,0,58
2022-03-10,S001,P0020,Furniture,North,532,54,0,87.89,25,Rainy,1,101.59,Spring,0,70
2022-03-10,S002,P0001,Groceries,South,153,99,0,75.23,10,Rainy,0,86.1,Spring,0,107
2022-03-10,S002,P0002,Toys,South,242,128,286,35.72,5,Rainy,0,43.21,Spring,0,136
2022-03-10,S002,P0003,Groceries,South,570,116,0,73.41,20,Rainy,1,82.68,Spring,0,138
2022-03-10,S002,P0004,Groceries,South,199,70,0,42.89,0,Rainy,0,36.73,Spring,0,88
2022-03-10,S002,P0005,Electronics,South,977,97,0,70.62,25,Rainy,1,63.95,Spring,0,85
2022-03-10,S002,P0006,Clothing,South,113,113,142,74.74,5,Rainy,0,71.86,Spring,0,137
2022-03-10,S002,P0007,Toys,South,725,127,0,28.02,10,Rainy,0,27.91,Spring,0,106
2022-03-10,S002,P0008,Groceries,South,111,71,91,23.17,10,Rainy,0,21.08,Spring,0,82
2022-03-10,S002,P0009,Groceries,South,383,201,366,77.69,10,Rainy,1,83.46,Spring,0,214
2022-03-10,S002,P0010,Groceries,South,170,127,119,100.38,0,Rainy,0,105.92,Spring,0,137
2022-03-10,S002,P0011,Groceries,South,496,69,0,85.6,10,Rainy,0,91.17,Spring,0,98
2022-03-10,S002,P0012,Electronics,South,307,26,0,54.89,0,Rainy,0,47.79,Spring,0,22
2022-03-10,S002,P0013,Groceries,South,104,104,0,25.71,10,Rainy,1,25.28,Spring,0,166
2022-03-10,S002,P0014,Electronics,South,569,95,0,122.57,10,Rainy,1,112.27,Spring,0,106
2022-03-10,S002,P0015,Clothing,South,745,125,0,58.61,20,Rainy,1,65.5,Spring,0,116
2022-03-10,S002,P0016,Clothing,South,129,129,0,90.24,10,Rainy,0,103.24,Spring,0,135
2022-03-10,S002,P0017,Toys,South,161,161,519,24.44,5,Rainy,0,25.85,Spring,0,163
2022-03-10,S002,P0018,Clothing,South,143,69,0,24.93,10,Rainy,0,23.64,Spring,0,79
2022-03-10,S002,P0019,Clothing,South,292,59,0,76.71,0,Rainy,0,83.96,Spring,0,58
2022-03-10,S002,P0020,Furniture,South,321,47,0,96.67,20,Rainy,1,113.37,Spring,0,56
2022-03-10,S003,P0001,Toys,East,225,97,249,18.35,0,Rainy,0,18.03,Spring,0,106
2022-03-10,S003,P0002,Groceries,East,261,154,0,68.78,0,Rainy,0,64.76,Spring,0,147
2022-03-10,S003,P0003,Electronics,East,174,108,164,82.26,25,Rainy,1,74.29,Spring,0,144
2022-03-10,S003,P0004,Groceries,East,385,94,0,22.36,10,Rainy,0,19.17,Spring,0,104
2022-03-10,S003,P0005,Toys,East,558,126,0,20.24,20,Rainy,1,19.2,Spring,0,113
2022-03-10,S003,P0006,Toys,East,305,112,0,37.86,10,Rainy,0,41.77,Spring,0,117
2022-03-10,S003,P0007,Groceries,East,423,81,0,13.99,5,Rainy,0,16.03,Spring,0,69
2022-03-10,S003,P0008,Clothing,East,397,36,0,100.41,0,Rainy,0,116.56,Spring,0,56
2022-03-10,S003,P0009,Groceries,East,92,88,123,41.96,25,Rainy,1,45.63,Spring,0,108
2022-03-10,S003,P0010,Groceries,East,220,17,0,30.05,5,Rainy,0,26.24,Spring,0,28
2022-03-10,S003,P0011,Electronics,East,292,53,0,111.43,5,Rainy,0,101.08,Spring,0,65
2022-03-10,S003,P0012,Furniture,East,134,86,0,99.33,0,Rainy,0,112.89,Spring,0,76
2022-03-10,S003,P0013,Groceries,East,735,120,0,63.38,15,Rainy,1,74.24,Spring,0,105
2022-03-10,S003,P0014,Groceries,East,556,158,635,110.12,10,Rainy,1,131.65,Spring,0,185
2022-03-10,S003,P0015,Groceries,East,561,84,0,87.17,10,Rainy,1,80.44,Spring,0,79
2022-03-10,S003,P0016,Electronics,East,388,94,0,107.36,0,Rainy,0,124.4,Spring,0,117
2022-03-10,S003,P0017,Furniture,East,166,69,0,125.36,5,Rainy,0,117.39,Spring,0,83
2022-03-10,S003,P0018,Furniture,East,247,37,0,121.64,0,Rainy,0,143.75,Spring,0,48
2022-03-10,S003,P0019,Groceries,East,198,96,118,62.27,0,Rainy,0,73.5,Spring,0,137
2022-03-10,S003,P0020,Clothing,East,539,158,0,74.14,20,Rainy,1,68.08,Spring,0,151
2022-03-10,S004,P0001,Groceries,West,577,140,0,12.36,0,Rainy,0,14.18,Spring,0,132
2022-03-10,S004,P0002,Groceries,West,488,104,0,20.54,0,Rainy,0,18.13,Spring,0,86
2022-03-10,S004,P0003,Furniture,West,149,70,0,107.47,20,Rainy,1,117.77,Spring,0,64
2022-03-10,S004,P0004,Groceries,West,180,132,0,61.6,0,Rainy,0,60.93,Spring,0,125
2022-03-10,S004,P0005,Clothing,West,114,80,83,50.18,25,Rainy,1,60.01,Spring,0,70
2022-03-10,S004,P0006,Groceries,West,302,165,401,40.67,10,Rainy,0,48.96,Spring,0,169
2022-03-10,S004,P0007,Groceries,West,954,86,0,26.97,10,Rainy,0,29.13,Spring,0,111
2022-03-10,S004,P0008,Furniture,West,116,113,101,100.36,5,Rainy,0,116.64,Spring,0,94
2022-03-10,S004,P0009,Clothing,West,394,140,505,108.9,20,Rainy,1,125.77,Spring,0,149
2022-03-10,S004,P0010,Groceries,West,408,93,0,22.41,10,Rainy,0,26.46,Spring,0,86
2022-03-10,S004,P0011,Clothing,West,289,55,0,52.25,10,Rainy,0,55.43,Spring,0,87
2022-03-10,S004,P0012,Electronics,West,119,68,0,99.72,10,Rainy,0,93.92,Spring,0,69
2022-03-10,S004,P0013,Groceries,West,270,223,0,25.3,15,Rainy,1,23.56,Spring,0,212
2022-03-10,S004,P0014,Furniture,West,172,88,210,186.54,10,Rainy,1,186.1,Spring,0,123
2022-03-10,S004,P0015,Furniture,West,474,86,0,100.35,10,Rainy,1,85.67,Spring,0,100
2022-03-10,S004,P0016,Furniture,West,296,62,0,126.23,0,Rainy,0,111.09,Spring,0,79
2022-03-10,S004,P0017,Clothing,West,176,96,90,93.04,10,Rainy,0,90.2,Spring,0,98
2022-03-10,S004,P0018,Furniture,West,143,84,107,180.74,5,Rainy,0,163.81,Spring,0,108
2022-03-10,S004,P0019,Clothing,West,75,45,60,48.28,10,Rainy,0,57.05,Spring,0,63
2022-03-10,S004,P0020,Furniture,West,305,121,0,115.16,25,Rainy,1,107.85,Spring,0,106
2022-03-10,S005,P0001,Groceries,North,292,69,0,10.73,10,Rainy,0,10.57,Spring,0,81
2022-03-10,S005,P0002,Electronics,North,656,82,0,39.88,0,Rainy,0,44.42,Spring,0,83
2022-03-10,S005,P0003,Toys,North,205,150,189,27.46,25,Rainy,1,30.13,Spring,0,158
2022-03-10,S005,P0004,Groceries,North,139,139,145,9.08,5,Rainy,0,10.59,Spring,0,171
2022-03-10,S005,P0005,Groceries,North,115,56,0,12.6,25,Rainy,1,11.37,Spring,0,91
2022-03-10,S005,P0006,Groceries,North,915,86,0,62.91,10,Rainy,0,60.8,Spring,0,133
2022-03-10,S005,P0007,Groceries,North,418,107,0,95.71,0,Rainy,0,94.79,Spring,0,130
2022-03-10,S005,P0008,Groceries,North,202,53,0,57.34,10,Rainy,0,56.6,Spring,0,87
2022-03-10,S005,P0009,Groceries,North,242,157,0,96.24,15,Rainy,1,116.19,Spring,0,153
2022-03-10,S005,P0010,Groceries,North,370,76,0,59.87,0,Rainy,0,52.44,Spring,0,83
2022-03-10,S005,P0011,Electronics,North,516,51,0,74.41,0,Rainy,0,83.38,Spring,0,73
2022-03-10,S005,P0012,Furniture,North,884,53,0,124.49,5,Rainy,0,114.44,Spring,0,64
2022-03-10,S005,P0013,Groceries,North,509,55,0,61.91,15,Rainy,1,74.13,Spring,0,91
2022-03-10,S005,P0014,Furniture,North,260,40,0,135.14,15,Rainy,1,152.12,Spring,0,63
2022-03-10,S005,P0015,Groceries,North,119,119,0,48.81,20,Rainy,1,58.87,Spring,0,164
2022-03-10,S005,P0016,Toys,North,722,59,0,33.55,5,Rainy,0,36.63,Spring,0,97
2022-03-10,S005,P0017,Toys,North,164,114,154,44.45,0,Rainy,0,38.21,Spring,0,131
2022-03-10,S005,P0018,Clothing,North,105,105,153,23.34,10,Rainy,0,20.51,Spring,0,134
2022-03-10,S005,P0019,Furniture,North,236,34,0,119.47,5,Rainy,0,133.09,Spring,0,47
2022-03-10,S005,P0020,Toys,North,123,100,106,24.87,20,Rainy,1,28.23,Spring,0,97
2022-03-11,S001,P0001,Electronics,North,489,32,0,58.13,0,Rainy,0,68.76,Spring,0,38
2022-03-11,S001,P0002,Clothing,North,117,117,112,65.9,10,Rainy,0,57.07,Spring,0,115
2022-03-11,S001,P0003,Clothing,North,529,103,0,67.31,0,Rainy,0,75.54,Spring,0,162
2022-03-11,S001,P0004,Electronics,North,139,139,290,105.46,15,Rainy,1,99.15,Spring,0,122
2022-03-11,S001,P0005,Groceries,North,1031,75,0,55.05,10,Rainy,0,64.93,Spring,0,108
2022-03-11,S001,P0006,Toys,North,270,95,0,46.79,10,Rainy,0,42.87,Spring,0,156
2022-03-11,S001,P0007,Groceries,North,396,219,0,30.55,10,Rainy,1,28.61,Spring,0,188
2022-03-11,S001,P0008,Electronics,North,144,124,120,40.3,15,Rainy,1,46.54,Spring,0,112
2022-03-11,S001,P0009,Clothing,North,167,101,86,74.63,20,Rainy,1,65.39,Spring,0,93
2022-03-11,S001,P0010,Furniture,North,309,55,0,116.99,10,Rainy,0,116.97,Spring,0,64
2022-03-11,S001,P0011,Furniture,North,244,73,0,146.56,10,Rainy,0,136.64,Spring,0,62
2022-03-11,S001,P0012,Groceries,North,211,121,203,76.99,10,Rainy,1,83.31,Spring,0,108
2022-03-11,S001,P0013,Toys,North,187,93,133,36.75,5,Rainy,0,35.71,Spring,0,127
2022-03-11,S001,P0014,Groceries,North,437,75,0,57.95,10,Rainy,1,64.26,Spring,0,63
2022-03-11,S001,P0015,Toys,North,169,99,128,17.07,10,Rainy,0,16.18,Spring,0,131
2022-03-11,S001,P0016,Groceries,North,541,69,0,35.21,10,Rainy,0,38.14,Spring,0,100
2022-03-11,S001,P0017,Toys,North,112,109,173,24.08,15,Rainy,1,21.3,Spring,0,150
2022-03-11,S001,P0018,Groceries,North,153,54,71,53.4,5,Rainy,0,62.98,Spring,0,75
2022-03-11,S001,P0019,Furniture,North,139,23,0,92.16,10,Rainy,0,84.81,Spring,0,36
2022-03-11,S001,P0020,Furniture,North,478,30,0,91.65,10,Rainy,0,97.09,Spring,0,34
2022-03-11,S002,P0001,Groceries,South,54,53,0,73.75,0,Rainy,0,88.11,Spring,0,71
2022-03-11,S002,P0002,Toys,South,114,106,0,35.08,5,Rainy,0,34.84,Spring,0,113
2022-03-11,S002,P0003,Groceries,South,454,109,0,75.95,5,Rainy,0,81.41,Spring,0,94
2022-03-11,S002,P0004,Groceries,South,490,170,407,45.16,15,Rainy,1,44.95,Spring,0,157
2022-03-11,S002,P0005,Electronics,South,880,58,0,85.65,0,Rainy,0,79.67,Spring,0,59
2022-03-11,S002,P0006,Clothing,South,142,61,0,53.12,10,Rainy,0,62.65,Spring,0,65
2022-03-11,S002,P0007,Toys,South,598,180,0,31.6,15,Rainy,1,31.49,Spring,0,167
2022-03-11,S002,P0008,Groceries,South,131,84,0,21.58,10,Rainy,1,22.78,Spring,0,77
2022-03-11,S002,P0009,Groceries,South,182,182,0,76.03,10,Rainy,1,87.11,Spring,0,205
2022-03-11,S002,P0010,Groceries,South,162,67,0,87.24,0,Rainy,0,84.65,Spring,0,78
2022-03-11,S002,P0011,Groceries,South,427,92,0,93.94,0,Rainy,0,110.96,Spring,0,94
2022-03-11,S002,P0012,Electronics,South,281,103,0,51.95,25,Rainy,1,56.0,Spring,0,97
2022-03-11,S002,P0013,Groceries,South,0,0,0,22.61,0,Rainy,0,24.01,Spring,0,104
2022-03-11,S002,P0014,Electronics,South,474,41,0,88.03,20,Rainy,1,93.39,Spring,0,60
2022-03-11,S002,P0015,Clothing,South,620,107,0,64.42,10,Rainy,0,55.18,Spring,0,93
2022-03-11,S002,P0016,Clothing,South,261,40,0,66.85,5,Rainy,0,73.97,Spring,0,34
2022-03-11,S002,P0017,Toys,South,290,147,0,20.69,20,Rainy,1,17.65,Spring,0,147
2022-03-11,S002,P0018,Clothing,South,74,56,61,23.99,10,Rainy,0,21.06,Spring,0,68
2022-03-11,S002,P0019,Clothing,South,1103,54,0,72.4,10,Rainy,0,76.37,Spring,0,71
2022-03-11,S002,P0020,Furniture,South,274,84,223,135.33,0,Rainy,0,129.94,Spring,0,72
2022-03-11,S003,P0001,Toys,East,128,113,0,19.07,0,Rainy,0,22.87,Spring,0,135
2022-03-11,S003,P0002,Groceries,East,107,102,0,48.64,10,Rainy,0,52.08,Spring,0,86
2022-03-11,S003,P0003,Electronics,East,230,77,0,79.87,10,Rainy,0,94.93,Spring,0,92
2022-03-11,S003,P0004,Groceries,East,291,101,306,20.23,20,Rainy,1,21.49,Spring,0,126
2022-03-11,S003,P0005,Toys,East,432,109,441,24.96,0,Rainy,0,22.99,Spring,0,109
2022-03-11,S003,P0006,Toys,East,193,150,156,39.64,10,Rainy,0,43.14,Spring,0,132
2022-03-11,S003,P0007,Groceries,East,342,151,0,13.8,25,Rainy,1,14.71,Spring,0,137
2022-03-11,S003,P0008,Clothing,East,361,54,0,107.17,10,Rainy,1,102.9,Spring,0,89
2022-03-11,S003,P0009,Groceries,East,127,127,193,60.32,10,Rainy,1,70.26,Spring,0,169
2022-03-11,S003,P0010,Groceries,East,203,70,0,39.69,0,Rainy,0,34.84,Spring,0,87
2022-03-11,S003,P0011,Electronics,East,239,120,210,138.31,0,Rainy,0,118.06,Spring,0,114
2022-03-11,S003,P0012,Furniture,East,198,45,0,88.45,10,Rainy,1,80.88,Spring,0,59
2022-03-11,S003,P0013,Groceries,East,615,130,0,74.28,10,Rainy,0,85.7,Spring,0,138
2022-03-11,S003,P0014,Groceries,East,398,121,0,82.15,25,Rainy,1,75.75,Spring,0,127
2022-03-11,S003,P0015,Groceries,East,477,49,0,83.8,0,Rainy,0,100.64,Spring,0,54
2022-03-11,S003,P0016,Electronics,East,294,52,0,86.84,10,Rainy,0,102.27,Spring,0,84
2022-03-11,S003,P0017,Furniture,East,97,55,0,89.74,25,Rainy,1,87.93,Spring,0,56
2022-03-11,S003,P0018,Furniture,East,210,52,0,124.7,10,Rainy,0,118.2,Spring,0,68
2022-03-11,S003,P0019,Groceries,East,220,112,0,57.07,5,Rainy,0,55.07,Spring,0,108
2022-03-11,S003,P0020,Clothing,East,381,103,0,81.58,0,Rainy,0,75.66,Spring,0,108
2022-03-11,S004,P0001,Groceries,West,437,87,0,12.61,0,Cloudy,0,11.54,Spring,0,122
2022-03-11,S004,P0002,Groceries,West,384,89,0,20.38,10,Cloudy,0,18.55,Spring,0,116
2022-03-11,S004,P0003,Furniture,West,410,85,326,149.56,5,Cloudy,0,180.2,Spring,0,110
2022-03-11,S004,P0004,Groceries,West,587,135,587,61.07,15,Cloudy,1,58.58,Spring,0,180
2022-03-11,S004,P0005,Clothing,West,117,45,67,69.23,0,Cloudy,0,64.71,Spring,0,66
2022-03-11,S004,P0006,Groceries,West,137,137,0,47.28,5,Cloudy,0,44.43,Spring,0,187
2022-03-11,S004,P0007,Groceries,West,868,178,0,30.02,15,Cloudy,1,32.64,Spring,0,167
2022-03-11,S004,P0008,Furniture,West,104,104,152,106.16,15,Cloudy,1,93.55,Spring,0,131
2022-03-11,S004,P0009,Clothing,West,254,95,0,87.72,20,Cloudy,1,93.52,Spring,0,80
2022-03-11,S004,P0010,Groceries,West,315,90,0,28.9,5,Cloudy,0,34.52,Spring,0,150
2022-03-11,S004,P0011,Clothing,West,234,85,0,52.85,5,Cloudy,0,58.31,Spring,0,75
2022-03-11,S004,P0012,Electronics,West,51,51,146,124.18,10,Cloudy,1,122.34,Spring,0,136
2022-03-11,S004,P0013,Groceries,West,576,68,0,19.74,5,Cloudy,0,17.23,Spring,0,86
2022-03-11,S004,P0014,Furniture,West,84,84,0,158.83,15,Cloudy,1,151.48,Spring,0,91
2022-03-11,S004,P0015,Furniture,West,388,81,376,98.52,10,Cloudy,0,108.76,Spring,0,110
2022-03-11,S004,P0016,Furniture,West,234,81,270,113.66,10,Cloudy,0,106.6,Spring,0,79
2022-03-11,S004,P0017,Clothing,West,170,135,141,111.87,10,Cloudy,1,98.64,Spring,0,159
2022-03-11,S004,P0018,Furniture,West,166,47,0,145.98,5,Cloudy,0,173.19,Spring,0,61
2022-03-11,S004,P0019,Clothing,West,90,66,100,58.02,5,Cloudy,0,69.84,Spring,0,101
2022-03-11,S004,P0020,Furniture,West,184,89,172,146.17,0,Cloudy,0,175.59,Spring,0,107
2022-03-11,S005,P0001,Groceries,North,223,64,0,9.9,10,Rainy,0,8.6,Spring,0,58
2022-03-11,S005,P0002,Electronics,North,574,91,0,43.51,5,Rainy,0,42.93,Spring,0,110
2022-03-11,S005,P0003,Toys,North,244,84,0,33.79,0,Rainy,0,38.54,Spring,0,130
2022-03-11,S005,P0004,Groceries,North,145,143,106,6.99,20,Rainy,1,5.95,Spring,0,121
2022-03-11,S005,P0005,Groceries,North,196,90,128,16.07,0,Rainy,0,15.16,Spring,0,78
2022-03-11,S005,P0006,Groceries,North,829,165,0,64.74,10,Rainy,0,77.81,Spring,0,161
2022-03-11,S005,P0007,Groceries,North,311,162,254,83.41,15,Rainy,1,88.4,Spring,0,157
2022-03-11,S005,P0008,Groceries,North,149,143,130,56.25,20,Rainy,1,64.95,Spring,0,134
2022-03-11,S005,P0009,Groceries,North,549,92,0,91.5,20,Rainy,1,91.07,Spring,0,138
2022-03-11,S005,P0010,Groceries,North,294,93,433,64.07,0,Rainy,0,69.46,Spring,0,120
2022-03-11,S005,P0011,Electronics,North,465,57,0,73.78,5,Rainy,0,80.11,Spring,0,85
2022-03-11,S005,P0012,Furniture,North,831,140,0,143.46,10,Rainy,1,141.28,Spring,0,122
2022-03-11,S005,P0013,Groceries,North,454,57,0,66.4,0,Rainy,0,70.36,Spring,0,65
2022-03-11,S005,P0014,Furniture,North,220,105,0,176.01,10,Rainy,1,167.94,Spring,0,108
2022-03-11,S005,P0015,Groceries,North,318,91,0,51.66,0,Rainy,0,50.37,Spring,0,92
2022-03-11,S005,P0016,Toys,North,663,102,0,30.6,10,Rainy,0,35.68,Spring,0,86
2022-03-11,S005,P0017,Toys,North,204,150,184,41.73,10,Rainy,1,46.79,Spring,0,164
2022-03-11,S005,P0018,Clothing,North,153,117,0,22.37,5,Rainy,0,21.85,Spring,0,103
2022-03-11,S005,P0019,Furniture,North,202,95,175,143.52,10,Rainy,0,122.05,Spring,0,99
2022-03-11,S005,P0020,Toys,North,129,129,166,32.62,10,Rainy,0,37.76,Spring,0,147
2022-03-12,S001,P0001,Electronics,North,457,77,0,56.44,15,Sunny,1,62.51,Spring,0,73
2022-03-12,S001,P0002,Clothing,North,112,112,128,72.6,10,Sunny,0,65.28,Spring,0,147
2022-03-12,S001,P0003,Clothing,North,426,169,0,63.82,5,Sunny,0,59.58,Spring,0,143
2022-03-12,S001,P0004,Electronics,North,0,0,0,76.72,25,Sunny,1,87.81,Spring,0,79
2022-03-12,S001,P0005,Groceries,North,956,115,0,51.65,25,Sunny,1,51.38,Spring,0,129
2022-03-12,S001,P0006,Toys,North,662,176,0,53.78,0,Sunny,0,58.28,Spring,0,188
2022-03-12,S001,P0007,Groceries,North,177,130,0,22.38,25,Sunny,1,20.74,Spring,0,141
2022-03-12,S001,P0008,Electronics,North,140,102,137,49.86,0,Sunny,0,55.07,Spring,0,128
2022-03-12,S001,P0009,Clothing,North,152,152,140,101.68,0,Sunny,0,119.74,Spring,0,137
2022-03-12,S001,P0010,Furniture,North,254,62,0,123.85,0,Sunny,0,139.25,Spring,0,65
2022-03-12,S001,P0011,Furniture,North,171,108,254,168.4,15,Sunny,1,196.85,Spring,0,136
2022-03-12,S001,P0012,Groceries,North,90,54,0,68.83,0,Sunny,0,78.27,Spring,0,47
2022-03-12,S001,P0013,Toys,North,227,138,0,28.26,25,Sunny,1,32.27,Spring,0,135
2022-03-12,S001,P0014,Groceries,North,362,90,0,64.12,10,Sunny,0,54.56,Spring,0,76
2022-03-12,S001,P0015,Toys,North,198,172,159,15.33,20,Sunny,1,17.03,Spring,0,153
2022-03-12,S001,P0016,Groceries,North,472,159,534,41.75,25,Sunny,1,38.5,Spring,0,208
2022-03-12,S001,P0017,Toys,North,176,173,168,29.63,0,Sunny,0,26.91,Spring,0,166
2022-03-12,S001,P0018,Groceries,North,170,126,116,57.35,10,Sunny,0,68.18,Spring,0,113
2022-03-12,S001,P0019,Furniture,North,116,44,75,92.9,20,Sunny,1,89.42,Spring,0,68
2022-03-12,S001,P0020,Furniture,North,448,58,0,105.43,10,Sunny,0,126.55,Spring,0,70
2022-03-12,S002,P0001,Groceries,South,751,213,0,92.19,20,Sunny,1,85.4,Spring,0,204
2022-03-12,S002,P0002,Toys,South,294,150,290,38.2,0,Sunny,0,45.9,Spring,0,141
2022-03-12,S002,P0003,Groceries,South,345,101,398,90.26,0,Sunny,0,81.78,Spring,0,116
2022-03-12,S002,P0004,Groceries,South,320,98,0,35.92,20,Sunny,1,40.73,Spring,0,117
2022-03-12,S002,P0005,Electronics,South,822,122,0,78.26,20,Sunny,1,85.05,Spring,0,112
2022-03-12,S002,P0006,Clothing,South,81,81,182,77.71,10,Sunny,0,87.94,Spring,0,190
2022-03-12,S002,P0007,Toys,South,418,201,457,28.39,25,Sunny,1,26.26,Spring,0,173
2022-03-12,S002,P0008,Groceries,South,47,37,60,20.29,10,Sunny,0,23.47,Spring,0,60
2022-03-12,S002,P0009,Groceries,South,366,98,0,57.42,10,Sunny,0,62.88,Spring,0,105
2022-03-12,S002,P0010,Groceries,South,95,95,130,92.22,0,Sunny,0,97.53,Spring,0,110
2022-03-12,S002,P0011,Groceries,South,335,134,385,87.7,20,Sunny,1,103.94,Spring,0,144
2022-03-12,S002,P0012,Electronics,South,672,121,0,75.23,0,Sunny,0,68.57,Spring,0,107
2022-03-12,S002,P0013,Groceries,South,652,256,614,25.99,20,Sunny,1,25.65,Spring,0,216
2022-03-12,S002,P0014,Electronics,South,433,30,0,94.69,10,Sunny,0,104.17,Spring,0,48
2022-03-12,S002,P0015,Clothing,South,513,192,619,66.38,25,Sunny,1,63.96,Spring,0,163
2022-03-12,S002,P0016,Clothing,South,221,162,345,99.68,15,Sunny,1,98.88,Spring,0,173
2022-03-12,S002,P0017,Toys,South,143,44,0,17.29,10,Sunny,0,15.27,Spring,0,56
2022-03-12,S002,P0018,Clothing,South,79,79,201,33.41,5,Sunny,0,35.78,Spring,0,174
2022-03-12,S002,P0019,Clothing,South,1049,149,0,108.0,10,Sunny,1,97.88,Spring,0,186
2022-03-12,S002,P0020,Furniture,South,190,68,0,122.55,5,Sunny,0,137.55,Spring,0,73
2022-03-12,S003,P0001,Toys,East,264,90,0,13.66,20,Cloudy,1,15.27,Spring,0,99
2022-03-12,S003,P0002,Groceries,East,488,164,461,63.12,10,Cloudy,0,59.71,Spring,0,154
2022-03-12,S003,P0003,Electronics,East,153,153,180,116.39,0,Cloudy,0,126.97,Spring,0,185
2022-03-12,S003,P0004,Groceries,East,190,190,695,23.9,25,Cloudy,1,28.86,Spring,0,213
2022-03-12,S003,P0005,Toys,East,323,44,0,16.94,10,Cloudy,1,18.51,Spring,0,44
2022-03-12,S003,P0006,Toys,East,199,57,0,36.64,5,Cloudy,0,43.67,Spring,0,90
2022-03-12,S003,P0007,Groceries,East,812,177,1253,23.8,10,Cloudy,1,25.26,Spring,0,287
2022-03-12,S003,P0008,Clothing,East,307,94,267,119.65,5,Cloudy,0,136.79,Spring,0,122
2022-03-12,S003,P0009,Groceries,East,193,63,0,54.25,0,Cloudy,0,58.93,Spring,0,98
2022-03-12,S003,P0010,Groceries,East,133,75,77,38.11,5,Cloudy,0,37.41,Spring,0,90
2022-03-12,S003,P0011,Electronics,East,119,101,0,109.3,20,Cloudy,1,100.46,Spring,0,110
2022-03-12,S003,P0012,Furniture,East,153,68,145,92.34,10,Cloudy,0,106.75,Spring,0,85
2022-03-12,S003,P0013,Groceries,East,485,194,0,85.6,10,Cloudy,1,73.96,Spring,0,171
2022-03-12,S003,P0014,Groceries,East,277,119,0,87.16,10,Cloudy,0,91.95,Spring,0,104
2022-03-12,S003,P0015,Groceries,East,428,79,0,74.07,25,Cloudy,1,86.78,Spring,0,100
2022-03-12,S003,P0016,Electronics,East,242,59,0,74.94,25,Cloudy,1,72.61,Spring,0,79
2022-03-12,S003,P0017,Furniture,East,364,60,334,123.81,0,Cloudy,0,140.73,Spring,0,80
2022-03-12,S003,P0018,Furniture,East,158,40,0,117.24,5,Cloudy,0,138.95,Spring,0,51
2022-03-12,S003,P0019,Groceries,East,108,89,116,53.51,15,Cloudy,1,58.4,Spring,0,141
2022-03-12,S003,P0020,Clothing,East,278,18,0,52.23,10,Cloudy,0,60.3,Spring,0,30
2022-03-12,S004,P0001,Groceries,West,350,211,0,13.86,10,Cloudy,1,13.39,Spring,0,194
2022-03-12,S004,P0002,Groceries,West,295,103,0,19.29,10,Cloudy,0,16.79,Spring,0,99
2022-03-12,S004,P0003,Furniture,West,325,68,0,150.62,0,Cloudy,0,130.7,Spring,0,81
2022-03-12,S004,P0004,Groceries,West,452,166,0,60.12,15,Cloudy,1,58.36,Spring,0,174
2022-03-12,S004,P0005,Clothing,West,139,69,85,52.91,25,Cloudy,1,60.71,Spring,0,85
2022-03-12,S004,P0006,Groceries,West,401,229,467,44.45,10,Cloudy,0,49.55,Spring,0,204
2022-03-12,S004,P0007,Groceries,West,690,206,640,30.34,20,Cloudy,1,25.97,Spring,0,175
2022-03-12,S004,P0008,Furniture,West,152,73,85,106.38,5,Cloudy,0,92.27,Spring,0,96
2022-03-12,S004,P0009,Clothing,West,159,103,0,124.42,10,Cloudy,0,114.24,Spring,0,137
2022-03-12,S004,P0010,Groceries,West,945,155,0,29.21,5,Cloudy,0,32.74,Spring,0,154
2022-03-12,S004,P0011,Clothing,West,149,136,0,50.16,25,Cloudy,1,45.18,Spring,0,115
2022-03-12,S004,P0012,Electronics,West,146,111,140,134.79,5,Cloudy,0,132.84,Spring,0,146
2022-03-12,S004,P0013,Groceries,West,508,77,0,16.58,10,Cloudy,1,18.83,Spring,0,67
2022-03-12,S004,P0014,Furniture,West,210,54,0,145.66,10,Cloudy,0,136.56,Spring,0,51
2022-03-12,S004,P0015,Furniture,West,307,78,0,77.64,25,Cloudy,1,84.33,Spring,0,93
2022-03-12,S004,P0016,Furniture,West,153,92,0,109.68,20,Cloudy,1,132.61,Spring,0,120
2022-03-12,S004,P0017,Clothing,West,176,128,131,106.11,0,Cloudy,0,120.49,Spring,0,122
2022-03-12,S004,P0018,Furniture,West,119,56,59,167.21,0,Cloudy,0,151.32,Spring,0,70
2022-03-12,S004,P0019,Clothing,West,124,96,113,50.13,25,Cloudy,1,47.29,Spring,0,113
2022-03-12,S004,P0020,Furniture,West,95,77,0,121.32,10,Cloudy,0,138.62,Spring,0,82
2022-03-12,S005,P0001,Groceries,North,159,125,328,12.75,15,Sunny,1,12.0,Spring,0,154
2022-03-12,S005,P0002,Electronics,North,483,151,468,50.4,5,Sunny,0,44.1,Spring,0,159
2022-03-12,S005,P0003,Toys,North,160,160,193,39.13,0,Sunny,0,38.78,Spring,0,164
2022-03-12,S005,P0004,Groceries,North,108,108,235,10.2,20,Sunny,1,10.18,Spring,0,271
2022-03-12,S005,P0005,Groceries,North,106,106,184,13.54,25,Sunny,1,12.72,Spring,0,113
2022-03-12,S005,P0006,Groceries,North,664,234,1005,89.94,5,Sunny,0,88.39,Spring,0,253
2022-03-12,S005,P0007,Groceries,North,149,117,312,95.63,15,Sunny,1,82.9,Spring,0,189
2022-03-12,S005,P0008,Groceries,North,136,136,202,84.54,0,Sunny,0,99.72,Spring,0,203
2022-03-12,S005,P0009,Groceries,North,457,101,0,82.79,10,Sunny,0,90.5,Spring,0,86
2022-03-12,S005,P0010,Groceries,North,201,173,0,72.43,0,Sunny,0,83.4,Spring,0,162
2022-03-12,S005,P0011,Electronics,North,408,172,764,84.94,20,Sunny,1,76.51,Spring,0,171
2022-03-12,S005,P0012,Furniture,North,691,95,0,128.91,10,Sunny,0,116.44,Spring,0,89
2022-03-12,S005,P0013,Groceries,North,397,76,0,61.15,20,Sunny,1,68.21,Spring,0,106
2022-03-12,S005,P0014,Furniture,North,444,105,0,157.15,10,Sunny,0,171.11,Spring,0,90
2022-03-12,S005,P0015,Groceries,North,227,213,306,60.94,10,Sunny,1,58.43,Spring,0,184
2022-03-12,S005,P0016,Toys,North,561,217,485,39.68,15,Sunny,1,43.61,Spring,0,195
2022-03-12,S005,P0017,Toys,North,238,128,0,36.89,10,Sunny,0,41.1,Spring,0,122
2022-03-12,S005,P0018,Clothing,North,36,36,140,21.29,10,Sunny,0,25.35,Spring,0,121
2022-03-12,S005,P0019,Furniture,North,107,83,0,130.38,10,Sunny,1,144.0,Spring,0,85
2022-03-12,S005,P0020,Toys,North,166,112,140,34.05,10,Sunny,0,37.47,Spring,0,162
2022-03-13,S001,P0001,Electronics,North,380,75,0,63.17,20,Sunny,1,73.23,Spring,0,125
2022-03-13,S001,P0002,Clothing,North,128,128,160,70.23,20,Sunny,1,60.58,Spring,0,178
2022-03-13,S001,P0003,Clothing,North,257,98,0,59.99,10,Sunny,0,63.36,Spring,0,159
2022-03-13,S001,P0004,Electronics,North,290,125,0,84.13,25,Sunny,1,96.09,Spring,0,106
2022-03-13,S001,P0005,Groceries,North,841,41,0,49.9,10,Sunny,0,46.3,Spring,0,64
2022-03-13,S001,P0006,Toys,North,486,112,549,50.45,0,Sunny,0,60.14,Spring,0,163
2022-03-13,S001,P0007,Groceries,North,47,47,422,26.84,5,Sunny,0,23.77,Spring,0,122
2022-03-13,S001,P0008,Electronics,North,175,111,0,47.7,10,Sunny,1,46.85,Spring,0,131
2022-03-13,S001,P0009,Clothing,North,140,56,102,86.32,0,Sunny,0,91.96,Spring,0,85
2022-03-13,S001,P0010,Furniture,North,192,67,0,120.02,5,Sunny,0,141.48,Spring,0,70
2022-03-13,S001,P0011,Furniture,North,63,63,0,163.18,0,Sunny,0,157.64,Spring,0,62
2022-03-13,S001,P0012,Groceries,North,239,78,242,89.29,5,Sunny,0,76.4,Spring,0,122
2022-03-13,S001,P0013,Toys,North,89,89,109,35.8,5,Sunny,0,40.26,Spring,0,135
2022-03-13,S001,P0014,Groceries,North,773,117,0,77.82,0,Sunny,0,71.17,Spring,0,102
2022-03-13,S001,P0015,Toys,North,185,158,164,17.45,10,Sunny,0,15.05,Spring,0,139
2022-03-13,S001,P0016,Groceries,North,313,113,0,38.06,10,Sunny,0,42.88,Spring,0,125
2022-03-13,S001,P0017,Toys,North,171,171,130,27.23,0,Sunny,0,32.5,Spring,0,154
2022-03-13,S001,P0018,Groceries,North,160,79,119,61.81,5,Sunny,0,71.97,Spring,0,119
2022-03-13,S001,P0019,Furniture,North,147,111,0,102.0,15,Sunny,1,123.32,Spring,0,92
2022-03-13,S001,P0020,Furniture,North,390,144,536,135.65,10,Sunny,1,132.78,Spring,0,131
2022-03-13,S002,P0001,Groceries,South,538,199,508,86.29,20,Rainy,1,82.67,Spring,0,178
2022-03-13,S002,P0002,Toys,South,144,57,0,24.75,25,Rainy,1,24.2,Spring,0,79
2022-03-13,S002,P0003,Groceries,South,244,119,0,90.49,0,Rainy,0,87.2,Spring,0,117
2022-03-13,S002,P0004,Groceries,South,222,161,0,39.19,25,Rainy,1,38.01,Spring,0,151
2022-03-13,S002,P0005,Electronics,South,700,50,0,75.95,10,Rainy,0,71.84,Spring,0,55
2022-03-13,S002,P0006,Clothing,South,182,67,0,65.52,5,Rainy,0,72.12,Spring,0,111
2022-03-13,S002,P0007,Toys,South,217,58,0,25.77,10,Rainy,0,28.17,Spring,0,96
2022-03-13,S002,P0008,Groceries,South,70,70,158,29.47,10,Rainy,1,29.24,Spring,0,160
2022-03-13,S002,P0009,Groceries,South,268,50,0,50.87,10,Rainy,0,56.64,Spring,0,70
2022-03-13,S002,P0010,Groceries,South,130,60,88,85.93,0,Rainy,0,81.75,Spring,0,73
2022-03-13,S002,P0011,Groceries,South,201,88,0,110.27,0,Rainy,0,109.63,Spring,0,128
2022-03-13,S002,P0012,Electronics,South,551,48,0,62.86,5,Rainy,0,53.71,Spring,0,69
2022-03-13,S002,P0013,Groceries,South,396,117,0,21.36,10,Rainy,0,18.67,Spring,0,103
2022-03-13,S002,P0014,Electronics,South,403,60,0,97.44,10,Rainy,0,111.49,Spring,0,55
2022-03-13,S002,P0015,Clothing,South,321,71,0,62.7,10,Rainy,0,69.4,Spring,0,100
2022-03-13,S002,P0016,Clothing,South,59,59,0,80.95,5,Rainy,0,74.94,Spring,0,69
2022-03-13,S002,P0017,Toys,South,618,67,0,18.55,10,Rainy,0,15.89,Spring,0,75
2022-03-13,S002,P0018,Clothing,South,201,62,0,24.3,5,Rainy,0,23.63,Spring,0,57
2022-03-13,S002,P0019,Clothing,South,900,86,0,89.46,10,Rainy,1,104.59,Spring,0,136
2022-03-13,S002,P0020,Furniture,South,122,85,375,135.79,10,Rainy,1,159.49,Spring,0,120
2022-03-13,S003,P0001,Toys,East,174,174,446,17.23,25,Sunny,1,20.18,Spring,0,205
2022-03-13,S003,P0002,Groceries,East,324,99,0,46.46,25,Sunny,1,55.41,Spring,0,129
2022-03-13,S003,P0003,Electronics,East,180,142,109,92.22,10,Sunny,0,88.64,Spring,0,121
2022-03-13,S003,P0004,Groceries,East,0,0,0,20.8,20,Sunny,1,23.55,Spring,0,136
2022-03-13,S003,P0005,Toys,East,279,56,0,21.92,5,Sunny,0,19.44,Spring,0,85
2022-03-13,S003,P0006,Toys,East,142,128,99,40.95,0,Sunny,0,45.22,Spring,0,108
2022-03-13,S003,P0007,Groceries,East,635,175,0,17.49,10,Sunny,0,18.91,Spring,0,156
2022-03-13,S003,P0008,Clothing,East,213,143,0,115.02,15,Sunny,1,138.66,Spring,0,146
2022-03-13,S003,P0009,Groceries,East,130,130,138,59.7,5,Sunny,0,54.29,Spring,0,129
2022-03-13,S003,P0010,Groceries,East,135,89,102,43.5,0,Sunny,0,40.87,Spring,0,115
2022-03-13,S003,P0011,Electronics,East,228,80,156,107.82,10,Sunny,0,115.6,Spring,0,86
2022-03-13,S003,P0012,Furniture,East,85,81,192,106.15,0,Sunny,0,96.7,Spring,0,80
2022-03-13,S003,P0013,Groceries,East,1155,81,0,67.44,5,Sunny,0,81.29,Spring,0,90
2022-03-13,S003,P0014,Groceries,East,793,79,0,98.74,0,Sunny,0,117.25,Spring,0,110
2022-03-13,S003,P0015,Groceries,East,1065,104,0,109.52,0,Sunny,0,117.3,Spring,0,133
2022-03-13,S003,P0016,Electronics,East,183,119,312,120.25,5,Sunny,0,109.93,Spring,0,155
2022-03-13,S003,P0017,Furniture,East,304,60,0,134.6,0,Sunny,0,124.5,Spring,0,89
2022-03-13,S003,P0018,Furniture,East,717,83,0,139.09,10,Sunny,0,156.58,Spring,0,116
2022-03-13,S003,P0019,Groceries,East,135,135,263,65.45,20,Sunny,1,62.39,Spring,0,222
2022-03-13,S003,P0020,Clothing,East,795,132,0,58.79,25,Sunny,1,64.9,Spring,0,112
2022-03-13,S004,P0001,Groceries,West,1114,100,0,9.62,20,Sunny,1,8.87,Spring,0,107
2022-03-13,S004,P0002,Groceries,West,192,177,333,20.95,20,Sunny,1,24.95,Spring,0,186
2022-03-13,S004,P0003,Furniture,West,257,107,0,164.5,0,Sunny,0,142.9,Spring,0,108
2022-03-13,S004,P0004,Groceries,West,286,174,0,55.82,20,Sunny,1,62.73,Spring,0,188
2022-03-13,S004,P0005,Clothing,West,155,67,0,67.37,0,Sunny,0,62.32,Spring,0,58
2022-03-13,S004,P0006,Groceries,West,172,150,0,40.25,10,Sunny,0,40.06,Spring,0,147
2022-03-13,S004,P0007,Groceries,West,484,88,0,32.48,5,Sunny,0,29.62,Spring,0,138
2022-03-13,S004,P0008,Furniture,West,164,120,108,88.39,25,Sunny,1,86.4,Spring,0,112
2022-03-13,S004,P0009,Clothing,West,561,113,0,122.26,5,Sunny,0,132.87,Spring,0,130
2022-03-13,S004,P0010,Groceries,West,790,98,0,24.65,0,Sunny,0,27.03,Spring,0,83
2022-03-13,S004,P0011,Clothing,West,569,89,515,65.87,0,Sunny,0,76.16,Spring,0,126
2022-03-13,S004,P0012,Electronics,West,175,54,0,106.38,5,Sunny,0,121.02,Spring,0,87
2022-03-13,S004,P0013,Groceries,West,431,145,387,23.19,5,Sunny,0,25.55,Spring,0,155
2022-03-13,S004,P0014,Furniture,West,156,91,193,176.02,5,Sunny,0,164.79,Spring,0,88
2022-03-13,S004,P0015,Furniture,West,229,93,0,112.62,5,Sunny,0,105.19,Spring,0,119
2022-03-13,S004,P0016,Furniture,West,61,61,357,137.83,5,Sunny,0,121.04,Spring,0,121
2022-03-13,S004,P0017,Clothing,West,179,177,144,106.73,10,Sunny,0,126.06,Spring,0,160
2022-03-13,S004,P0018,Furniture,West,122,39,0,148.08,0,Sunny,0,137.0,Spring,0,38
2022-03-13,S004,P0019,Clothing,West,141,104,135,65.14,10,Sunny,1,58.32,Spring,0,139
2022-03-13,S004,P0020,Furniture,West,190,104,229,122.35,20,Sunny,1,108.14,Spring,0,105
2022-03-13,S005,P0001,Groceries,North,34,34,0,11.09,20,Sunny,1,12.64,Spring,0,144
2022-03-13,S005,P0002,Electronics,North,332,61,0,35.59,15,Sunny,1,33.45,Spring,0,83
2022-03-13,S005,P0003,Toys,North,193,121,152,34.93,10,Sunny,0,39.13,Spring,0,180
2022-03-13,S005,P0004,Groceries,North,235,235,228,10.12,20,Sunny,1,9.73,Spring,0,268
2022-03-13,S005,P0005,Groceries,North,128,64,0,15.86,5,Sunny,0,15.71,Spring,0,89
2022-03-13,S005,P0006,Groceries,North,430,87,0,62.68,5,Sunny,0,62.03,Spring,0,114
2022-03-13,S005,P0007,Groceries,North,286,39,0,68.86,0,Sunny,0,72.65,Spring,0,49
2022-03-13,S005,P0008,Groceries,North,202,55,0,49.73,15,Sunny,1,47.29,Spring,0,63
2022-03-13,S005,P0009,Groceries,North,356,186,448,107.6,10,Sunny,0,114.98,Spring,0,173
2022-03-13,S005,P0010,Groceries,North,28,28,0,53.56,10,Sunny,0,48.05,Spring,0,82
2022-03-13,S005,P0011,Electronics,North,236,65,0,81.08,0,Sunny,0,78.27,Spring,0,82
2022-03-13,S005,P0012,Furniture,North,596,123,0,143.08,5,Sunny,0,129.23,Spring,0,104
2022-03-13,S005,P0013,Groceries,North,321,72,276,73.41,10,Sunny,0,63.21,Spring,0,110
2022-03-13,S005,P0014,Furniture,North,339,54,0,142.66,5,Sunny,0,151.86,Spring,0,48
2022-03-13,S005,P0015,Groceries,North,14,14,264,55.73,0,Sunny,0,61.14,Spring,0,132
2022-03-13,S005,P0016,Toys,North,344,127,0,37.08,5,Sunny,0,39.46,Spring,0,129
2022-03-13,S005,P0017,Toys,North,110,110,93,39.35,5,Sunny,0,36.06,Spring,0,109
2022-03-13,S005,P0018,Clothing,North,140,81,0,21.59,5,Sunny,0,21.09,Spring,0,92
2022-03-13,S005,P0019,Furniture,North,199,56,185,114.49,20,Sunny,1,125.94,Spring,0,82
2022-03-13,S005,P0020,Toys,North,194,85,0,30.77,10,Sunny,1,26.74,Spring,0,110
2022-03-14,S001,P0001,Electronics,North,305,118,192,78.53,0,Cloudy,0,76.25,Spring,0,107
2022-03-14,S001,P0002,Clothing,North,160,152,115,74.68,0,Cloudy,0,78.77,Spring,0,138
2022-03-14,S001,P0003,Clothing,North,1234,132,0,56.04,20,Cloudy,1,59.66,Spring,0,177
2022-03-14,S001,P0004,Electronics,North,165,73,173,97.24,10,Cloudy,0,96.47,Spring,0,80
2022-03-14,S001,P0005,Groceries,North,800,56,0,50.19,10,Cloudy,0,54.44,Spring,0,80
2022-03-14,S001,P0006,Toys,North,374,142,0,44.99,5,Cloudy,0,47.63,Spring,0,141
2022-03-14,S001,P0007,Groceries,North,529,46,0,20.71,10,Cloudy,1,24.7,Spring,0,76
2022-03-14,S001,P0008,Electronics,North,64,64,109,53.82,0,Cloudy,0,47.65,Spring,0,137
2022-03-14,S001,P0009,Clothing,North,186,69,0,79.63,5,Cloudy,0,67.95,Spring,0,63
2022-03-14,S001,P0010,Furniture,North,521,42,0,89.98,25,Cloudy,1,88.77,Spring,0,43
2022-03-14,S001,P0011,Furniture,North,254,31,0,140.46,10,Cloudy,0,133.24,Spring,0,50
2022-03-14,S001,P0012,Groceries,North,161,68,0,74.81,10,Cloudy,0,73.28,Spring,0,84
2022-03-14,S001,P0013,Toys,North,109,109,151,35.52,15,Cloudy,1,37.8,Spring,0,172
2022-03-14,S001,P0014,Groceries,North,656,145,0,76.38,5,Cloudy,0,86.4,Spring,0,129
2022-03-14,S001,P0015,Toys,North,191,180,142,19.72,0,Cloudy,0,23.51,Spring,0,163
2022-03-14,S001,P0016,Groceries,North,200,173,0,44.11,10,Cloudy,0,38.89,Spring,0,159
2022-03-14,S001,P0017,Toys,North,130,111,160,22.84,20,Cloudy,1,21.57,Spring,0,152
2022-03-14,S001,P0018,Groceries,North,200,60,0,50.38,10,Cloudy,0,46.94,Spring,0,60
2022-03-14,S001,P0019,Furniture,North,36,36,79,104.22,10,Cloudy,0,123.45,Spring,0,82
2022-03-14,S001,P0020,Furniture,North,246,51,0,103.98,5,Cloudy,0,116.08,Spring,0,52
2022-03-14,S002,P0001,Groceries,South,339,86,0,85.25,0,Cloudy,0,91.91,Spring,0,114
2022-03-14,S002,P0002,Toys,South,377,114,263,42.73,0,Cloudy,0,39.02,Spring,0,163
2022-03-14,S002,P0003,Groceries,South,125,125,834,102.19,25,Cloudy,1,97.26,Spring,0,279
2022-03-14,S002,P0004,Groceries,South,468,82,425,42.07,10,Cloudy,0,45.36,Spring,0,131
2022-03-14,S002,P0005,Electronics,South,650,15,0,68.07,0,Cloudy,0,80.36,Spring,0,16
2022-03-14,S002,P0006,Clothing,South,115,102,82,60.28,10,Cloudy,0,52.66,Spring,0,86
2022-03-14,S002,P0007,Toys,South,159,83,0,23.72,25,Cloudy,1,26.44,Spring,0,128
2022-03-14,S002,P0008,Groceries,South,158,107,0,26.98,0,Cloudy,0,26.83,Spring,0,96
2022-03-14,S002,P0009,Groceries,South,218,128,374,70.99,5,Cloudy,0,84.34,Spring,0,158
2022-03-14,S002,P0010,Groceries,South,158,158,196,100.38,15,Cloudy,1,85.7,Spring,0,178
2022-03-14,S002,P0011,Groceries,South,113,113,0,95.5,5,Cloudy,0,106.7,Spring,0,115
2022-03-14,S002,P0012,Electronics,South,503,34,0,58.76,5,Cloudy,0,54.74,Spring,0,51
2022-03-14,S002,P0013,Groceries,South,279,140,0,20.38,20,Cloudy,1,18.91,Spring,0,125
2022-03-14,S002,P0014,Electronics,South,343,97,455,121.56,10,Cloudy,0,108.11,Spring,0,104
2022-03-14,S002,P0015,Clothing,South,250,97,0,67.88,0,Cloudy,0,81.35,Spring,0,92
2022-03-14,S002,P0016,Clothing,South,345,80,0,92.24,0,Cloudy,0,100.38,Spring,0,108
2022-03-14,S002,P0017,Toys,South,551,198,562,25.82,15,Cloudy,1,30.23,Spring,0,230
2022-03-14,S002,P0018,Clothing,South,139,98,87,29.69,0,Cloudy,0,27.02,Spring,0,99
2022-03-14,S002,P0019,Clothing,South,814,120,0,86.54,5,Cloudy,0,101.77,Spring,0,108
2022-03-14,S002,P0020,Furniture,South,260,74,0,133.42,5,Cloudy,0,121.84,Spring,0,83
2022-03-14,S003,P0001,Toys,East,0,0,0,20.3,0,Rainy,0,18.21,Spring,0,139
2022-03-14,S003,P0002,Groceries,East,225,44,0,44.66,10,Rainy,0,40.33,Spring,0,49
2022-03-14,S003,P0003,Electronics,East,147,147,215,132.21,10,Rainy,1,122.93,Spring,0,263
2022-03-14,S003,P0004,Groceries,East,306,120,0,23.43,0,Rainy,0,24.84,Spring,0,102
2022-03-14,S003,P0005,Toys,East,223,70,0,20.9,5,Rainy,0,23.19,Spring,0,86
2022-03-14,S003,P0006,Toys,East,113,113,97,39.68,5,Rainy,0,46.3,Spring,0,114
2022-03-14,S003,P0007,Groceries,East,460,90,0,15.96,10,Rainy,1,18.16,Spring,0,125
2022-03-14,S003,P0008,Clothing,East,337,50,0,104.91,5,Rainy,0,123.28,Spring,0,82
2022-03-14,S003,P0009,Groceries,East,138,119,102,52.16,10,Rainy,0,49.91,Spring,0,103
2022-03-14,S003,P0010,Groceries,East,148,147,149,39.92,15,Rainy,1,47.93,Spring,0,158
2022-03-14,S003,P0011,Electronics,East,148,121,0,125.04,5,Rainy,0,133.6,Spring,0,114
2022-03-14,S003,P0012,Furniture,East,149,29,0,85.19,0,Rainy,0,99.26,Spring,0,36
2022-03-14,S003,P0013,Groceries,East,1074,49,0,49.14,25,Rainy,1,46.75,Spring,0,54
2022-03-14,S003,P0014,Groceries,East,714,80,0,88.66,5,Rainy,0,88.08,Spring,0,78
2022-03-14,S003,P0015,Groceries,East,961,101,0,102.86,0,Rainy,0,90.82,Spring,0,97
2022-03-14,S003,P0016,Electronics,East,64,64,0,101.21,5,Rainy,0,116.46,Spring,0,114
2022-03-14,S003,P0017,Furniture,East,244,109,453,128.04,10,Rainy,1,136.62,Spring,0,122
2022-03-14,S003,P0018,Furniture,East,634,54,0,130.1,5,Rainy,0,124.84,Spring,0,65
2022-03-14,S003,P0019,Groceries,East,263,87,0,49.96,5,Rainy,0,56.76,Spring,0,84
2022-03-14,S003,P0020,Clothing,East,663,96,0,74.04,10,Rainy,0,83.24,Spring,0,127
2022-03-14,S004,P0001,Groceries,West,1014,55,0,9.95,10,Cloudy,0,9.32,Spring,0,82
2022-03-14,S004,P0002,Groceries,West,15,15,0,23.04,5,Cloudy,0,20.46,Spring,0,139
2022-03-14,S004,P0003,Furniture,West,476,86,0,121.56,20,Cloudy,1,144.03,Spring,0,99
2022-03-14,S004,P0004,Groceries,West,699,110,0,52.44,5,Cloudy,0,60.51,Spring,0,106
2022-03-14,S004,P0005,Clothing,West,88,23,50,58.61,5,Cloudy,0,51.18,Spring,0,36
2022-03-14,S004,P0006,Groceries,West,489,74,0,41.25,0,Cloudy,0,38.54,Spring,0,120
2022-03-14,S004,P0007,Groceries,West,396,177,0,27.19,25,Cloudy,1,30.48,Spring,0,177
2022-03-14,S004,P0008,Furniture,West,152,70,0,92.36,10,Cloudy,0,86.55,Spring,0,71
2022-03-14,S004,P0009,Clothing,West,448,54,0,117.02,0,Cloudy,0,115.31,Spring,0,84
2022-03-14,S004,P0010,Groceries,West,692,133,0,23.09,25,Cloudy,1,20.32,Spring,0,136
2022-03-14,S004,P0011,Clothing,West,480,31,0,44.27,10,Cloudy,0,51.44,Spring,0,43
2022-03-14,S004,P0012,Electronics,West,121,97,105,112.16,10,Cloudy,0,97.82,Spring,0,103
2022-03-14,S004,P0013,Groceries,West,286,155,571,23.67,20,Cloudy,1,21.36,Spring,0,209
2022-03-14,S004,P0014,Furniture,West,65,24,0,152.08,0,Cloudy,0,146.19,Spring,0,36
2022-03-14,S004,P0015,Furniture,West,512,40,0,81.75,10,Cloudy,0,96.72,Spring,0,57
2022-03-14,S004,P0016,Furniture,West,270,46,0,111.66,0,Cloudy,0,111.23,Spring,0,46
2022-03-14,S004,P0017,Clothing,West,146,84,140,100.01,10,Cloudy,1,91.42,Spring,0,120
2022-03-14,S004,P0018,Furniture,West,83,69,98,183.42,0,Cloudy,0,183.22,Spring,0,96
2022-03-14,S004,P0019,Clothing,West,172,59,0,56.43,10,Cloudy,0,50.35,Spring,0,93
2022-03-14,S004,P0020,Furniture,West,86,65,0,128.31,5,Cloudy,0,150.75,Spring,0,83
2022-03-14,S005,P0001,Groceries,North,328,85,0,11.05,10,Cloudy,0,10.84,Spring,0,89
2022-03-14,S005,P0002,Electronics,North,271,87,0,43.67,10,Cloudy,0,43.56,Spring,0,128
2022-03-14,S005,P0003,Toys,North,224,171,170,34.52,20,Cloudy,1,34.2,Spring,0,201
2022-03-14,S005,P0004,Groceries,North,228,68,0,7.56,5,Cloudy,0,7.41,Spring,0,93
2022-03-14,S005,P0005,Groceries,North,248,51,0,13.26,10,Cloudy,0,15.95,Spring,0,68
2022-03-14,S005,P0006,Groceries,North,343,45,0,47.24,10,Cloudy,0,57.16,Spring,0,62
2022-03-14,S005,P0007,Groceries,North,559,100,0,79.77,10,Cloudy,1,75.42,Spring,0,106
2022-03-14,S005,P0008,Groceries,North,147,5,0,43.35,0,Cloudy,0,49.85,Spring,0,4
2022-03-14,S005,P0009,Groceries,North,170,77,0,104.96,5,Cloudy,0,102.72,Spring,0,127
2022-03-14,S005,P0010,Groceries,North,433,131,586,58.32,25,Cloudy,1,70.06,Spring,0,189
2022-03-14,S005,P0011,Electronics,North,171,42,0,72.98,0,Cloudy,0,85.57,Spring,0,67
2022-03-14,S005,P0012,Furniture,North,473,58,0,144.31,0,Cloudy,0,123.72,Spring,0,91
2022-03-14,S005,P0013,Groceries,North,249,147,0,78.26,15,Cloudy,1,70.66,Spring,0,151
2022-03-14,S005,P0014,Furniture,North,285,125,303,189.72,0,Cloudy,0,216.41,Spring,0,115
2022-03-14,S005,P0015,Groceries,North,306,58,0,40.27,10,Cloudy,0,46.95,Spring,0,65
2022-03-14,S005,P0016,Toys,North,217,164,0,37.82,10,Cloudy,0,35.67,Spring,0,137
2022-03-14,S005,P0017,Toys,North,93,93,175,35.36,20,Cloudy,1,37.31,Spring,0,147
2022-03-14,S005,P0018,Clothing,North,59,59,106,23.09,0,Cloudy,0,27.79,Spring,0,113
2022-03-14,S005,P0019,Furniture,North,143,27,0,116.94,0,Cloudy,0,125.46,Spring,0,29
2022-03-14,S005,P0020,Toys,North,109,109,114,33.76,5,Cloudy,0,37.32,Spring,0,140
2022-03-15,S001,P0001,Electronics,North,187,129,0,65.22,20,Rainy,1,65.12,Spring,0,119
2022-03-15,S001,P0002,Clothing,North,123,109,107,54.89,25,Rainy,1,53.07,Spring,0,115
2022-03-15,S001,P0003,Clothing,North,1102,159,0,62.69,5,Rainy,0,57.33,Spring,0,137
2022-03-15,S001,P0004,Electronics,North,92,92,0,106.57,10,Rainy,0,99.6,Spring,0,107
2022-03-15,S001,P0005,Groceries,North,744,54,0,48.78,10,Rainy,0,55.23,Spring,0,72
2022-03-15,S001,P0006,Toys,North,232,105,0,37.43,10,Rainy,0,40.19,Spring,0,99
2022-03-15,S001,P0007,Groceries,North,483,55,0,22.71,5,Rainy,0,20.27,Spring,0,72
2022-03-15,S001,P0008,Electronics,North,109,90,135,47.91,10,Rainy,1,47.64,Spring,0,133
2022-03-15,S001,P0009,Clothing,North,117,75,75,80.79,10,Rainy,0,74.06,Spring,0,82
2022-03-15,S001,P0010,Furniture,North,479,82,0,113.26,10,Rainy,0,126.8,Spring,0,69
2022-03-15,S001,P0011,Furniture,North,223,39,0,138.21,10,Rainy,0,135.54,Spring,0,46
2022-03-15,S001,P0012,Groceries,North,335,189,302,88.13,15,Rainy,1,97.11,Spring,0,174
2022-03-15,S001,P0013,Toys,North,151,84,109,29.74,10,Rainy,0,32.36,Spring,0,93
2022-03-15,S001,P0014,Groceries,North,511,114,0,70.37,15,Rainy,1,64.3,Spring,0,122
2022-03-15,S001,P0015,Toys,North,153,88,80,13.74,15,Rainy,1,15.25,Spring,0,97
2022-03-15,S001,P0016,Groceries,North,561,107,0,34.32,20,Rainy,1,30.08,Spring,0,113
2022-03-15,S001,P0017,Toys,North,179,55,0,20.15,5,Rainy,0,21.92,Spring,0,75
2022-03-15,S001,P0018,Groceries,North,140,140,189,72.31,10,Rainy,1,61.82,Spring,0,176
2022-03-15,S001,P0019,Furniture,North,79,79,65,108.87,5,Rainy,0,127.72,Spring,0,79
2022-03-15,S001,P0020,Furniture,North,195,133,0,128.3,10,Rainy,1,153.97,Spring,0,129
2022-03-15,S002,P0001,Groceries,South,253,253,574,105.58,10,Sunny,1,114.07,Spring,0,233
2022-03-15,S002,P0002,Toys,South,263,226,360,37.87,20,Sunny,1,42.96,Spring,0,224
2022-03-15,S002,P0003,Groceries,South,398,111,0,78.41,10,Sunny,0,88.6,Spring,0,121
2022-03-15,S002,P0004,Groceries,South,386,126,0,49.6,5,Sunny,0,53.61,Spring,0,170
2022-03-15,S002,P0005,Electronics,South,635,82,0,96.91,0,Sunny,0,89.37,Spring,0,93
2022-03-15,S002,P0006,Clothing,South,95,95,145,76.36,5,Sunny,0,73.74,Spring,0,144
2022-03-15,S002,P0007,Toys,South,533,51,0,26.04,5,Sunny,0,23.16,Spring,0,69
2022-03-15,S002,P0008,Groceries,South,51,51,152,26.27,20,Sunny,1,31.68,Spring,0,181
2022-03-15,S002,P0009,Groceries,South,90,90,0,77.5,0,Sunny,0,88.95,Spring,0,172
2022-03-15,S002,P0010,Groceries,South,196,193,150,106.68,10,Sunny,0,95.89,Spring,0,179
2022-03-15,S002,P0011,Groceries,South,385,190,634,126.92,0,Sunny,0,150.73,Spring,0,199
2022-03-15,S002,P0012,Electronics,South,469,123,368,54.36,25,Sunny,1,59.01,Spring,0,111
2022-03-15,S002,P0013,Groceries,South,753,151,0,23.66,10,Sunny,0,22.88,Spring,0,136
2022-03-15,S002,P0014,Electronics,South,246,148,823,146.67,15,Sunny,1,145.53,Spring,0,189
2022-03-15,S002,P0015,Clothing,South,153,87,0,68.36,15,Sunny,1,61.66,Spring,0,129
2022-03-15,S002,P0016,Clothing,South,265,49,0,63.45,20,Sunny,1,54.6,Spring,0,50
2022-03-15,S002,P0017,Toys,South,353,102,0,20.2,10,Sunny,0,19.59,Spring,0,100
2022-03-15,S002,P0018,Clothing,South,128,99,72,24.47,10,Sunny,1,29.34,Spring,0,88
2022-03-15,S002,P0019,Clothing,South,694,70,0,76.35,10,Sunny,0,67.38,Spring,0,72
2022-03-15,S002,P0020,Furniture,South,186,68,0,129.31,10,Sunny,1,156.39,Spring,0,105
2022-03-15,S003,P0001,Toys,East,446,148,378,21.57,10,Sunny,1,21.28,Spring,0,201
2022-03-15,S003,P0002,Groceries,East,642,88,0,53.64,10,Sunny,1,50.66,Spring,0,100
2022-03-15,S003,P0003,Electronics,East,215,110,0,86.28,10,Sunny,0,81.48,Spring,0,100
2022-03-15,S003,P0004,Groceries,East,881,76,0,21.83,5,Sunny,0,20.61,Spring,0,81
2022-03-15,S003,P0005,Toys,East,594,71,0,21.3,5,Sunny,0,25.51,Spring,0,92
2022-03-15,S003,P0006,Toys,East,97,97,181,53.72,5,Sunny,0,47.57,Spring,0,206
2022-03-15,S003,P0007,Groceries,East,370,111,0,17.75,5,Sunny,0,15.88,Spring,0,125
2022-03-15,S003,P0008,Clothing,East,287,155,334,105.22,25,Sunny,1,123.66,Spring,0,159
2022-03-15,S003,P0009,Groceries,East,121,121,189,68.5,5,Sunny,0,65.68,Spring,0,178
2022-03-15,S003,P0010,Groceries,East,150,62,0,34.28,5,Sunny,0,30.95,Spring,0,60
2022-03-15,S003,P0011,Electronics,East,183,72,228,124.95,5,Sunny,0,133.48,Spring,0,114
2022-03-15,S003,P0012,Furniture,East,312,72,0,79.22,25,Sunny,1,72.15,Spring,0,79
2022-03-15,S003,P0013,Groceries,East,1025,135,0,77.86,10,Sunny,0,82.42,Spring,0,155
2022-03-15,S003,P0014,Groceries,East,634,216,697,125.04,10,Sunny,1,121.91,Spring,0,216
2022-03-15,S003,P0015,Groceries,East,860,102,0,82.49,15,Sunny,1,96.89,Spring,0,95
2022-03-15,S003,P0016,Electronics,East,312,150,219,94.29,15,Sunny,1,104.06,Spring,0,127
2022-03-15,S003,P0017,Furniture,East,135,40,0,113.05,5,Sunny,0,111.23,Spring,0,55
2022-03-15,S003,P0018,Furniture,East,580,83,0,135.59,10,Sunny,1,149.25,Spring,0,108
2022-03-15,S003,P0019,Groceries,East,176,108,156,61.75,5,Sunny,0,53.48,Spring,0,134
2022-03-15,S003,P0020,Clothing,East,567,56,0,54.33,15,Sunny,1,59.66,Spring,0,53
2022-03-15,S004,P0001,Groceries,West,959,219,0,11.77,25,Sunny,1,11.32,Spring,0,202
2022-03-15,S004,P0002,Groceries,West,333,134,336,19.18,20,Sunny,1,21.27,Spring,0,153
2022-03-15,S004,P0003,Furniture,West,390,91,337,167.46,0,Sunny,0,154.38,Spring,0,113
2022-03-15,S004,P0004,Groceries,West,589,115,0,56.19,10,Sunny,0,67.14,Spring,0,147
2022-03-15,S004,P0005,Clothing,West,115,67,78,66.77,5,Sunny,0,63.01,Spring,0,70
2022-03-15,S004,P0006,Groceries,West,415,104,0,43.61,0,Sunny,0,49.94,Spring,0,156
2022-03-15,S004,P0007,Groceries,West,219,179,0,32.63,10,Sunny,0,30.46,Spring,0,158
2022-03-15,S004,P0008,Furniture,West,82,82,94,87.11,20,Sunny,1,97.72,Spring,0,104
2022-03-15,S004,P0009,Clothing,West,394,114,0,119.85,0,Sunny,0,144.71,Spring,0,107
2022-03-15,S004,P0010,Groceries,West,559,79,0,28.43,5,Sunny,0,27.88,Spring,0,127
2022-03-15,S004,P0011,Clothing,West,449,114,0,59.38,10,Sunny,0,71.46,Spring,0,127
2022-03-15,S004,P0012,Electronics,West,129,101,140,105.71,25,Sunny,1,103.32,Spring,0,144
2022-03-15,S004,P0013,Groceries,West,131,91,0,20.05,5,Sunny,0,18.23,Spring,0,91
2022-03-15,S004,P0014,Furniture,West,234,37,0,147.26,10,Sunny,1,131.69,Spring,0,54
2022-03-15,S004,P0015,Furniture,West,472,137,368,99.81,20,Sunny,1,94.37,Spring,0,136
2022-03-15,S004,P0016,Furniture,West,224,116,0,122.97,10,Sunny,1,118.64,Spring,0,102
2022-03-15,S004,P0017,Clothing,West,202,59,0,80.66,10,Sunny,0,71.33,Spring,0,57
2022-03-15,S004,P0018,Furniture,West,112,77,83,157.88,15,Sunny,1,138.35,Spring,0,100
2022-03-15,S004,P0019,Clothing,West,113,43,60,46.22,10,Sunny,0,53.06,Spring,0,52
2022-03-15,S004,P0020,Furniture,West,250,75,260,131.63,15,Sunny,1,116.75,Spring,0,109
2022-03-15,S005,P0001,Groceries,North,243,99,208,10.03,20,Rainy,1,11.54,Spring,0,111
2022-03-15,S005,P0002,Electronics,North,652,92,0,35.91,15,Rainy,1,32.52,Spring,0,85
2022-03-15,S005,P0003,Toys,North,223,142,143,33.1,5,Rainy,0,35.9,Spring,0,140
2022-03-15,S005,P0004,Groceries,North,160,87,130,7.94,10,Rainy,0,9.55,Spring,0,142
2022-03-15,S005,P0005,Groceries,North,197,39,0,14.46,0,Rainy,0,15.4,Spring,0,63
2022-03-15,S005,P0006,Groceries,North,298,137,0,67.8,5,Rainy,0,59.31,Spring,0,140
2022-03-15,S005,P0007,Groceries,North,459,35,0,73.97,0,Rainy,0,68.19,Spring,0,54
2022-03-15,S005,P0008,Groceries,North,142,126,137,61.8,15,Rainy,1,66.53,Spring,0,146
2022-03-15,S005,P0009,Groceries,North,93,77,0,101.88,0,Rainy,0,96.93,Spring,0,101
2022-03-15,S005,P0010,Groceries,North,302,96,0,62.45,5,Rainy,0,73.28,Spring,0,128
2022-03-15,S005,P0011,Electronics,North,129,72,0,85.66,0,Rainy,0,78.43,Spring,0,99
2022-03-15,S005,P0012,Furniture,North,415,67,0,108.58,15,Rainy,1,102.15,Spring,0,57
2022-03-15,S005,P0013,Groceries,North,102,58,0,74.71,0,Rainy,0,71.43,Spring,0,84
2022-03-15,S005,P0014,Furniture,North,160,96,0,166.21,10,Rainy,1,192.85,Spring,0,107
2022-03-15,S005,P0015,Groceries,North,512,180,0,57.8,15,Rainy,1,65.98,Spring,0,206
2022-03-15,S005,P0016,Toys,North,538,75,0,27.59,15,Rainy,1,29.49,Spring,0,73
2022-03-15,S005,P0017,Toys,North,175,46,0,31.72,5,Rainy,0,31.57,Spring,0,48
2022-03-15,S005,P0018,Clothing,North,106,106,149,19.84,25,Rainy,1,17.53,Spring,0,141
2022-03-15,S005,P0019,Furniture,North,301,66,0,142.31,5,Rainy,0,163.31,Spring,0,95
2022-03-15,S005,P0020,Toys,North,114,100,120,32.13,10,Rainy,1,31.59,Spring,0,124
2022-03-16,S001,P0001,Electronics,North,250,103,203,69.72,5,Rainy,0,61.26,Spring,0,86
2022-03-16,S001,P0002,Clothing,North,121,57,0,56.24,5,Rainy,0,49.28,Spring,0,54
2022-03-16,S001,P0003,Clothing,North,943,131,0,52.58,10,Rainy,0,57.97,Spring,0,114
2022-03-16,S001,P0004,Electronics,North,173,111,188,105.31,10,Rainy,1,94.6,Spring,0,104
2022-03-16,S001,P0005,Groceries,North,690,92,0,54.77,15,Rainy,1,66.17,Spring,0,124
2022-03-16,S001,P0006,Toys,North,676,83,0,41.12,10,Rainy,0,46.22,Spring,0,129
2022-03-16,S001,P0007,Groceries,North,428,110,0,27.98,5,Rainy,0,29.84,Spring,0,154
2022-03-16,S001,P0008,Electronics,North,154,76,0,40.31,15,Rainy,1,43.86,Spring,0,112
2022-03-16,S001,P0009,Clothing,North,117,105,107,83.7,10,Rainy,0,94.39,Spring,0,108
2022-03-16,S001,P0010,Furniture,North,397,89,0,132.09,5,Rainy,0,126.25,Spring,0,83
2022-03-16,S001,P0011,Furniture,North,184,88,196,153.06,20,Rainy,1,149.04,Spring,0,108
2022-03-16,S001,P0012,Groceries,North,146,128,0,84.25,10,Rainy,0,95.32,Spring,0,138
2022-03-16,S001,P0013,Toys,North,176,118,209,38.02,10,Rainy,0,41.82,Spring,0,176
2022-03-16,S001,P0014,Groceries,North,397,82,437,69.93,15,Rainy,1,77.72,Spring,0,137
2022-03-16,S001,P0015,Toys,North,145,145,200,16.17,25,Rainy,1,14.69,Spring,0,177
2022-03-16,S001,P0016,Groceries,North,454,129,503,38.53,25,Rainy,1,36.04,Spring,0,176
2022-03-16,S001,P0017,Toys,North,124,124,136,21.02,25,Rainy,1,19.75,Spring,0,146
2022-03-16,S001,P0018,Groceries,North,189,75,115,62.52,5,Rainy,0,75.41,Spring,0,123
2022-03-16,S001,P0019,Furniture,North,65,65,86,90.35,25,Rainy,1,104.38,Spring,0,93
2022-03-16,S001,P0020,Furniture,North,62,52,0,104.33,5,Rainy,0,120.98,Spring,0,53
2022-03-16,S002,P0001,Groceries,South,508,104,0,84.83,10,Sunny,0,73.81,Spring,0,130
2022-03-16,S002,P0002,Toys,South,300,98,0,35.9,10,Sunny,0,33.02,Spring,0,138
2022-03-16,S002,P0003,Groceries,South,287,129,0,108.12,5,Sunny,0,92.23,Spring,0,199
2022-03-16,S002,P0004,Groceries,South,260,237,799,63.48,10,Sunny,1,62.2,Spring,0,276
2022-03-16,S002,P0005,Electronics,South,553,56,0,77.0,10,Sunny,1,67.69,Spring,0,59
2022-03-16,S002,P0006,Clothing,South,145,145,132,79.06,0,Sunny,0,86.13,Spring,0,157
2022-03-16,S002,P0007,Toys,South,482,64,0,27.69,5,Sunny,0,32.23,Spring,0,102
2022-03-16,S002,P0008,Groceries,South,152,152,192,30.55,15,Sunny,1,36.84,Spring,0,217
2022-03-16,S002,P0009,Groceries,South,374,121,0,62.79,10,Sunny,0,74.93,Spring,0,134
2022-03-16,S002,P0010,Groceries,South,153,153,188,112.14,0,Sunny,0,96.69,Spring,0,158
2022-03-16,S002,P0011,Groceries,South,195,142,0,104.5,20,Sunny,1,102.14,Spring,0,190
2022-03-16,S002,P0012,Electronics,South,346,80,0,60.28,10,Sunny,0,72.4,Spring,0,87
2022-03-16,S002,P0013,Groceries,South,602,102,0,26.69,0,Sunny,0,30.51,Spring,0,159
2022-03-16,S002,P0014,Electronics,South,98,82,0,120.65,15,Sunny,1,105.83,Spring,0,119
2022-03-16,S002,P0015,Clothing,South,685,121,0,77.12,10,Sunny,1,75.98,Spring,0,151
2022-03-16,S002,P0016,Clothing,South,216,134,210,83.96,15,Sunny,1,81.73,Spring,0,113
2022-03-16,S002,P0017,Toys,South,251,197,0,21.53,20,Sunny,1,26.02,Spring,0,180
2022-03-16,S002,P0018,Clothing,South,101,73,86,26.57,0,Sunny,0,29.49,Spring,0,82
2022-03-16,S002,P0019,Clothing,South,624,103,0,81.14,20,Sunny,1,69.04,Spring,0,126
2022-03-16,S002,P0020,Furniture,South,493,111,0,133.5,10,Sunny,0,155.11,Spring,0,115
2022-03-16,S003,P0001,Toys,East,298,51,0,15.79,0,Cloudy,0,18.39,Spring,0,77
2022-03-16,S003,P0002,Groceries,East,554,152,0,63.69,0,Cloudy,0,71.18,Spring,0,138
2022-03-16,S003,P0003,Electronics,East,105,75,118,94.27,5,Cloudy,0,89.77,Spring,0,111
2022-03-16,S003,P0004,Groceries,East,805,205,0,27.88,10,Cloudy,1,32.24,Spring,0,201
2022-03-16,S003,P0005,Toys,East,523,146,848,27.04,10,Cloudy,1,28.75,Spring,0,192
2022-03-16,S003,P0006,Toys,East,181,82,0,39.2,0,Cloudy,0,43.48,Spring,0,95
2022-03-16,S003,P0007,Groceries,East,1512,87,0,16.33,5,Cloudy,0,17.89,Spring,0,115
2022-03-16,S003,P0008,Clothing,East,132,132,0,133.93,10,Cloudy,1,121.63,Spring,0,162
2022-03-16,S003,P0009,Groceries,East,189,120,182,65.39,5,Cloudy,0,73.51,Spring,0,179
2022-03-16,S003,P0010,Groceries,East,88,88,154,39.4,10,Cloudy,0,47.66,Spring,0,134
2022-03-16,S003,P0011,Electronics,East,111,79,0,113.81,15,Cloudy,1,137.32,Spring,0,120
2022-03-16,S003,P0012,Furniture,East,240,64,188,105.69,0,Cloudy,0,112.51,Spring,0,94
2022-03-16,S003,P0013,Groceries,East,890,112,0,79.8,10,Cloudy,0,92.43,Spring,0,164
2022-03-16,S003,P0014,Groceries,East,418,145,0,93.11,25,Cloudy,1,80.16,Spring,0,171
2022-03-16,S003,P0015,Groceries,East,758,175,0,98.53,20,Cloudy,1,104.51,Spring,0,175
2022-03-16,S003,P0016,Electronics,East,162,152,296,98.72,25,Cloudy,1,89.77,Spring,0,169
2022-03-16,S003,P0017,Furniture,East,429,77,0,116.82,10,Cloudy,1,129.76,Spring,0,93
2022-03-16,S003,P0018,Furniture,East,497,48,0,129.37,5,Cloudy,0,144.75,Spring,0,78
2022-03-16,S003,P0019,Groceries,East,224,42,0,40.52,15,Cloudy,1,36.33,Spring,0,44
2022-03-16,S003,P0020,Clothing,East,511,57,0,68.67,0,Cloudy,0,64.54,Spring,0,59
2022-03-16,S004,P0001,Groceries,West,740,62,0,8.95,5,Cloudy,0,10.59,Spring,0,52
2022-03-16,S004,P0002,Groceries,West,199,57,0,20.09,0,Cloudy,0,21.75,Spring,0,95
2022-03-16,S004,P0003,Furniture,West,299,77,0,129.89,10,Cloudy,0,137.86,Spring,0,84
2022-03-16,S004,P0004,Groceries,West,474,145,481,49.37,25,Cloudy,1,44.46,Spring,0,148
2022-03-16,S004,P0005,Clothing,West,126,104,136,64.32,25,Cloudy,1,57.28,Spring,0,130
2022-03-16,S004,P0006,Groceries,West,311,132,290,43.03,0,Cloudy,0,37.86,Spring,0,134
2022-03-16,S004,P0007,Groceries,West,680,96,0,26.07,10,Cloudy,0,23.31,Spring,0,85
2022-03-16,S004,P0008,Furniture,West,94,93,76,78.08,25,Cloudy,1,88.15,Spring,0,90
2022-03-16,S004,P0009,Clothing,West,280,116,516,128.38,10,Cloudy,0,113.37,Spring,0,147
2022-03-16,S004,P0010,Groceries,West,480,119,551,28.16,10,Cloudy,0,25.46,Spring,0,142
2022-03-16,S004,P0011,Clothing,West,335,180,0,57.81,20,Cloudy,1,66.35,Spring,0,159
2022-03-16,S004,P0012,Electronics,West,168,117,0,118.34,5,Cloudy,0,115.7,Spring,0,103
2022-03-16,S004,P0013,Groceries,West,427,97,0,21.12,0,Cloudy,0,25.15,Spring,0,106
2022-03-16,S004,P0014,Furniture,West,197,74,226,164.25,15,Cloudy,1,150.04,Spring,0,101
2022-03-16,S004,P0015,Furniture,West,335,70,0,76.08,20,Cloudy,1,87.51,Spring,0,69
2022-03-16,S004,P0016,Furniture,West,465,39,0,106.88,10,Cloudy,1,95.74,Spring,0,62
2022-03-16,S004,P0017,Clothing,West,143,68,101,78.55,20,Cloudy,1,84.87,Spring,0,98
2022-03-16,S004,P0018,Furniture,West,118,35,52,141.92,5,Cloudy,0,153.07,Spring,0,53
2022-03-16,S004,P0019,Clothing,West,130,107,102,54.56,20,Cloudy,1,49.67,Spring,0,119
2022-03-16,S004,P0020,Furniture,West,175,45,0,110.15,10,Cloudy,0,133.19,Spring,0,56
2022-03-16,S005,P0001,Groceries,North,144,102,0,11.26,10,Rainy,0,10.9,Spring,0,95
2022-03-16,S005,P0002,Electronics,North,560,38,0,32.42,10,Rainy,0,28.25,Spring,0,42
2022-03-16,S005,P0003,Toys,North,224,108,0,31.48,10,Rainy,0,29.75,Spring,0,124
2022-03-16,S005,P0004,Groceries,North,203,144,188,9.39,15,Rainy,1,9.23,Spring,0,208
2022-03-16,S005,P0005,Groceries,North,158,81,153,12.6,15,Rainy,1,14.94,Spring,0,70
2022-03-16,S005,P0006,Groceries,North,1166,108,0,59.72,10,Rainy,0,54.87,Spring,0,116
2022-03-16,S005,P0007,Groceries,North,424,82,0,75.52,10,Rainy,0,90.63,Spring,0,104
2022-03-16,S005,P0008,Groceries,North,153,43,0,43.2,25,Rainy,1,38.41,Spring,0,59
2022-03-16,S005,P0009,Groceries,North,464,98,0,93.08,5,Rainy,0,85.83,Spring,0,89
2022-03-16,S005,P0010,Groceries,North,206,143,0,70.87,0,Rainy,0,63.94,Spring,0,136
2022-03-16,S005,P0011,Electronics,North,821,115,0,62.5,25,Rainy,1,74.09,Spring,0,106
2022-03-16,S005,P0012,Furniture,North,348,30,0,110.13,5,Rainy,0,118.41,Spring,0,46
2022-03-16,S005,P0013,Groceries,North,320,87,399,78.89,5,Rainy,0,84.55,Spring,0,133
2022-03-16,S005,P0014,Furniture,North,64,64,0,128.31,25,Rainy,1,135.82,Spring,0,84
2022-03-16,S005,P0015,Groceries,North,332,87,0,38.05,25,Rainy,1,33.55,Spring,0,86
2022-03-16,S005,P0016,Toys,North,463,68,0,28.2,15,Rainy,1,32.52,Spring,0,79
2022-03-16,S005,P0017,Toys,North,129,63,57,28.43,20,Rainy,1,27.29,Spring,0,64
2022-03-16,S005,P0018,Clothing,North,149,90,136,25.35,0,Rainy,0,27.57,Spring,0,144
2022-03-16,S005,P0019,Furniture,North,235,87,0,129.03,10,Rainy,1,136.04,Spring,0,82
2022-03-16,S005,P0020,Toys,North,134,72,97,29.22,10,Rainy,0,27.23,Spring,0,94
2022-03-17,S001,P0001,Electronics,North,147,92,0,69.39,10,Cloudy,0,62.27,Spring,0,101
2022-03-17,S001,P0002,Clothing,North,64,64,88,55.18,10,Cloudy,0,63.07,Spring,0,77
2022-03-17,S001,P0003,Clothing,North,812,123,0,54.6,10,Cloudy,0,50.78,Spring,0,109
2022-03-17,S001,P0004,Electronics,North,62,62,227,111.27,5,Cloudy,0,102.95,Spring,0,104
2022-03-17,S001,P0005,Groceries,North,598,100,0,59.34,0,Cloudy,0,69.55,Spring,0,98
2022-03-17,S001,P0006,Toys,North,593,84,0,33.35,20,Cloudy,1,38.25,Spring,0,99
2022-03-17,S001,P0007,Groceries,North,740,135,731,31.79,0,Cloudy,0,28.77,Spring,0,163
2022-03-17,S001,P0008,Electronics,North,78,78,120,36.5,25,Cloudy,1,40.92,Spring,0,120
2022-03-17,S001,P0009,Clothing,North,119,89,88,72.96,20,Cloudy,1,65.49,Spring,0,87
2022-03-17,S001,P0010,Furniture,North,308,82,326,140.7,5,Cloudy,0,124.88,Spring,0,102
2022-03-17,S001,P0011,Furniture,North,96,69,0,154.76,10,Cloudy,0,151.24,Spring,0,76
2022-03-17,S001,P0012,Groceries,North,320,91,283,96.4,0,Cloudy,0,112.85,Spring,0,148
2022-03-17,S001,P0013,Toys,North,267,22,0,23.51,10,Cloudy,0,26.36,Spring,0,31
2022-03-17,S001,P0014,Groceries,North,315,121,0,76.46,15,Cloudy,1,71.17,Spring,0,150
2022-03-17,S001,P0015,Toys,North,200,138,227,17.28,20,Cloudy,1,19.96,Spring,0,198
2022-03-17,S001,P0016,Groceries,North,325,140,0,44.43,0,Cloudy,0,47.9,Spring,0,142
2022-03-17,S001,P0017,Toys,North,136,136,240,26.73,15,Cloudy,1,29.29,Spring,0,209
2022-03-17,S001,P0018,Groceries,North,229,199,183,77.76,15,Cloudy,1,66.56,Spring,0,228
2022-03-17,S001,P0019,Furniture,North,86,37,50,93.86,5,Cloudy,0,101.1,Spring,0,40
2022-03-17,S001,P0020,Furniture,North,546,85,0,106.8,10,Cloudy,1,121.46,Spring,0,73
2022-03-17,S002,P0001,Groceries,South,404,109,0,80.29,10,Cloudy,0,71.48,Spring,0,112
2022-03-17,S002,P0002,Toys,South,562,34,0,27.39,10,Cloudy,0,26.12,Spring,0,57
2022-03-17,S002,P0003,Groceries,South,992,144,0,83.58,10,Cloudy,0,80.98,Spring,0,125
2022-03-17,S002,P0004,Groceries,South,448,114,0,43.85,5,Cloudy,0,52.02,Spring,0,126
2022-03-17,S002,P0005,Electronics,South,497,34,0,76.21,5,Cloudy,0,90.04,Spring,0,55
2022-03-17,S002,P0006,Clothing,South,132,83,104,57.74,20,Cloudy,1,63.82,Spring,0,125
2022-03-17,S002,P0007,Toys,South,418,162,440,32.41,0,Cloudy,0,37.72,Spring,0,136
2022-03-17,S002,P0008,Groceries,South,192,171,200,26.92,15,Cloudy,1,31.52,Spring,0,167
2022-03-17,S002,P0009,Groceries,South,253,200,467,69.67,20,Cloudy,1,67.28,Spring,0,197
2022-03-17,S002,P0010,Groceries,South,188,110,0,88.43,5,Cloudy,0,98.39,Spring,0,113
2022-03-17,S002,P0011,Groceries,South,53,53,0,99.13,5,Cloudy,0,119.75,Spring,0,127
2022-03-17,S002,P0012,Electronics,South,266,84,0,63.81,10,Cloudy,0,71.07,Spring,0,104
2022-03-17,S002,P0013,Groceries,South,500,110,0,25.36,0,Cloudy,0,28.01,Spring,0,141
2022-03-17,S002,P0014,Electronics,South,16,16,0,146.33,15,Cloudy,1,170.24,Spring,0,209
2022-03-17,S002,P0015,Clothing,South,564,108,674,74.26,10,Cloudy,1,79.55,Spring,0,156
2022-03-17,S002,P0016,Clothing,South,82,32,0,76.56,0,Cloudy,0,67.23,Spring,0,42
2022-03-17,S002,P0017,Toys,South,616,147,616,20.48,25,Cloudy,1,22.41,Spring,0,186
2022-03-17,S002,P0018,Clothing,South,114,114,111,25.47,15,Cloudy,1,30.39,Spring,0,118
2022-03-17,S002,P0019,Clothing,South,521,90,616,99.07,5,Cloudy,0,94.98,Spring,0,135
2022-03-17,S002,P0020,Furniture,South,382,67,0,106.18,25,Cloudy,1,112.84,Spring,0,100
2022-03-17,S003,P0001,Toys,East,625,174,0,22.22,10,Sunny,0,19.12,Spring,0,213
2022-03-17,S003,P0002,Groceries,East,402,39,0,49.88,0,Sunny,0,47.58,Spring,0,50
2022-03-17,S003,P0003,Electronics,East,148,117,147,104.04,5,Sunny,0,125.43,Spring,0,162
2022-03-17,S003,P0004,Groceries,East,600,129,0,29.02,0,Sunny,0,33.52,Spring,0,175
2022-03-17,S003,P0005,Toys,East,377,114,0,27.8,0,Sunny,0,24.17,Spring,0,145
2022-03-17,S003,P0006,Toys,East,99,99,156,37.95,25,Sunny,1,37.08,Spring,0,163
2022-03-17,S003,P0007,Groceries,East,1425,145,0,22.34,0,Sunny,0,22.18,Spring,0,190
2022-03-17,S003,P0008,Clothing,East,334,56,0,88.75,15,Sunny,1,80.25,Spring,0,53
2022-03-17,S003,P0009,Groceries,East,251,92,0,48.89,25,Sunny,1,48.56,Spring,0,141
2022-03-17,S003,P0010,Groceries,East,154,129,121,43.71,0,Sunny,0,43.64,Spring,0,116
2022-03-17,S003,P0011,Electronics,East,260,86,0,126.45,0,Sunny,0,118.93,Spring,0,87
2022-03-17,S003,P0012,Furniture,East,176,58,0,100.07,5,Sunny,0,91.43,Spring,0,78
2022-03-17,S003,P0013,Groceries,East,778,83,0,72.89,10,Sunny,0,72.58,Spring,0,115
2022-03-17,S003,P0014,Groceries,East,273,162,0,99.25,15,Sunny,1,90.46,Spring,0,148
2022-03-17,S003,P0015,Groceries,East,583,183,511,110.07,10,Sunny,1,95.12,Spring,0,154
2022-03-17,S003,P0016,Electronics,East,229,77,0,95.79,10,Sunny,0,83.3,Spring,0,98
2022-03-17,S003,P0017,Furniture,East,352,87,0,110.46,25,Sunny,1,99.99,Spring,0,117
2022-03-17,S003,P0018,Furniture,East,449,78,350,141.61,10,Sunny,1,124.9,Spring,0,105
2022-03-17,S003,P0019,Groceries,East,182,122,203,65.25,5,Sunny,0,70.28,Spring,0,172
2022-03-17,S003,P0020,Clothing,East,454,54,0,64.64,10,Sunny,1,63.25,Spring,0,71
2022-03-17,S004,P0001,Groceries,West,678,95,0,10.07,10,Rainy,0,9.93,Spring,0,85
2022-03-17,S004,P0002,Groceries,West,478,137,0,23.68,0,Rainy,0,21.23,Spring,0,131
2022-03-17,S004,P0003,Furniture,West,222,57,0,127.44,0,Rainy,0,140.14,Spring,0,50
2022-03-17,S004,P0004,Groceries,West,329,70,0,59.36,0,Rainy,0,57.65,Spring,0,113
2022-03-17,S004,P0005,Clothing,West,158,36,0,64.6,0,Rainy,0,56.5,Spring,0,48
2022-03-17,S004,P0006,Groceries,West,179,64,0,26.34,25,Rainy,1,26.19,Spring,0,71
2022-03-17,S004,P0007,Groceries,West,584,112,0,28.24,5,Rainy,0,32.5,Spring,0,108
2022-03-17,S004,P0008,Furniture,West,77,77,99,99.66,15,Rainy,1,95.86,Spring,0,111
2022-03-17,S004,P0009,Clothing,West,164,148,0,110.13,25,Rainy,1,100.94,Spring,0,158
2022-03-17,S004,P0010,Groceries,West,361,65,0,20.97,10,Rainy,0,24.11,Spring,0,67
2022-03-17,S004,P0011,Clothing,West,670,70,0,54.75,10,Rainy,0,64.71,Spring,0,101
2022-03-17,S004,P0012,Electronics,West,51,51,60,107.05,0,Rainy,0,113.66,Spring,0,74
2022-03-17,S004,P0013,Groceries,West,901,111,0,21.0,5,Rainy,0,22.95,Spring,0,121
2022-03-17,S004,P0014,Furniture,West,123,57,0,155.66,10,Rainy,1,145.63,Spring,0,69
2022-03-17,S004,P0015,Furniture,West,265,92,0,80.82,20,Rainy,1,86.47,Spring,0,86
2022-03-17,S004,P0016,Furniture,West,426,56,0,117.77,0,Rainy,0,115.56,Spring,0,60
2022-03-17,S004,P0017,Clothing,West,176,122,148,101.92,10,Rainy,1,114.63,Spring,0,144
2022-03-17,S004,P0018,Furniture,West,135,113,88,161.06,15,Rainy,1,137.99,Spring,0,106
2022-03-17,S004,P0019,Clothing,West,125,45,74,56.24,0,Rainy,0,52.01,Spring,0,62
2022-03-17,S004,P0020,Furniture,West,390,75,0,117.6,20,Rainy,1,133.21,Spring,0,108
2022-03-17,S005,P0001,Groceries,North,250,93,180,12.99,0,Cloudy,0,12.38,Spring,0,106
2022-03-17,S005,P0002,Electronics,North,522,42,0,33.03,5,Cloudy,0,37.04,Spring,0,46
2022-03-17,S005,P0003,Toys,North,116,74,83,30.62,0,Cloudy,0,32.23,Spring,0,99
2022-03-17,S005,P0004,Groceries,North,247,65,0,7.08,5,Cloudy,0,6.25,Spring,0,74
2022-03-17,S005,P0005,Groceries,North,77,77,305,16.74,10,Cloudy,0,17.84,Spring,0,140
2022-03-17,S005,P0006,Groceries,North,1058,151,0,54.13,20,Cloudy,1,59.38,Spring,0,139
2022-03-17,S005,P0007,Groceries,North,342,85,0,79.73,0,Cloudy,0,87.14,Spring,0,89
2022-03-17,S005,P0008,Groceries,North,110,65,118,59.65,10,Cloudy,1,56.04,Spring,0,99
2022-03-17,S005,P0009,Groceries,North,366,138,474,87.01,25,Cloudy,1,83.86,Spring,0,143
2022-03-17,S005,P0010,Groceries,North,649,94,0,60.25,10,Cloudy,0,66.53,Spring,0,134
2022-03-17,S005,P0011,Electronics,North,706,80,0,92.09,0,Cloudy,0,89.12,Spring,0,121
2022-03-17,S005,P0012,Furniture,North,318,55,328,122.79,5,Cloudy,0,137.1,Spring,0,74
2022-03-17,S005,P0013,Groceries,North,233,63,0,71.04,10,Cloudy,0,66.36,Spring,0,100
2022-03-17,S005,P0014,Furniture,North,303,96,211,152.03,15,Cloudy,1,134.78,Spring,0,82
2022-03-17,S005,P0015,Groceries,North,245,63,149,36.77,25,Cloudy,1,39.33,Spring,0,91
2022-03-17,S005,P0016,Toys,North,395,130,381,36.06,10,Cloudy,0,32.16,Spring,0,121
2022-03-17,S005,P0017,Toys,North,123,69,105,31.11,20,Cloudy,1,33.84,Spring,0,105
2022-03-17,S005,P0018,Clothing,North,195,142,0,21.72,10,Cloudy,1,25.04,Spring,0,128
2022-03-17,S005,P0019,Furniture,North,148,26,0,116.74,5,Cloudy,0,132.38,Spring,0,41
2022-03-17,S005,P0020,Toys,North,159,159,192,37.29,10,Cloudy,1,37.26,Spring,0,177
2022-03-18,S001,P0001,Electronics,North,258,103,172,67.53,5,Rainy,0,81.08,Spring,0,92
2022-03-18,S001,P0002,Clothing,North,88,40,53,49.69,15,Rainy,1,56.38,Spring,0,64
2022-03-18,S001,P0003,Clothing,North,689,73,0,52.47,5,Rainy,0,61.85,Spring,0,96
2022-03-18,S001,P0004,Electronics,North,188,85,0,112.2,10,Rainy,1,99.72,Spring,0,124
2022-03-18,S001,P0005,Groceries,North,498,63,0,50.07,5,Rainy,0,55.75,Spring,0,64
2022-03-18,S001,P0006,Toys,North,509,212,618,46.8,15,Rainy,1,41.1,Spring,0,177
2022-03-18,S001,P0007,Groceries,North,605,75,0,26.67,0,Rainy,0,24.34,Spring,0,104
2022-03-18,S001,P0008,Electronics,North,120,78,91,45.94,5,Rainy,0,41.97,Spring,0,102
2022-03-18,S001,P0009,Clothing,North,118,61,96,93.32,0,Rainy,0,86.84,Spring,0,93
2022-03-18,S001,P0010,Furniture,North,226,104,0,131.68,10,Rainy,1,124.65,Spring,0,98
2022-03-18,S001,P0011,Furniture,North,223,33,0,134.06,10,Rainy,0,158.8,Spring,0,52
2022-03-18,S001,P0012,Groceries,North,229,87,0,76.04,10,Rainy,1,85.19,Spring,0,104
2022-03-18,S001,P0013,Toys,North,245,71,0,31.72,10,Rainy,1,28.05,Spring,0,97
2022-03-18,S001,P0014,Groceries,North,194,68,0,73.07,5,Rainy,0,62.9,Spring,0,99
2022-03-18,S001,P0015,Toys,North,289,80,0,15.12,15,Rainy,1,17.72,Spring,0,127
2022-03-18,S001,P0016,Groceries,North,185,124,0,37.75,5,Rainy,0,43.52,Spring,0,105
2022-03-18,S001,P0017,Toys,North,240,106,0,24.11,5,Rainy,0,21.56,Spring,0,113
2022-03-18,S001,P0018,Groceries,North,213,79,0,57.3,10,Rainy,0,68.65,Spring,0,112
2022-03-18,S001,P0019,Furniture,North,99,58,94,104.48,10,Rainy,0,112.92,Spring,0,83
2022-03-18,S001,P0020,Furniture,North,461,83,492,140.74,0,Rainy,0,134.97,Spring,0,109
2022-03-18,S002,P0001,Groceries,South,869,112,0,91.19,5,Sunny,0,109.22,Spring,0,154
2022-03-18,S002,P0002,Toys,South,528,161,0,35.01,15,Sunny,1,39.72,Spring,0,168
2022-03-18,S002,P0003,Groceries,South,848,71,0,80.74,5,Sunny,0,95.15,Spring,0,113
2022-03-18,S002,P0004,Groceries,South,334,126,0,48.38,10,Sunny,1,42.37,Spring,0,162
2022-03-18,S002,P0005,Electronics,South,463,104,482,99.47,10,Sunny,0,87.46,Spring,0,135
2022-03-18,S002,P0006,Clothing,South,153,93,0,55.31,15,Sunny,1,48.04,Spring,0,78
2022-03-18,S002,P0007,Toys,South,256,123,0,31.4,0,Sunny,0,27.37,Spring,0,109
2022-03-18,S002,P0008,Groceries,South,221,97,0,25.98,5,Sunny,0,22.37,Spring,0,100
2022-03-18,S002,P0009,Groceries,South,53,53,0,70.27,0,Sunny,0,61.17,Spring,0,119
2022-03-18,S002,P0010,Groceries,South,78,78,123,77.28,20,Sunny,1,72.75,Spring,0,108
2022-03-18,S002,P0011,Groceries,South,634,59,0,92.46,0,Sunny,0,78.67,Spring,0,74
2022-03-18,S002,P0012,Electronics,South,182,175,700,67.32,20,Sunny,1,81.28,Spring,0,162
2022-03-18,S002,P0013,Groceries,South,390,356,1032,33.88,10,Sunny,1,36.7,Spring,0,309
2022-03-18,S002,P0014,Electronics,South,455,88,0,122.09,5,Sunny,0,128.92,Spring,0,104
2022-03-18,S002,P0015,Clothing,South,456,79,0,52.29,20,Sunny,1,45.76,Spring,0,67
2022-03-18,S002,P0016,Clothing,South,260,85,0,83.26,10,Sunny,0,96.68,Spring,0,109
2022-03-18,S002,P0017,Toys,South,469,226,0,28.06,5,Sunny,0,26.23,Spring,0,196
2022-03-18,S002,P0018,Clothing,South,111,101,121,28.48,5,Sunny,0,27.41,Spring,0,102
2022-03-18,S002,P0019,Clothing,South,431,91,0,95.44,5,Sunny,0,91.35,Spring,0,122
2022-03-18,S002,P0020,Furniture,South,315,74,0,131.89,0,Sunny,0,127.91,Spring,0,65
2022-03-18,S003,P0001,Toys,East,451,71,0,18.2,0,Rainy,0,17.31,Spring,0,103
2022-03-18,S003,P0002,Groceries,East,363,54,0,42.93,25,Rainy,1,38.46,Spring,0,88
2022-03-18,S003,P0003,Electronics,East,178,77,0,79.47,10,Rainy,0,67.68,Spring,0,76
2022-03-18,S003,P0004,Groceries,East,471,88,0,17.62,20,Rainy,1,20.83,Spring,0,84
2022-03-18,S003,P0005,Toys,East,263,101,0,24.47,0,Rainy,0,21.08,Spring,0,103
2022-03-18,S003,P0006,Toys,East,156,60,75,30.53,20,Rainy,1,34.97,Spring,0,87
2022-03-18,S003,P0007,Groceries,East,1280,35,0,14.35,0,Rainy,0,13.4,Spring,0,48
2022-03-18,S003,P0008,Clothing,East,278,84,0,115.78,5,Rainy,0,102.03,Spring,0,96
2022-03-18,S003,P0009,Groceries,East,159,53,0,51.9,0,Rainy,0,58.77,Spring,0,85
2022-03-18,S003,P0010,Groceries,East,146,146,164,40.93,20,Rainy,1,38.54,Spring,0,171
2022-03-18,S003,P0011,Electronics,East,174,77,206,132.69,0,Rainy,0,121.7,Spring,0,101
2022-03-18,S003,P0012,Furniture,East,306,76,0,91.98,10,Rainy,1,109.97,Spring,0,84
2022-03-18,S003,P0013,Groceries,East,695,64,0,62.96,15,Rainy,1,57.82,Spring,0,88
2022-03-18,S003,P0014,Groceries,East,808,81,0,92.77,5,Rainy,0,84.33,Spring,0,91
2022-03-18,S003,P0015,Groceries,East,400,162,0,118.49,10,Rainy,1,116.73,Spring,0,181
2022-03-18,S003,P0016,Electronics,East,448,40,0,87.68,5,Rainy,0,84.28,Spring,0,58
2022-03-18,S003,P0017,Furniture,East,718,49,0,122.88,5,Rainy,0,110.97,Spring,0,78
2022-03-18,S003,P0018,Furniture,East,371,27,0,113.28,10,Rainy,0,107.11,Spring,0,43
2022-03-18,S003,P0019,Groceries,East,263,125,0,53.57,10,Rainy,0,60.78,Spring,0,122
2022-03-18,S003,P0020,Clothing,East,400,94,476,75.56,0,Rainy,0,88.45,Spring,0,100
2022-03-18,S004,P0001,Groceries,West,583,71,0,11.98,0,Rainy,0,10.76,Spring,0,106
2022-03-18,S004,P0002,Groceries,West,341,174,0,21.27,15,Rainy,1,18.99,Spring,0,150
2022-03-18,S004,P0003,Furniture,West,502,47,0,133.74,0,Rainy,0,122.77,Spring,0,49
2022-03-18,S004,P0004,Groceries,West,259,123,0,50.31,15,Rainy,1,46.24,Spring,0,112
2022-03-18,S004,P0005,Clothing,West,122,49,57,62.13,10,Rainy,0,55.25,Spring,0,65
2022-03-18,S004,P0006,Groceries,West,405,169,0,37.59,10,Rainy,1,40.22,Spring,0,141
2022-03-18,S004,P0007,Groceries,West,472,66,0,26.04,0,Rainy,0,22.68,Spring,0,56
2022-03-18,S004,P0008,Furniture,West,99,58,70,94.96,0,Rainy,0,106.14,Spring,0,64
2022-03-18,S004,P0009,Clothing,West,16,16,0,111.38,10,Rainy,0,102.75,Spring,0,101
2022-03-18,S004,P0010,Groceries,West,296,150,0,25.78,20,Rainy,1,25.31,Spring,0,152
2022-03-18,S004,P0011,Clothing,West,600,67,0,59.97,0,Rainy,0,59.36,Spring,0,82
2022-03-18,S004,P0012,Electronics,West,60,60,91,100.62,15,Rainy,1,95.18,Spring,0,88
2022-03-18,S004,P0013,Groceries,West,790,172,0,21.61,15,Rainy,1,23.14,Spring,0,170
2022-03-18,S004,P0014,Furniture,West,292,89,0,173.52,5,Rainy,0,151.11,Spring,0,84
2022-03-18,S004,P0015,Furniture,West,541,118,0,94.15,15,Rainy,1,82.95,Spring,0,98
2022-03-18,S004,P0016,Furniture,West,370,46,0,114.21,0,Rainy,0,100.17,Spring,0,52
2022-03-18,S004,P0017,Clothing,West,202,79,0,87.17,10,Rainy,0,84.27,Spring,0,79
2022-03-18,S004,P0018,Furniture,West,110,55,66,146.12,5,Rainy,0,154.72,Spring,0,61
2022-03-18,S004,P0019,Clothing,West,154,79,0,53.65,10,Rainy,0,48.73,Spring,0,78
2022-03-18,S004,P0020,Furniture,West,315,37,0,104.03,10,Rainy,0,125.54,Spring,0,41
2022-03-18,S005,P0001,Groceries,North,157,110,0,11.73,5,Rainy,0,13.76,Spring,0,106
2022-03-18,S005,P0002,Electronics,North,480,209,582,45.37,20,Rainy,1,40.49,Spring,0,184
2022-03-18,S005,P0003,Toys,North,125,77,102,29.96,10,Rainy,0,28.46,Spring,0,109
2022-03-18,S005,P0004,Groceries,North,182,116,174,7.56,20,Rainy,1,7.3,Spring,0,148
2022-03-18,S005,P0005,Groceries,North,153,77,0,15.76,10,Rainy,0,14.18,Spring,0,104
2022-03-18,S005,P0006,Groceries,North,907,108,0,62.52,15,Rainy,1,70.02,Spring,0,169
2022-03-18,S005,P0007,Groceries,North,257,95,287,87.03,10,Rainy,0,81.89,Spring,0,134
2022-03-18,S005,P0008,Groceries,North,163,88,0,66.26,0,Rainy,0,65.32,Spring,0,99
2022-03-18,S005,P0009,Groceries,North,228,143,0,101.6,10,Rainy,0,112.29,Spring,0,152
2022-03-18,S005,P0010,Groceries,North,555,85,0,44.33,25,Rainy,1,47.61,Spring,0,95
2022-03-18,S005,P0011,Electronics,North,626,88,0,84.89,10,Rainy,0,84.47,Spring,0,129
2022-03-18,S005,P0012,Furniture,North,263,132,594,137.49,10,Rainy,1,151.56,Spring,0,125
2022-03-18,S005,P0013,Groceries,North,170,46,0,53.76,25,Rainy,1,48.36,Spring,0,72
2022-03-18,S005,P0014,Furniture,North,207,80,0,180.51,0,Rainy,0,178.49,Spring,0,84
2022-03-18,S005,P0015,Groceries,North,182,145,324,49.43,20,Rainy,1,53.37,Spring,0,168
2022-03-18,S005,P0016,Toys,North,265,141,0,36.15,10,Rainy,0,40.76,Spring,0,139
2022-03-18,S005,P0017,Toys,North,159,95,139,40.91,0,Rainy,0,46.44,Spring,0,121
2022-03-18,S005,P0018,Clothing,North,53,53,96,22.31,5,Rainy,0,25.2,Spring,0,119
2022-03-18,S005,P0019,Furniture,North,122,65,149,121.98,10,Rainy,0,137.52,Spring,0,67
2022-03-18,S005,P0020,Toys,North,192,125,177,35.14,5,Rainy,0,39.05,Spring,0,154
2022-03-19,S001,P0001,Electronics,North,155,75,270,81.7,0,Rainy,0,76.0,Spring,0,119
2022-03-19,S001,P0002,Clothing,North,101,93,75,66.4,0,Rainy,0,59.19,Spring,0,85
2022-03-19,S001,P0003,Clothing,North,616,84,0,51.54,10,Rainy,1,59.26,Spring,0,107
2022-03-19,S001,P0004,Electronics,North,330,93,0,103.89,0,Rainy,0,123.47,Spring,0,83
2022-03-19,S001,P0005,Groceries,North,435,73,0,53.31,5,Rainy,0,56.46,Spring,0,82
2022-03-19,S001,P0006,Toys,North,297,47,0,32.27,20,Rainy,1,30.11,Spring,0,75
2022-03-19,S001,P0007,Groceries,North,530,61,0,19.28,25,Rainy,1,16.84,Spring,0,93
2022-03-19,S001,P0008,Electronics,North,133,119,80,47.96,0,Rainy,0,47.42,Spring,0,99
2022-03-19,S001,P0009,Clothing,North,153,99,122,96.53,0,Rainy,0,114.87,Spring,0,120
2022-03-19,S001,P0010,Furniture,North,122,72,0,110.65,10,Rainy,1,133.88,Spring,0,63
2022-03-19,S001,P0011,Furniture,North,190,111,214,168.27,10,Rainy,0,159.46,Spring,0,101
2022-03-19,S001,P0012,Groceries,North,425,47,0,66.56,5,Rainy,0,73.25,Spring,0,51
2022-03-19,S001,P0013,Toys,North,174,69,0,30.67,5,Rainy,0,28.16,Spring,0,72
2022-03-19,S001,P0014,Groceries,North,563,186,541,74.6,25,Rainy,1,64.91,Spring,0,188
2022-03-19,S001,P0015,Toys,North,209,83,0,17.06,10,Rainy,0,16.41,Spring,0,131
2022-03-19,S001,P0016,Groceries,North,564,60,0,29.57,20,Rainy,1,34.87,Spring,0,84
2022-03-19,S001,P0017,Toys,North,134,134,127,22.86,10,Rainy,0,21.45,Spring,0,113
2022-03-19,S001,P0018,Groceries,North,134,60,50,50.13,10,Rainy,0,44.89,Spring,0,59
2022-03-19,S001,P0019,Furniture,North,135,38,0,99.95,0,Rainy,0,119.31,Spring,0,43
2022-03-19,S001,P0020,Furniture,North,378,83,0,121.23,5,Rainy,0,116.78,Spring,0,79
2022-03-19,S002,P0001,Groceries,South,757,119,0,91.33,5,Rainy,0,110.2,Spring,0,154
2022-03-19,S002,P0002,Toys,South,367,69,0,36.42,0,Rainy,0,31.32,Spring,0,108
2022-03-19,S002,P0003,Groceries,South,777,90,0,76.0,15,Rainy,1,81.53,Spring,0,129
2022-03-19,S002,P0004,Groceries,South,1007,84,0,36.93,5,Rainy,0,41.33,Spring,0,74
2022-03-19,S002,P0005,Electronics,South,359,58,0,77.38,10,Rainy,0,65.88,Spring,0,60
2022-03-19,S002,P0006,Clothing,South,60,60,120,66.74,10,Rainy,1,80.54,Spring,0,134
2022-03-19,S002,P0007,Toys,South,133,92,0,23.36,15,Rainy,1,25.69,Spring,0,84
2022-03-19,S002,P0008,Groceries,South,124,78,111,25.02,5,Rainy,0,26.45,Spring,0,104
2022-03-19,S002,P0009,Groceries,South,467,85,0,59.6,10,Rainy,0,52.26,Spring,0,101
2022-03-19,S002,P0010,Groceries,South,123,123,235,98.56,20,Rainy,1,116.08,Spring,0,215
2022-03-19,S002,P0011,Groceries,South,575,73,0,79.62,10,Rainy,0,92.14,Spring,0,76
2022-03-19,S002,P0012,Electronics,South,375,61,0,58.48,10,Rainy,0,57.36,Spring,0,64
2022-03-19,S002,P0013,Groceries,South,34,34,0,18.35,10,Rainy,0,20.85,Spring,0,73
2022-03-19,S002,P0014,Electronics,South,1190,118,0,112.42,20,Rainy,1,106.34,Spring,0,116
2022-03-19,S002,P0015,Clothing,South,377,86,0,62.49,10,Rainy,0,54.29,Spring,0,84
2022-03-19,S002,P0016,Clothing,South,175,53,141,77.26,15,Rainy,1,74.24,Spring,0,88
2022-03-19,S002,P0017,Toys,South,243,90,0,21.03,10,Rainy,0,19.43,Spring,0,113
2022-03-19,S002,P0018,Clothing,South,131,79,128,28.97,5,Rainy,0,27.99,Spring,0,108
2022-03-19,S002,P0019,Clothing,South,340,101,0,81.5,5,Rainy,0,90.97,Spring,0,89
2022-03-19,S002,P0020,Furniture,South,241,80,202,115.17,10,Rainy,0,126.99,Spring,0,71
2022-03-19,S003,P0001,Toys,East,380,161,357,19.76,10,Cloudy,0,21.9,Spring,0,186
2022-03-19,S003,P0002,Groceries,East,309,60,336,52.58,5,Cloudy,0,56.56,Spring,0,93
2022-03-19,S003,P0003,Electronics,East,101,101,105,89.99,10,Cloudy,1,99.66,Spring,0,130
2022-03-19,S003,P0004,Groceries,East,383,171,522,28.29,10,Cloudy,0,26.17,Spring,0,186
2022-03-19,S003,P0005,Toys,East,162,101,0,21.82,10,Cloudy,0,26.34,Spring,0,116
2022-03-19,S003,P0006,Toys,East,171,171,203,46.6,20,Cloudy,1,43.15,Spring,0,218
2022-03-19,S003,P0007,Groceries,East,1245,130,0,15.85,10,Cloudy,1,17.18,Spring,0,122
2022-03-19,S003,P0008,Clothing,East,194,83,194,113.13,10,Cloudy,0,99.19,Spring,0,105
2022-03-19,S003,P0009,Groceries,East,106,58,97,53.7,5,Cloudy,0,49.05,Spring,0,95
2022-03-19,S003,P0010,Groceries,East,164,96,122,37.91,10,Cloudy,1,33.23,Spring,0,105
2022-03-19,S003,P0011,Electronics,East,97,65,0,101.78,10,Cloudy,0,90.69,Spring,0,56
2022-03-19,S003,P0012,Furniture,East,230,41,0,91.73,10,Cloudy,0,91.66,Spring,0,69
2022-03-19,S003,P0013,Groceries,East,631,56,0,64.71,0,Cloudy,0,59.36,Spring,0,51
2022-03-19,S003,P0014,Groceries,East,727,155,0,106.52,10,Cloudy,1,94.41,Spring,0,153
2022-03-19,S003,P0015,Groceries,East,238,51,0,93.85,5,Cloudy,0,83.34,Spring,0,85
2022-03-19,S003,P0016,Electronics,East,408,57,0,63.47,25,Cloudy,1,73.02,Spring,0,49
2022-03-19,S003,P0017,Furniture,East,669,83,0,130.02,0,Cloudy,0,118.53,Spring,0,79
2022-03-19,S003,P0018,Furniture,East,344,74,0,139.9,10,Cloudy,0,130.6,Spring,0,102
2022-03-19,S003,P0019,Groceries,East,138,97,93,51.96,5,Cloudy,0,60.84,Spring,0,95
2022-03-19,S003,P0020,Clothing,East,306,90,0,69.24,10,Cloudy,0,60.42,Spring,0,90
2022-03-19,S004,P0001,Groceries,West,512,87,0,11.67,0,Cloudy,0,11.05,Spring,0,98
2022-03-19,S004,P0002,Groceries,West,167,87,250,18.67,10,Cloudy,0,20.28,Spring,0,105
2022-03-19,S004,P0003,Furniture,West,455,87,0,122.6,20,Cloudy,1,134.11,Spring,0,101
2022-03-19,S004,P0004,Groceries,West,617,114,0,57.17,10,Cloudy,0,54.62,Spring,0,135
2022-03-19,S004,P0005,Clothing,West,130,82,100,78.55,0,Cloudy,0,94.36,Spring,0,118
2022-03-19,S004,P0006,Groceries,West,236,186,557,50.01,10,Cloudy,1,57.56,Spring,0,255
2022-03-19,S004,P0007,Groceries,West,406,108,493,26.6,15,Cloudy,1,26.12,Spring,0,109
2022-03-19,S004,P0008,Furniture,West,111,54,79,94.47,10,Cloudy,0,86.49,Spring,0,78
2022-03-19,S004,P0009,Clothing,West,516,44,0,107.88,0,Cloudy,0,96.22,Spring,0,62
2022-03-19,S004,P0010,Groceries,West,146,146,850,27.25,25,Cloudy,1,23.51,Spring,0,198
2022-03-19,S004,P0011,Clothing,West,533,150,589,69.39,0,Cloudy,0,63.03,Spring,0,127
2022-03-19,S004,P0012,Electronics,West,91,56,72,96.25,10,Cloudy,0,101.79,Spring,0,74
2022-03-19,S004,P0013,Groceries,West,618,176,603,26.0,5,Cloudy,0,24.97,Spring,0,178
2022-03-19,S004,P0014,Furniture,West,203,84,179,149.5,15,Cloudy,1,158.64,Spring,0,88
2022-03-19,S004,P0015,Furniture,West,423,70,0,93.92,0,Cloudy,0,113.44,Spring,0,66
2022-03-19,S004,P0016,Furniture,West,324,102,312,128.02,10,Cloudy,1,117.07,Spring,0,115
2022-03-19,S004,P0017,Clothing,West,123,66,59,79.1,10,Cloudy,0,92.93,Spring,0,66
2022-03-19,S004,P0018,Furniture,West,121,102,96,176.76,0,Cloudy,0,187.12,Spring,0,101
2022-03-19,S004,P0019,Clothing,West,75,75,91,59.32,5,Cloudy,0,50.79,Spring,0,92
2022-03-19,S004,P0020,Furniture,West,278,120,0,143.53,5,Cloudy,0,127.47,Spring,0,101
2022-03-19,S005,P0001,Groceries,North,227,103,173,12.29,5,Rainy,0,10.99,Spring,0,105
2022-03-19,S005,P0002,Electronics,North,271,71,0,40.36,5,Rainy,0,36.56,Spring,0,87
2022-03-19,S005,P0003,Toys,North,150,103,143,27.09,25,Rainy,1,23.59,Spring,0,135
2022-03-19,S005,P0004,Groceries,North,240,136,0,8.24,5,Rainy,0,9.59,Spring,0,137
2022-03-19,S005,P0005,Groceries,North,381,62,0,15.54,10,Rainy,0,14.25,Spring,0,99
2022-03-19,S005,P0006,Groceries,North,799,60,0,43.23,20,Rainy,1,47.41,Spring,0,70
2022-03-19,S005,P0007,Groceries,North,162,60,0,67.63,15,Rainy,1,80.37,Spring,0,88
2022-03-19,S005,P0008,Groceries,North,75,75,133,64.53,5,Rainy,0,73.4,Spring,0,123
2022-03-19,S005,P0009,Groceries,North,85,85,0,108.44,0,Rainy,0,103.08,Spring,0,120
2022-03-19,S005,P0010,Groceries,North,470,70,0,46.63,15,Rainy,1,49.65,Spring,0,73
2022-03-19,S005,P0011,Electronics,North,538,58,0,69.33,5,Rainy,0,61.81,Spring,0,54
2022-03-19,S005,P0012,Furniture,North,131,60,0,130.67,0,Rainy,0,144.56,Spring,0,77
2022-03-19,S005,P0013,Groceries,North,523,72,0,61.1,10,Rainy,0,68.37,Spring,0,71
2022-03-19,S005,P0014,Furniture,North,127,65,0,143.42,15,Rainy,1,136.37,Spring,0,66
2022-03-19,S005,P0015,Groceries,North,186,84,0,46.36,5,Rainy,0,55.45,Spring,0,90
2022-03-19,S005,P0016,Toys,North,124,124,409,33.67,20,Rainy,1,36.83,Spring,0,155
2022-03-19,S005,P0017,Toys,North,203,83,0,38.39,5,Rainy,0,44.39,Spring,0,117
2022-03-19,S005,P0018,Clothing,North,96,96,116,24.38,0,Rainy,0,22.76,Spring,0,114
2022-03-19,S005,P0019,Furniture,North,57,18,0,101.17,10,Rainy,0,113.79,Spring,0,20
2022-03-19,S005,P0020,Toys,North,244,74,0,28.0,5,Rainy,0,32.54,Spring,0,81
2022-03-20,S001,P0001,Electronics,North,252,147,0,82.98,5,Sunny,0,76.43,Spring,0,142
2022-03-20,S001,P0002,Clothing,North,83,83,162,69.9,10,Sunny,1,75.85,Spring,0,152
2022-03-20,S001,P0003,Clothing,North,532,215,889,60.67,20,Sunny,1,64.38,Spring,0,209
2022-03-20,S001,P0004,Electronics,North,237,91,261,118.08,10,Sunny,0,108.61,Spring,0,141
2022-03-20,S001,P0005,Groceries,North,362,90,477,61.85,0,Sunny,0,68.79,Spring,0,111
2022-03-20,S001,P0006,Toys,North,250,177,0,41.7,25,Sunny,1,35.92,Spring,0,181
2022-03-20,S001,P0007,Groceries,North,469,190,0,28.29,15,Sunny,1,27.59,Spring,0,181
2022-03-20,S001,P0008,Electronics,North,94,94,144,40.77,25,Sunny,1,45.67,Spring,0,158
2022-03-20,S001,P0009,Clothing,North,176,150,119,106.2,0,Sunny,0,101.37,Spring,0,134
2022-03-20,S001,P0010,Furniture,North,50,50,476,135.06,5,Sunny,0,154.26,Spring,0,105
2022-03-20,S001,P0011,Furniture,North,79,79,316,158.6,25,Sunny,1,142.36,Spring,0,141
2022-03-20,S001,P0012,Groceries,North,378,106,0,77.29,10,Sunny,1,69.41,Spring,0,94
2022-03-20,S001,P0013,Toys,North,105,48,67,29.46,0,Sunny,0,31.48,Spring,0,61
2022-03-20,S001,P0014,Groceries,North,377,62,0,62.96,5,Sunny,0,72.36,Spring,0,71
2022-03-20,S001,P0015,Toys,North,126,91,141,17.52,0,Sunny,0,20.42,Spring,0,122
2022-03-20,S001,P0016,Groceries,North,504,172,455,45.86,0,Sunny,0,50.95,Spring,0,153
2022-03-20,S001,P0017,Toys,North,127,126,113,22.44,10,Sunny,0,25.88,Spring,0,124
2022-03-20,S001,P0018,Groceries,North,124,78,122,70.15,0,Sunny,0,60.56,Spring,0,127
2022-03-20,S001,P0019,Furniture,North,97,24,0,83.33,15,Sunny,1,78.66,Spring,0,26
2022-03-20,S001,P0020,Furniture,North,295,80,0,143.61,0,Sunny,0,170.14,Spring,0,132
2022-03-20,S002,P0001,Groceries,South,638,145,0,90.76,10,Rainy,0,83.66,Spring,0,153
2022-03-20,S002,P0002,Toys,South,298,125,215,31.5,15,Rainy,1,29.89,Spring,0,114
2022-03-20,S002,P0003,Groceries,South,687,112,0,68.06,25,Rainy,1,60.93,Spring,0,117
2022-03-20,S002,P0004,Groceries,South,923,127,0,40.87,10,Rainy,0,46.85,Spring,0,121
2022-03-20,S002,P0005,Electronics,South,301,54,0,81.85,10,Rainy,0,75.49,Spring,0,75
2022-03-20,S002,P0006,Clothing,South,120,120,160,71.61,10,Rainy,1,62.34,Spring,0,141
2022-03-20,S002,P0007,Toys,South,481,73,0,23.09,25,Rainy,1,19.83,Spring,0,103
2022-03-20,S002,P0008,Groceries,South,157,87,0,23.81,10,Rainy,1,27.17,Spring,0,106
2022-03-20,S002,P0009,Groceries,South,382,88,0,56.73,10,Rainy,0,63.37,Spring,0,101
2022-03-20,S002,P0010,Groceries,South,235,67,0,75.77,10,Rainy,0,91.13,Spring,0,82
2022-03-20,S002,P0011,Groceries,South,502,106,0,70.29,25,Rainy,1,83.17,Spring,0,93
2022-03-20,S002,P0012,Electronics,South,314,124,0,65.23,15,Rainy,1,73.54,Spring,0,130
2022-03-20,S002,P0013,Groceries,South,0,0,0,22.02,0,Rainy,0,26.1,Spring,0,96
2022-03-20,S002,P0014,Electronics,South,1072,45,0,110.87,0,Rainy,0,106.54,Spring,0,48
2022-03-20,S002,P0015,Clothing,South,291,83,0,70.36,0,Rainy,0,77.27,Spring,0,103
2022-03-20,S002,P0016,Clothing,South,122,40,0,74.67,10,Rainy,0,65.36,Spring,0,62
2022-03-20,S002,P0017,Toys,South,769,160,0,22.96,10,Rainy,0,22.08,Spring,0,142
2022-03-20,S002,P0018,Clothing,South,180,73,0,24.77,5,Rainy,0,29.28,Spring,0,76
2022-03-20,S002,P0019,Clothing,South,239,65,0,69.96,25,Rainy,1,66.12,Spring,0,99
2022-03-20,S002,P0020,Furniture,South,161,87,0,131.85,0,Rainy,0,154.56,Spring,0,79
2022-03-20,S003,P0001,Toys,East,219,59,0,15.63,10,Sunny,0,13.92,Spring,0,89
2022-03-20,S003,P0002,Groceries,East,249,249,808,80.18,10,Sunny,1,91.07,Spring,0,275
2022-03-20,S003,P0003,Electronics,East,105,105,212,105.87,15,Sunny,1,126.61,Spring,0,212
2022-03-20,S003,P0004,Groceries,East,212,117,0,23.39,5,Sunny,0,25.33,Spring,0,118
2022-03-20,S003,P0005,Toys,East,909,173,0,25.14,5,Sunny,0,30.1,Spring,0,145
2022-03-20,S003,P0006,Toys,East,203,95,118,40.77,10,Sunny,1,48.5,Spring,0,141
2022-03-20,S003,P0007,Groceries,East,1115,107,0,16.77,15,Sunny,1,16.54,Spring,0,144
2022-03-20,S003,P0008,Clothing,East,111,111,322,105.14,25,Sunny,1,122.87,Spring,0,159
2022-03-20,S003,P0009,Groceries,East,145,134,90,54.03,5,Sunny,0,61.68,Spring,0,113
2022-03-20,S003,P0010,Groceries,East,190,148,108,41.31,10,Sunny,0,40.28,Spring,0,132
2022-03-20,S003,P0011,Electronics,East,238,120,322,145.98,15,Sunny,1,124.64,Spring,0,191
2022-03-20,S003,P0012,Furniture,East,189,94,181,95.53,10,Sunny,1,106.58,Spring,0,95
2022-03-20,S003,P0013,Groceries,East,575,97,542,81.37,5,Sunny,0,77.76,Spring,0,133
2022-03-20,S003,P0014,Groceries,East,572,129,0,110.38,10,Sunny,0,93.84,Spring,0,166
2022-03-20,S003,P0015,Groceries,East,187,112,0,104.7,0,Sunny,0,117.18,Spring,0,118
2022-03-20,S003,P0016,Electronics,East,351,172,313,112.16,10,Sunny,0,99.99,Spring,0,150
2022-03-20,S003,P0017,Furniture,East,586,25,0,104.18,0,Sunny,0,93.82,Spring,0,23
2022-03-20,S003,P0018,Furniture,East,270,66,0,130.72,0,Sunny,0,148.24,Spring,0,66
2022-03-20,S003,P0019,Groceries,East,134,100,140,57.69,10,Sunny,1,52.5,Spring,0,129
2022-03-20,S003,P0020,Clothing,East,216,148,0,82.14,5,Sunny,0,92.76,Spring,0,144
2022-03-20,S004,P0001,Groceries,West,425,66,0,9.26,10,Rainy,0,10.04,Spring,0,76
2022-03-20,S004,P0002,Groceries,West,80,80,0,14.65,25,Rainy,1,17.61,Spring,0,87
2022-03-20,S004,P0003,Furniture,West,368,119,407,142.94,15,Rainy,1,127.55,Spring,0,114
2022-03-20,S004,P0004,Groceries,West,503,40,0,50.8,0,Rainy,0,47.07,Spring,0,67
2022-03-20,S004,P0005,Clothing,West,148,115,105,67.95,10,Rainy,0,74.04,Spring,0,106
2022-03-20,S004,P0006,Groceries,West,50,50,0,29.65,25,Rainy,1,26.72,Spring,0,106
2022-03-20,S004,P0007,Groceries,West,298,30,0,21.02,10,Rainy,1,23.56,Spring,0,41
2022-03-20,S004,P0008,Furniture,West,136,78,117,101.22,10,Rainy,1,114.76,Spring,0,114
2022-03-20,S004,P0009,Clothing,West,472,108,0,120.77,0,Rainy,0,110.95,Spring,0,93
2022-03-20,S004,P0010,Groceries,West,551,96,0,31.52,0,Rainy,0,28.81,Spring,0,145
2022-03-20,S004,P0011,Clothing,West,383,82,0,55.02,10,Rainy,1,54.1,Spring,0,87
2022-03-20,S004,P0012,Electronics,West,107,45,63,80.13,25,Rainy,1,96.4,Spring,0,73
2022-03-20,S004,P0013,Groceries,West,442,57,0,17.0,10,Rainy,0,18.21,Spring,0,73
2022-03-20,S004,P0014,Furniture,West,119,47,0,154.41,10,Rainy,0,133.21,Spring,0,67
2022-03-20,S004,P0015,Furniture,West,353,95,0,100.46,5,Rainy,0,89.5,Spring,0,84
2022-03-20,S004,P0016,Furniture,West,222,52,0,126.26,0,Rainy,0,115.26,Spring,0,79
2022-03-20,S004,P0017,Clothing,West,116,69,95,96.14,5,Rainy,0,90.42,Spring,0,91
2022-03-20,S004,P0018,Furniture,West,115,113,127,183.65,5,Rainy,0,182.87,Spring,0,113
2022-03-20,S004,P0019,Clothing,West,91,91,177,68.56,10,Rainy,1,72.53,Spring,0,176
2022-03-20,S004,P0020,Furniture,West,158,38,0,111.74,5,Rainy,0,119.6,Spring,0,46
2022-03-20,S005,P0001,Groceries,North,124,60,0,11.08,0,Sunny,0,10.95,Spring,0,60
2022-03-20,S005,P0002,Electronics,North,200,194,0,53.22,15,Sunny,1,51.14,Spring,0,225
2022-03-20,S005,P0003,Toys,North,190,184,228,32.65,20,Sunny,1,39.44,Spring,0,200
2022-03-20,S005,P0004,Groceries,North,104,77,62,7.07,0,Sunny,0,7.57,Spring,0,73
2022-03-20,S005,P0005,Groceries,North,319,112,322,18.39,10,Sunny,0,21.33,Spring,0,174
2022-03-20,S005,P0006,Groceries,North,739,137,591,56.76,25,Sunny,1,52.18,Spring,0,161
2022-03-20,S005,P0007,Groceries,North,389,340,573,122.03,15,Sunny,1,134.62,Spring,0,324
2022-03-20,S005,P0008,Groceries,North,133,133,163,73.54,15,Sunny,1,65.62,Spring,0,192
2022-03-20,S005,P0009,Groceries,North,474,202,488,115.92,5,Sunny,0,127.27,Spring,0,180
2022-03-20,S005,P0010,Groceries,North,400,110,512,72.97,0,Sunny,0,86.0,Spring,0,165
2022-03-20,S005,P0011,Electronics,North,480,76,495,72.47,15,Sunny,1,86.64,Spring,0,113
2022-03-20,S005,P0012,Furniture,North,71,68,0,131.55,10,Sunny,1,112.59,Spring,0,95
2022-03-20,S005,P0013,Groceries,North,451,101,0,81.35,0,Sunny,0,81.26,Spring,0,109
2022-03-20,S005,P0014,Furniture,North,273,98,293,177.43,0,Sunny,0,198.12,Spring,0,94
2022-03-20,S005,P0015,Groceries,North,426,176,0,57.18,10,Sunny,0,56.99,Spring,0,160
2022-03-20,S005,P0016,Toys,North,381,209,0,45.95,5,Sunny,0,40.26,Spring,0,189
2022-03-20,S005,P0017,Toys,North,120,120,189,48.47,0,Sunny,0,47.49,Spring,0,162
2022-03-20,S005,P0018,Clothing,North,116,116,165,25.16,0,Sunny,0,29.73,Spring,0,142
2022-03-20,S005,P0019,Furniture,North,188,119,251,124.7,25,Sunny,1,106.91,Spring,0,112
2022-03-20,S005,P0020,Toys,North,170,170,203,39.75,0,Sunny,0,43.39,Spring,0,181
2022-03-21,S001,P0001,Electronics,North,375,74,0,74.32,0,Sunny,0,72.51,Spring,0,90
2022-03-21,S001,P0002,Clothing,North,162,103,123,73.64,0,Sunny,0,69.75,Spring,0,117
2022-03-21,S001,P0003,Clothing,North,317,155,0,50.38,25,Sunny,1,55.46,Spring,0,161
2022-03-21,S001,P0004,Electronics,North,146,36,0,77.85,10,Sunny,0,83.78,Spring,0,35
2022-03-21,S001,P0005,Groceries,North,272,171,0,59.98,15,Sunny,1,65.67,Spring,0,156
2022-03-21,S001,P0006,Toys,North,691,60,0,40.71,5,Sunny,0,34.88,Spring,0,92
2022-03-21,S001,P0007,Groceries,North,1010,150,0,22.99,20,Sunny,1,24.5,Spring,0,145
2022-03-21,S001,P0008,Electronics,North,144,90,114,49.35,5,Sunny,0,45.45,Spring,0,125
2022-03-21,S001,P0009,Clothing,North,145,40,67,80.25,5,Sunny,0,71.11,Spring,0,65
2022-03-21,S001,P0010,Furniture,North,326,79,0,160.96,0,Sunny,0,144.18,Spring,0,128
2022-03-21,S001,P0011,Furniture,North,214,69,0,180.18,5,Sunny,0,170.33,Spring,0,105
2022-03-21,S001,P0012,Groceries,North,272,44,0,67.26,10,Sunny,0,61.93,Spring,0,55
2022-03-21,S001,P0013,Toys,North,124,110,197,41.88,5,Sunny,0,39.68,Spring,0,173
2022-03-21,S001,P0014,Groceries,North,315,127,0,82.8,0,Sunny,0,97.15,Spring,0,139
2022-03-21,S001,P0015,Toys,North,176,123,133,17.34,5,Sunny,0,17.13,Spring,0,119
2022-03-21,S001,P0016,Groceries,North,332,67,0,38.34,0,Sunny,0,41.21,Spring,0,94
2022-03-21,S001,P0017,Toys,North,114,72,80,21.79,10,Sunny,0,18.87,Spring,0,98
2022-03-21,S001,P0018,Groceries,North,168,168,185,75.99,0,Sunny,0,83.42,Spring,0,174
2022-03-21,S001,P0019,Furniture,North,73,73,114,120.01,10,Sunny,1,144.06,Spring,0,125
2022-03-21,S001,P0020,Furniture,North,215,82,0,136.3,0,Sunny,0,119.44,Spring,0,99
2022-03-21,S002,P0001,Groceries,South,493,125,0,80.17,5,Sunny,0,93.75,Spring,0,111
2022-03-21,S002,P0002,Toys,South,173,80,0,29.69,5,Sunny,0,33.07,Spring,0,78
2022-03-21,S002,P0003,Groceries,South,575,167,440,91.65,15,Sunny,1,80.11,Spring,0,178
2022-03-21,S002,P0004,Groceries,South,796,71,0,40.71,0,Sunny,0,45.75,Spring,0,87
2022-03-21,S002,P0005,Electronics,South,247,109,0,77.74,25,Sunny,1,82.7,Spring,0,131
2022-03-21,S002,P0006,Clothing,South,160,84,0,63.63,5,Sunny,0,56.76,Spring,0,86
2022-03-21,S002,P0007,Toys,South,408,119,460,26.95,25,Sunny,1,30.11,Spring,0,173
2022-03-21,S002,P0008,Groceries,South,70,70,106,26.25,0,Sunny,0,28.1,Spring,0,103
2022-03-21,S002,P0009,Groceries,South,294,125,305,79.89,0,Sunny,0,79.72,Spring,0,164
2022-03-21,S002,P0010,Groceries,South,168,139,182,102.23,10,Sunny,0,118.37,Spring,0,182
2022-03-21,S002,P0011,Groceries,South,396,40,0,86.44,0,Sunny,0,77.82,Spring,0,56
2022-03-21,S002,P0012,Electronics,South,190,44,0,58.42,0,Sunny,0,63.75,Spring,0,50
2022-03-21,S002,P0013,Groceries,South,1032,94,0,24.35,5,Sunny,0,23.0,Spring,0,127
2022-03-21,S002,P0014,Electronics,South,1027,73,0,122.27,5,Sunny,0,139.56,Spring,0,104
2022-03-21,S002,P0015,Clothing,South,882,118,0,69.48,5,Sunny,0,69.13,Spring,0,99
2022-03-21,S002,P0016,Clothing,South,223,101,226,84.93,10,Sunny,0,92.48,Spring,0,115
2022-03-21,S002,P0017,Toys,South,609,188,591,28.72,0,Sunny,0,27.62,Spring,0,185
2022-03-21,S002,P0018,Clothing,South,107,107,115,30.45,5,Sunny,0,27.52,Spring,0,124
2022-03-21,S002,P0019,Clothing,South,790,56,0,77.09,10,Sunny,1,71.26,Spring,0,74
2022-03-21,S002,P0020,Furniture,South,74,72,0,121.43,5,Sunny,0,144.61,Spring,0,71
2022-03-21,S003,P0001,Toys,East,517,110,0,20.32,0,Sunny,0,19.37,Spring,0,139
2022-03-21,S003,P0002,Groceries,East,0,0,0,56.37,5,Sunny,0,52.92,Spring,0,98
2022-03-21,S003,P0003,Electronics,East,212,212,281,103.77,25,Sunny,1,112.5,Spring,0,259
2022-03-21,S003,P0004,Groceries,East,95,21,0,17.64,0,Sunny,0,21.17,Spring,0,26
2022-03-21,S003,P0005,Toys,East,736,107,0,22.0,20,Sunny,1,19.47,Spring,0,141
2022-03-21,S003,P0006,Toys,East,226,88,0,37.31,5,Sunny,0,44.55,Spring,0,95
2022-03-21,S003,P0007,Groceries,East,1008,189,0,17.2,20,Sunny,1,16.73,Spring,0,175
2022-03-21,S003,P0008,Clothing,East,194,64,0,109.07,10,Sunny,0,103.73,Spring,0,94
2022-03-21,S003,P0009,Groceries,East,101,96,152,63.85,5,Sunny,0,63.71,Spring,0,152
2022-03-21,S003,P0010,Groceries,East,150,72,81,35.08,10,Sunny,0,41.33,Spring,0,97
2022-03-21,S003,P0011,Electronics,East,118,118,0,132.65,5,Sunny,0,117.62,Spring,0,117
2022-03-21,S003,P0012,Furniture,East,95,80,0,93.5,10,Sunny,0,91.92,Spring,0,74
2022-03-21,S003,P0013,Groceries,East,478,139,0,91.38,0,Sunny,0,82.13,Spring,0,156
2022-03-21,S003,P0014,Groceries,East,443,166,561,126.5,0,Sunny,0,136.75,Spring,0,198
2022-03-21,S003,P0015,Groceries,East,586,116,576,111.96,0,Sunny,0,135.19,Spring,0,141
2022-03-21,S003,P0016,Electronics,East,179,127,0,99.93,10,Sunny,0,95.06,Spring,0,111
2022-03-21,S003,P0017,Furniture,East,561,95,0,141.87,0,Sunny,0,137.5,Spring,0,105
2022-03-21,S003,P0018,Furniture,East,554,120,0,162.11,0,Sunny,0,141.47,Spring,0,115
2022-03-21,S003,P0019,Groceries,East,174,174,262,79.12,10,Sunny,1,88.74,Spring,0,278
2022-03-21,S003,P0020,Clothing,East,68,68,614,84.56,10,Sunny,0,77.79,Spring,0,156
2022-03-21,S004,P0001,Groceries,West,359,154,691,12.23,10,Sunny,0,13.73,Spring,0,166
2022-03-21,S004,P0002,Groceries,West,250,157,364,27.36,5,Sunny,0,26.63,Spring,0,203
2022-03-21,S004,P0003,Furniture,West,249,138,0,131.52,20,Sunny,1,139.0,Spring,0,124
2022-03-21,S004,P0004,Groceries,West,463,116,0,58.08,5,Sunny,0,54.06,Spring,0,122
2022-03-21,S004,P0005,Clothing,West,138,138,139,65.43,20,Sunny,1,79.18,Spring,0,132
2022-03-21,S004,P0006,Groceries,West,557,85,0,34.51,0,Sunny,0,37.16,Spring,0,81
2022-03-21,S004,P0007,Groceries,West,268,136,0,28.08,20,Sunny,1,31.62,Spring,0,165
2022-03-21,S004,P0008,Furniture,West,175,47,0,102.22,0,Sunny,0,94.83,Spring,0,70
2022-03-21,S004,P0009,Clothing,West,364,86,388,128.93,5,Sunny,0,125.03,Spring,0,130
2022-03-21,S004,P0010,Groceries,West,455,61,0,26.45,0,Sunny,0,23.11,Spring,0,88
2022-03-21,S004,P0011,Clothing,West,301,106,0,66.35,0,Sunny,0,64.64,Spring,0,112
2022-03-21,S004,P0012,Electronics,West,125,45,0,88.5,5,Sunny,0,102.53,Spring,0,38
2022-03-21,S004,P0013,Groceries,West,385,128,0,26.96,0,Sunny,0,23.69,Spring,0,172
2022-03-21,S004,P0014,Furniture,West,251,72,0,166.91,5,Sunny,0,154.41,Spring,0,73
2022-03-21,S004,P0015,Furniture,West,258,90,310,102.89,0,Sunny,0,113.99,Spring,0,91
2022-03-21,S004,P0016,Furniture,West,170,79,0,110.23,10,Sunny,0,132.89,Spring,0,85
2022-03-21,S004,P0017,Clothing,West,142,5,0,68.14,5,Sunny,0,60.4,Spring,0,5
2022-03-21,S004,P0018,Furniture,West,129,68,71,161.3,5,Sunny,0,174.21,Spring,0,89
2022-03-21,S004,P0019,Clothing,West,177,160,173,77.23,10,Sunny,1,72.64,Spring,0,203
2022-03-21,S004,P0020,Furniture,West,120,75,166,129.08,5,Sunny,0,125.03,Spring,0,70
2022-03-21,S005,P0001,Groceries,North,237,126,467,15.45,10,Sunny,0,15.42,Spring,0,206
2022-03-21,S005,P0002,Electronics,North,588,78,0,37.05,10,Sunny,0,41.11,Spring,0,93
2022-03-21,S005,P0003,Toys,North,234,153,257,39.59,10,Sunny,1,43.69,Spring,0,231
2022-03-21,S005,P0004,Groceries,North,89,67,85,7.0,10,Sunny,0,8.48,Spring,0,101
2022-03-21,S005,P0005,Groceries,North,207,206,0,15.51,25,Sunny,1,17.24,Spring,0,179
2022-03-21,S005,P0006,Groceries,North,602,62,0,54.07,0,Sunny,0,60.85,Spring,0,70
2022-03-21,S005,P0007,Groceries,North,49,49,0,84.56,25,Sunny,1,79.58,Spring,0,190
2022-03-21,S005,P0008,Groceries,North,163,107,138,66.54,10,Sunny,0,59.48,Spring,0,134
2022-03-21,S005,P0009,Groceries,North,272,77,0,89.63,5,Sunny,0,76.64,Spring,0,78
2022-03-21,S005,P0010,Groceries,North,290,75,0,64.0,0,Sunny,0,57.46,Spring,0,103
2022-03-21,S005,P0011,Electronics,North,404,62,0,72.38,5,Sunny,0,65.46,Spring,0,65
2022-03-21,S005,P0012,Furniture,North,331,81,0,127.59,10,Sunny,0,136.66,Spring,0,101
2022-03-21,S005,P0013,Groceries,North,350,132,524,88.48,0,Sunny,0,100.36,Spring,0,155
2022-03-21,S005,P0014,Furniture,North,175,44,0,136.65,10,Sunny,0,146.4,Spring,0,51
2022-03-21,S005,P0015,Groceries,North,250,77,248,48.94,10,Sunny,0,42.67,Spring,0,107
2022-03-21,S005,P0016,Toys,North,172,95,0,39.46,5,Sunny,0,36.45,Spring,0,133
2022-03-21,S005,P0017,Toys,North,189,101,127,38.7,10,Sunny,0,43.44,Spring,0,138
2022-03-21,S005,P0018,Clothing,North,165,129,131,23.8,5,Sunny,0,25.81,Spring,0,140
2022-03-21,S005,P0019,Furniture,North,69,69,0,128.91,20,Sunny,1,113.0,Spring,0,102
2022-03-21,S005,P0020,Toys,North,203,165,132,36.46,5,Sunny,0,34.17,Spring,0,149
2022-03-22,S001,P0001,Electronics,North,301,80,0,56.63,15,Rainy,1,66.67,Spring,0,74
2022-03-22,S001,P0002,Clothing,North,182,53,0,59.53,5,Rainy,0,64.69,Spring,0,83
2022-03-22,S001,P0003,Clothing,North,162,69,0,49.64,10,Rainy,0,52.65,Spring,0,96
2022-03-22,S001,P0004,Electronics,North,371,74,0,87.66,15,Rainy,1,77.57,Spring,0,67
2022-03-22,S001,P0005,Groceries,North,101,53,0,56.88,0,Rainy,0,53.82,Spring,0,71
2022-03-22,S001,P0006,Toys,North,631,79,0,37.2,10,Rainy,0,42.04,Spring,0,97
2022-03-22,S001,P0007,Groceries,North,860,58,0,21.22,5,Rainy,0,18.87,Spring,0,54
2022-03-22,S001,P0008,Electronics,North,168,122,0,46.21,5,Rainy,0,55.73,Spring,0,120
2022-03-22,S001,P0009,Clothing,North,172,60,0,75.67,10,Rainy,0,75.57,Spring,0,64
2022-03-22,S001,P0010,Furniture,North,247,114,0,150.65,0,Rainy,0,139.68,Spring,0,107
2022-03-22,S001,P0011,Furniture,North,461,54,0,172.45,0,Rainy,0,166.86,Spring,0,77
2022-03-22,S001,P0012,Groceries,North,228,33,0,70.84,0,Rainy,0,78.41,Spring,0,54
2022-03-22,S001,P0013,Toys,North,211,97,0,35.39,5,Rainy,0,42.07,Spring,0,131
2022-03-22,S001,P0014,Groceries,North,729,98,0,72.93,10,Rainy,1,84.98,Spring,0,132
2022-03-22,S001,P0015,Toys,North,186,82,123,14.05,20,Rainy,1,15.01,Spring,0,123
2022-03-22,S001,P0016,Groceries,North,265,56,0,38.29,5,Rainy,0,37.14,Spring,0,94
2022-03-22,S001,P0017,Toys,North,122,58,95,23.25,0,Rainy,0,21.41,Spring,0,86
2022-03-22,S001,P0018,Groceries,North,185,104,114,53.44,20,Rainy,1,49.29,Spring,0,111
2022-03-22,S001,P0019,Furniture,North,114,104,77,107.07,10,Rainy,0,114.51,Spring,0,90
2022-03-22,S001,P0020,Furniture,North,625,38,0,83.97,20,Rainy,1,99.91,Spring,0,41
2022-03-22,S002,P0001,Groceries,South,368,287,695,96.38,25,Cloudy,1,93.33,Spring,0,251
2022-03-22,S002,P0002,Toys,South,308,57,0,32.37,0,Cloudy,0,31.24,Spring,0,74
2022-03-22,S002,P0003,Groceries,South,408,80,0,72.06,5,Cloudy,0,78.46,Spring,0,79
2022-03-22,S002,P0004,Groceries,South,725,171,0,39.38,25,Cloudy,1,33.64,Spring,0,153
2022-03-22,S002,P0005,Electronics,South,620,61,0,90.12,0,Cloudy,0,84.62,Spring,0,73
2022-03-22,S002,P0006,Clothing,South,76,71,59,61.54,0,Cloudy,0,61.51,Spring,0,63
2022-03-22,S002,P0007,Toys,South,289,87,0,28.17,0,Cloudy,0,27.81,Spring,0,77
2022-03-22,S002,P0008,Groceries,South,106,106,106,26.32,0,Cloudy,0,31.26,Spring,0,104
2022-03-22,S002,P0009,Groceries,South,169,60,0,48.13,10,Cloudy,0,51.8,Spring,0,55
2022-03-22,S002,P0010,Groceries,South,211,66,0,76.67,5,Cloudy,0,87.48,Spring,0,70
2022-03-22,S002,P0011,Groceries,South,356,138,368,101.74,5,Cloudy,0,88.52,Spring,0,119
2022-03-22,S002,P0012,Electronics,South,846,99,0,68.9,5,Cloudy,0,65.75,Spring,0,95
2022-03-22,S002,P0013,Groceries,South,938,128,0,23.22,10,Cloudy,0,26.92,Spring,0,147
2022-03-22,S002,P0014,Electronics,South,954,188,0,129.98,15,Cloudy,1,137.69,Spring,0,163
2022-03-22,S002,P0015,Clothing,South,764,80,0,67.31,10,Cloudy,1,76.09,Spring,0,122
2022-03-22,S002,P0016,Clothing,South,122,65,0,85.05,5,Cloudy,0,97.92,Spring,0,98
2022-03-22,S002,P0017,Toys,South,421,115,0,24.4,5,Cloudy,0,25.92,Spring,0,162
2022-03-22,S002,P0018,Clothing,South,115,58,74,24.97,10,Cloudy,1,23.09,Spring,0,79
2022-03-22,S002,P0019,Clothing,South,734,120,0,80.83,10,Cloudy,0,92.36,Spring,0,103
2022-03-22,S002,P0020,Furniture,South,204,75,393,131.01,15,Cloudy,1,130.59,Spring,0,111
2022-03-22,S003,P0001,Toys,East,407,149,0,15.09,25,Rainy,1,18.13,Spring,0,154
2022-03-22,S003,P0002,Groceries,East,336,76,0,57.71,5,Rainy,0,62.26,Spring,0,122
2022-03-22,S003,P0003,Electronics,East,281,79,0,93.52,0,Rainy,0,110.96,Spring,0,108
2022-03-22,S003,P0004,Groceries,East,596,118,0,22.45,20,Rainy,1,21.42,Spring,0,144
2022-03-22,S003,P0005,Toys,East,629,58,0,17.91,10,Rainy,0,19.64,Spring,0,58
2022-03-22,S003,P0006,Toys,East,138,64,0,33.79,5,Rainy,0,33.26,Spring,0,53
2022-03-22,S003,P0007,Groceries,East,819,47,0,14.28,5,Rainy,0,15.33,Spring,0,75
2022-03-22,S003,P0008,Clothing,East,452,85,0,127.03,0,Rainy,0,116.41,Spring,0,109
2022-03-22,S003,P0009,Groceries,East,157,69,0,49.12,10,Rainy,0,54.66,Spring,0,100
2022-03-22,S003,P0010,Groceries,East,159,156,144,39.42,10,Rainy,0,41.82,Spring,0,134
2022-03-22,S003,P0011,Electronics,East,322,68,0,118.64,0,Rainy,0,133.33,Spring,0,83
2022-03-22,S003,P0012,Furniture,East,196,53,0,95.54,0,Rainy,0,93.36,Spring,0,52
2022-03-22,S003,P0013,Groceries,East,339,60,0,73.13,5,Rainy,0,68.5,Spring,0,99
2022-03-22,S003,P0014,Groceries,East,277,126,0,98.24,15,Rainy,1,111.24,Spring,0,163
2022-03-22,S003,P0015,Groceries,East,470,67,0,85.72,15,Rainy,1,99.51,Spring,0,107
2022-03-22,S003,P0016,Electronics,East,365,54,0,89.23,10,Rainy,0,84.24,Spring,0,77
2022-03-22,S003,P0017,Furniture,East,466,51,0,101.72,10,Rainy,0,120.33,Spring,0,55
2022-03-22,S003,P0018,Furniture,East,434,100,360,129.47,15,Rainy,1,146.82,Spring,0,111
2022-03-22,S003,P0019,Groceries,East,262,95,0,53.64,5,Rainy,0,46.07,Spring,0,90
2022-03-22,S003,P0020,Clothing,East,476,71,0,56.36,25,Rainy,1,61.74,Spring,0,99
2022-03-22,S004,P0001,Groceries,West,205,159,0,11.54,15,Rainy,1,10.68,Spring,0,147
2022-03-22,S004,P0002,Groceries,West,93,93,0,21.75,5,Rainy,0,19.84,Spring,0,120
2022-03-22,S004,P0003,Furniture,West,111,23,0,115.02,10,Rainy,0,105.19,Spring,0,38
2022-03-22,S004,P0004,Groceries,West,347,44,0,33.07,25,Rainy,1,38.25,Spring,0,44
2022-03-22,S004,P0005,Clothing,West,139,68,74,63.75,10,Rainy,0,67.65,Spring,0,86
2022-03-22,S004,P0006,Groceries,West,472,181,0,43.56,5,Rainy,0,42.26,Spring,0,156
2022-03-22,S004,P0007,Groceries,West,132,132,0,29.34,10,Rainy,0,35.47,Spring,0,139
2022-03-22,S004,P0008,Furniture,West,128,76,93,97.21,10,Rainy,0,111.39,Spring,0,101
2022-03-22,S004,P0009,Clothing,West,278,70,0,123.88,0,Rainy,0,134.87,Spring,0,117
2022-03-22,S004,P0010,Groceries,West,394,78,0,25.06,5,Rainy,0,24.51,Spring,0,88
2022-03-22,S004,P0011,Clothing,West,195,54,0,53.57,10,Rainy,0,49.0,Spring,0,80
2022-03-22,S004,P0012,Electronics,West,80,44,62,102.66,0,Rainy,0,113.29,Spring,0,62
2022-03-22,S004,P0013,Groceries,West,860,141,0,23.51,0,Rainy,0,21.27,Spring,0,124
2022-03-22,S004,P0014,Furniture,West,179,74,167,133.58,20,Rainy,1,141.85,Spring,0,73
2022-03-22,S004,P0015,Furniture,West,168,45,0,85.43,10,Rainy,1,103.01,Spring,0,68
2022-03-22,S004,P0016,Furniture,West,403,77,0,113.54,5,Rainy,0,135.69,Spring,0,78
2022-03-22,S004,P0017,Clothing,West,137,74,69,89.95,5,Rainy,0,88.37,Spring,0,72
2022-03-22,S004,P0018,Furniture,West,132,132,115,170.81,15,Rainy,1,170.07,Spring,0,125
2022-03-22,S004,P0019,Clothing,West,190,85,0,60.64,0,Rainy,0,55.33,Spring,0,83
2022-03-22,S004,P0020,Furniture,West,45,45,0,113.18,20,Rainy,1,105.94,Spring,0,82
2022-03-22,S005,P0001,Groceries,North,111,66,0,9.25,20,Rainy,1,8.8,Spring,0,72
2022-03-22,S005,P0002,Electronics,North,510,109,0,43.52,5,Rainy,0,47.97,Spring,0,126
2022-03-22,S005,P0003,Toys,North,338,82,0,35.14,0,Rainy,0,30.43,Spring,0,126
2022-03-22,S005,P0004,Groceries,North,107,107,128,7.23,10,Rainy,1,7.81,Spring,0,111
2022-03-22,S005,P0005,Groceries,North,323,100,234,17.2,5,Rainy,0,18.24,Spring,0,131
2022-03-22,S005,P0006,Groceries,North,540,80,0,54.39,10,Rainy,0,64.63,Spring,0,103
2022-03-22,S005,P0007,Groceries,North,573,67,0,82.15,0,Rainy,0,96.72,Spring,0,98
2022-03-22,S005,P0008,Groceries,North,194,45,0,56.59,0,Rainy,0,50.88,Spring,0,54
2022-03-22,S005,P0009,Groceries,North,195,34,0,75.46,5,Rainy,0,89.8,Spring,0,46
2022-03-22,S005,P0010,Groceries,North,215,118,0,57.3,10,Rainy,0,61.68,Spring,0,118
2022-03-22,S005,P0011,Electronics,North,342,66,0,67.43,5,Rainy,0,76.38,Spring,0,60
2022-03-22,S005,P0012,Furniture,North,844,36,0,116.87,0,Rainy,0,135.0,Spring,0,48
2022-03-22,S005,P0013,Groceries,North,218,69,0,67.52,10,Rainy,0,77.94,Spring,0,100
2022-03-22,S005,P0014,Furniture,North,131,82,0,138.47,20,Rainy,1,127.19,Spring,0,73
2022-03-22,S005,P0015,Groceries,North,173,145,0,42.15,25,Rainy,1,47.62,Spring,0,135
2022-03-22,S005,P0016,Toys,North,486,167,510,42.97,0,Rainy,0,47.12,Spring,0,163
2022-03-22,S005,P0017,Toys,North,215,117,0,41.89,0,Rainy,0,45.66,Spring,0,129
2022-03-22,S005,P0018,Clothing,North,167,93,129,18.94,25,Rainy,1,17.9,Spring,0,126
2022-03-22,S005,P0019,Furniture,North,251,67,0,141.69,0,Rainy,0,132.54,Spring,0,65
2022-03-22,S005,P0020,Toys,North,170,81,85,26.41,15,Rainy,1,30.64,Spring,0,96
2022-03-23,S001,P0001,Electronics,North,221,90,147,61.55,10,Sunny,0,66.88,Spring,0,81
2022-03-23,S001,P0002,Clothing,North,129,90,96,71.45,0,Sunny,0,61.49,Spring,0,107
2022-03-23,S001,P0003,Clothing,North,93,93,0,62.69,0,Sunny,0,58.59,Spring,0,120
2022-03-23,S001,P0004,Electronics,North,297,51,0,82.87,15,Sunny,1,96.46,Spring,0,66
2022-03-23,S001,P0005,Groceries,North,48,48,432,60.71,10,Sunny,0,59.11,Spring,0,123
2022-03-23,S001,P0006,Toys,North,552,238,669,55.93,15,Sunny,1,54.51,Spring,0,251
2022-03-23,S001,P0007,Groceries,North,802,130,0,25.69,5,Sunny,0,28.99,Spring,0,125
2022-03-23,S001,P0008,Electronics,North,46,21,50,34.8,5,Sunny,0,34.58,Spring,0,28
2022-03-23,S001,P0009,Clothing,North,112,112,148,77.35,25,Sunny,1,91.63,Spring,0,142
2022-03-23,S001,P0010,Furniture,North,133,133,469,152.16,10,Sunny,1,141.11,Spring,0,145
2022-03-23,S001,P0011,Furniture,North,407,82,0,160.55,5,Sunny,0,153.55,Spring,0,72
2022-03-23,S001,P0012,Groceries,North,195,91,239,89.94,5,Sunny,0,95.89,Spring,0,142
2022-03-23,S001,P0013,Toys,North,114,76,108,32.7,5,Sunny,0,35.49,Spring,0,106
2022-03-23,S001,P0014,Groceries,North,631,102,0,79.57,5,Sunny,0,76.39,Spring,0,126
2022-03-23,S001,P0015,Toys,North,227,158,0,19.5,5,Sunny,0,18.94,Spring,0,159
2022-03-23,S001,P0016,Groceries,North,664,66,0,35.37,0,Sunny,0,37.52,Spring,0,71
2022-03-23,S001,P0017,Toys,North,159,159,326,33.8,15,Sunny,1,36.73,Spring,0,319
2022-03-23,S001,P0018,Groceries,North,195,116,167,55.93,25,Sunny,1,49.99,Spring,0,148
2022-03-23,S001,P0019,Furniture,North,87,87,100,134.46,0,Sunny,0,124.8,Spring,0,111
2022-03-23,S001,P0020,Furniture,North,587,41,0,116.35,0,Sunny,0,122.48,Spring,0,68
2022-03-23,S002,P0001,Groceries,South,81,78,0,84.84,5,Rainy,0,81.91,Spring,0,112
2022-03-23,S002,P0002,Toys,South,251,105,230,33.35,10,Rainy,0,31.86,Spring,0,114
2022-03-23,S002,P0003,Groceries,South,328,49,0,67.54,10,Rainy,0,62.78,Spring,0,62
2022-03-23,S002,P0004,Groceries,South,554,137,0,43.41,10,Rainy,1,39.08,Spring,0,124
2022-03-23,S002,P0005,Electronics,South,559,76,0,95.17,5,Rainy,0,92.77,Spring,0,104
2022-03-23,S002,P0006,Clothing,South,64,64,177,68.12,15,Rainy,1,78.4,Spring,0,162
2022-03-23,S002,P0007,Toys,South,202,145,0,31.88,5,Rainy,0,30.19,Spring,0,130
2022-03-23,S002,P0008,Groceries,South,106,100,129,26.93,5,Rainy,0,28.48,Spring,0,128
2022-03-23,S002,P0009,Groceries,South,414,89,0,50.28,20,Rainy,1,53.83,Spring,0,100
2022-03-23,S002,P0010,Groceries,South,145,66,126,72.74,25,Rainy,1,69.3,Spring,0,109
2022-03-23,S002,P0011,Groceries,South,218,131,0,105.21,0,Rainy,0,122.19,Spring,0,130
2022-03-23,S002,P0012,Electronics,South,747,71,0,63.98,0,Rainy,0,72.84,Spring,0,74
2022-03-23,S002,P0013,Groceries,South,810,104,0,21.82,0,Rainy,0,23.84,Spring,0,93
2022-03-23,S002,P0014,Electronics,South,766,67,0,107.28,10,Rainy,0,125.9,Spring,0,82
2022-03-23,S002,P0015,Clothing,South,684,53,0,60.8,5,Rainy,0,57.08,Spring,0,61
2022-03-23,S002,P0016,Clothing,South,283,136,0,99.07,0,Rainy,0,97.76,Spring,0,114
2022-03-23,S002,P0017,Toys,South,306,127,0,26.62,10,Rainy,1,25.18,Spring,0,197
2022-03-23,S002,P0018,Clothing,South,131,126,90,24.66,20,Rainy,1,21.13,Spring,0,111
2022-03-23,S002,P0019,Clothing,South,614,26,0,64.26,10,Rainy,0,55.34,Spring,0,28
2022-03-23,S002,P0020,Furniture,South,129,76,0,131.9,0,Rainy,0,130.32,Spring,0,65
2022-03-23,S003,P0001,Toys,East,258,121,270,21.66,0,Sunny,0,20.91,Spring,0,162
2022-03-23,S003,P0002,Groceries,East,1068,133,0,62.21,0,Sunny,0,70.63,Spring,0,130
2022-03-23,S003,P0003,Electronics,East,202,98,0,81.56,5,Sunny,0,90.01,Spring,0,83
2022-03-23,S003,P0004,Groceries,East,478,119,0,19.52,25,Sunny,1,23.52,Spring,0,136
2022-03-23,S003,P0005,Toys,East,571,193,782,28.06,5,Sunny,0,25.61,Spring,0,166
2022-03-23,S003,P0006,Toys,East,74,74,164,40.79,15,Sunny,1,43.62,Spring,0,162
2022-03-23,S003,P0007,Groceries,East,772,137,0,18.13,10,Sunny,0,16.88,Spring,0,151
2022-03-23,S003,P0008,Clothing,East,367,46,0,102.67,0,Sunny,0,98.21,Spring,0,48
2022-03-23,S003,P0009,Groceries,East,88,88,97,51.38,10,Sunny,1,47.8,Spring,0,98
2022-03-23,S003,P0010,Groceries,East,147,147,206,38.92,25,Sunny,1,45.31,Spring,0,196
2022-03-23,S003,P0011,Electronics,East,254,133,277,127.64,10,Sunny,0,148.75,Spring,0,139
2022-03-23,S003,P0012,Furniture,East,143,51,106,90.54,5,Sunny,0,102.7,Spring,0,65
2022-03-23,S003,P0013,Groceries,East,279,60,0,63.75,10,Sunny,0,57.43,Spring,0,75
2022-03-23,S003,P0014,Groceries,East,151,106,0,100.18,0,Sunny,0,86.48,Spring,0,98
2022-03-23,S003,P0015,Groceries,East,403,146,0,100.45,10,Sunny,0,93.92,Spring,0,123
2022-03-23,S003,P0016,Electronics,East,311,75,0,97.4,5,Sunny,0,92.88,Spring,0,87
2022-03-23,S003,P0017,Furniture,East,415,162,701,122.24,25,Sunny,1,114.77,Spring,0,151
2022-03-23,S003,P0018,Furniture,East,334,180,701,164.5,10,Sunny,1,144.6,Spring,0,155
2022-03-23,S003,P0019,Groceries,East,167,119,141,58.28,5,Sunny,0,63.95,Spring,0,132
2022-03-23,S003,P0020,Clothing,East,405,48,0,64.35,0,Sunny,0,63.5,Spring,0,42
2022-03-23,S004,P0001,Groceries,West,46,46,0,11.07,5,Rainy,0,12.21,Spring,0,113
2022-03-23,S004,P0002,Groceries,West,364,192,427,25.05,5,Rainy,0,28.11,Spring,0,189
2022-03-23,S004,P0003,Furniture,West,495,65,0,151.04,5,Rainy,0,134.28,Spring,0,97
2022-03-23,S004,P0004,Groceries,West,303,161,589,57.77,20,Rainy,1,65.26,Spring,0,202
2022-03-23,S004,P0005,Clothing,West,145,135,120,73.24,10,Rainy,0,70.93,Spring,0,113
2022-03-23,S004,P0006,Groceries,West,291,105,243,36.32,15,Rainy,1,32.41,Spring,0,131
2022-03-23,S004,P0007,Groceries,West,493,152,432,30.05,10,Rainy,0,26.37,Spring,0,129
2022-03-23,S004,P0008,Furniture,West,145,86,98,94.45,10,Rainy,0,103.74,Spring,0,92
2022-03-23,S004,P0009,Clothing,West,208,76,0,101.92,10,Rainy,1,119.84,Spring,0,90
2022-03-23,S004,P0010,Groceries,West,1166,99,0,29.14,10,Rainy,1,27.27,Spring,0,154
2022-03-23,S004,P0011,Clothing,West,730,64,0,56.4,0,Rainy,0,51.4,Spring,0,65
2022-03-23,S004,P0012,Electronics,West,98,54,62,93.11,10,Rainy,0,99.13,Spring,0,65
2022-03-23,S004,P0013,Groceries,West,719,90,0,19.39,10,Rainy,0,19.15,Spring,0,97
2022-03-23,S004,P0014,Furniture,West,105,39,0,145.63,5,Rainy,0,135.37,Spring,0,38
2022-03-23,S004,P0015,Furniture,West,123,76,0,92.42,5,Rainy,0,107.82,Spring,0,75
2022-03-23,S004,P0016,Furniture,West,326,59,0,108.63,10,Rainy,0,95.63,Spring,0,67
2022-03-23,S004,P0017,Clothing,West,132,99,80,70.53,25,Rainy,1,85.21,Spring,0,85
2022-03-23,S004,P0018,Furniture,West,115,68,96,156.67,10,Rainy,1,178.11,Spring,0,96
2022-03-23,S004,P0019,Clothing,West,105,65,62,52.76,5,Rainy,0,60.44,Spring,0,73
2022-03-23,S004,P0020,Furniture,West,166,59,126,131.48,5,Rainy,0,127.43,Spring,0,75
2022-03-23,S005,P0001,Groceries,North,512,157,0,15.01,0,Sunny,0,13.57,Spring,0,154
2022-03-23,S005,P0002,Electronics,North,401,49,0,33.96,10,Sunny,0,31.02,Spring,0,54
2022-03-23,S005,P0003,Toys,North,256,166,0,36.93,0,Sunny,0,35.13,Spring,0,143
2022-03-23,S005,P0004,Groceries,North,128,126,201,9.58,10,Sunny,1,8.99,Spring,0,193
2022-03-23,S005,P0005,Groceries,North,223,68,0,14.88,10,Sunny,0,17.82,Spring,0,102
2022-03-23,S005,P0006,Groceries,North,460,201,0,64.79,20,Sunny,1,78.32,Spring,0,207
2022-03-23,S005,P0007,Groceries,North,506,137,0,96.82,10,Sunny,0,84.87,Spring,0,172
2022-03-23,S005,P0008,Groceries,North,149,69,81,54.48,10,Sunny,0,64.83,Spring,0,87
2022-03-23,S005,P0009,Groceries,North,649,107,0,97.44,15,Sunny,1,91.97,Spring,0,139
2022-03-23,S005,P0010,Groceries,North,609,134,760,74.52,10,Sunny,1,81.97,Spring,0,215
2022-03-23,S005,P0011,Electronics,North,276,77,0,79.53,5,Sunny,0,93.04,Spring,0,107
2022-03-23,S005,P0012,Furniture,North,808,111,0,130.0,10,Sunny,0,142.66,Spring,0,107
2022-03-23,S005,P0013,Groceries,North,149,76,0,74.41,0,Sunny,0,64.43,Spring,0,83
2022-03-23,S005,P0014,Furniture,North,342,97,358,172.77,5,Sunny,0,199.98,Spring,0,102
2022-03-23,S005,P0015,Groceries,North,276,33,0,38.81,5,Sunny,0,35.1,Spring,0,30
2022-03-23,S005,P0016,Toys,North,319,70,0,35.08,5,Sunny,0,38.29,Spring,0,111
2022-03-23,S005,P0017,Toys,North,98,98,179,39.1,15,Sunny,1,42.15,Spring,0,162
2022-03-23,S005,P0018,Clothing,North,203,198,192,23.32,20,Sunny,1,22.02,Spring,0,176
2022-03-23,S005,P0019,Furniture,North,184,10,0,107.7,5,Sunny,0,107.07,Spring,0,11
2022-03-23,S005,P0020,Toys,North,174,86,110,37.09,0,Sunny,0,31.73,Spring,0,137
2022-03-24,S001,P0001,Electronics,North,131,41,0,51.93,10,Sunny,0,61.99,Spring,0,36
2022-03-24,S001,P0002,Clothing,North,135,54,65,61.38,5,Sunny,0,61.14,Spring,0,77
2022-03-24,S001,P0003,Clothing,North,889,125,0,61.6,0,Sunny,0,71.12,Spring,0,131
2022-03-24,S001,P0004,Electronics,North,246,97,258,110.63,5,Sunny,0,128.57,Spring,0,118
2022-03-24,S001,P0005,Groceries,North,477,132,0,60.61,10,Sunny,1,70.49,Spring,0,139
2022-03-24,S001,P0006,Toys,North,314,195,0,43.15,25,Sunny,1,37.86,Spring,0,194
2022-03-24,S001,P0007,Groceries,North,672,117,770,25.49,20,Sunny,1,28.19,Spring,0,184
2022-03-24,S001,P0008,Electronics,North,75,75,113,45.91,5,Sunny,0,42.09,Spring,0,102
2022-03-24,S001,P0009,Clothing,North,148,106,83,89.02,5,Sunny,0,83.9,Spring,0,95
2022-03-24,S001,P0010,Furniture,North,476,36,0,106.97,10,Sunny,0,93.67,Spring,0,41
2022-03-24,S001,P0011,Furniture,North,325,89,0,160.99,5,Sunny,0,186.09,Spring,0,87
2022-03-24,S001,P0012,Groceries,North,104,76,0,83.3,10,Sunny,0,81.23,Spring,0,117
2022-03-24,S001,P0013,Toys,North,146,146,217,43.09,10,Sunny,1,41.83,Spring,0,206
2022-03-24,S001,P0014,Groceries,North,529,149,0,83.44,0,Sunny,0,70.97,Spring,0,125
2022-03-24,S001,P0015,Toys,North,69,69,175,19.05,0,Sunny,0,21.73,Spring,0,151
2022-03-24,S001,P0016,Groceries,North,598,60,0,37.28,5,Sunny,0,34.19,Spring,0,86
2022-03-24,S001,P0017,Toys,North,326,167,0,26.04,10,Sunny,0,24.09,Spring,0,157
2022-03-24,S001,P0018,Groceries,North,246,111,0,58.19,5,Sunny,0,61.61,Spring,0,100
2022-03-24,S001,P0019,Furniture,North,100,100,115,105.81,15,Sunny,1,116.39,Spring,0,103
2022-03-24,S001,P0020,Furniture,North,546,86,0,122.19,10,Sunny,0,110.47,Spring,0,98
2022-03-24,S002,P0001,Groceries,South,3,3,0,82.64,5,Rainy,0,94.46,Spring,0,120
2022-03-24,S002,P0002,Toys,South,146,88,0,31.25,0,Rainy,0,34.27,Spring,0,78
2022-03-24,S002,P0003,Groceries,South,719,99,0,87.35,0,Rainy,0,86.28,Spring,0,105
2022-03-24,S002,P0004,Groceries,South,417,63,0,38.89,5,Rainy,0,46.59,Spring,0,89
2022-03-24,S002,P0005,Electronics,South,483,171,537,86.28,25,Rainy,1,79.3,Spring,0,149
2022-03-24,S002,P0006,Clothing,South,177,24,0,42.7,20,Rainy,1,48.7,Spring,0,39
2022-03-24,S002,P0007,Toys,South,517,100,525,30.68,15,Rainy,1,28.84,Spring,0,156
2022-03-24,S002,P0008,Groceries,South,135,91,121,28.53,0,Rainy,0,30.28,Spring,0,130
2022-03-24,S002,P0009,Groceries,South,325,94,0,67.23,0,Rainy,0,64.3,Spring,0,105
2022-03-24,S002,P0010,Groceries,South,205,150,164,103.3,5,Rainy,0,96.47,Spring,0,147
2022-03-24,S002,P0011,Groceries,South,87,87,0,98.29,10,Rainy,0,91.36,Spring,0,125
2022-03-24,S002,P0012,Electronics,South,676,87,0,71.71,5,Rainy,0,62.54,Spring,0,108
2022-03-24,S002,P0013,Groceries,South,706,199,0,24.28,20,Rainy,1,21.85,Spring,0,189
2022-03-24,S002,P0014,Electronics,South,699,133,0,121.99,10,Rainy,0,133.83,Spring,0,121
2022-03-24,S002,P0015,Clothing,South,631,69,0,68.84,5,Rainy,0,62.08,Spring,0,96
2022-03-24,S002,P0016,Clothing,South,147,40,0,66.88,5,Rainy,0,77.33,Spring,0,34
2022-03-24,S002,P0017,Toys,South,770,116,0,23.45,0,Rainy,0,25.67,Spring,0,131
2022-03-24,S002,P0018,Clothing,South,95,95,121,28.29,10,Rainy,0,26.49,Spring,0,117
2022-03-24,S002,P0019,Clothing,South,588,85,0,85.3,10,Rainy,1,97.05,Spring,0,120
2022-03-24,S002,P0020,Furniture,South,53,53,0,111.51,10,Rainy,0,95.16,Spring,0,49
2022-03-24,S003,P0001,Toys,East,137,30,0,11.75,10,Sunny,0,12.75,Spring,0,28
2022-03-24,S003,P0002,Groceries,East,935,116,0,60.78,5,Sunny,0,59.49,Spring,0,122
2022-03-24,S003,P0003,Electronics,East,104,92,125,86.19,10,Sunny,0,95.2,Spring,0,116
2022-03-24,S003,P0004,Groceries,East,359,111,313,26.63,0,Sunny,0,24.93,Spring,0,127
2022-03-24,S003,P0005,Toys,East,378,97,0,23.5,10,Sunny,1,25.42,Spring,0,140
2022-03-24,S003,P0006,Toys,East,164,146,202,37.79,25,Sunny,1,42.18,Spring,0,180
2022-03-24,S003,P0007,Groceries,East,635,82,0,12.24,20,Sunny,1,12.9,Spring,0,79
2022-03-24,S003,P0008,Clothing,East,321,49,0,100.66,5,Sunny,0,106.45,Spring,0,70
2022-03-24,S003,P0009,Groceries,East,97,97,139,66.62,0,Sunny,0,71.25,Spring,0,167
2022-03-24,S003,P0010,Groceries,East,206,193,211,56.07,0,Sunny,0,48.57,Spring,0,207
2022-03-24,S003,P0011,Electronics,East,121,62,0,118.25,0,Sunny,0,129.94,Spring,0,82
2022-03-24,S003,P0012,Furniture,East,92,41,0,88.32,5,Sunny,0,83.57,Spring,0,45
2022-03-24,S003,P0013,Groceries,East,761,180,629,73.05,20,Sunny,1,86.75,Spring,0,175
2022-03-24,S003,P0014,Groceries,East,606,69,0,84.7,5,Sunny,0,91.72,Spring,0,79
2022-03-24,S003,P0015,Groceries,East,257,27,0,69.36,10,Sunny,0,79.87,Spring,0,33
2022-03-24,S003,P0016,Electronics,East,236,107,172,102.14,0,Sunny,0,112.92,Spring,0,101
2022-03-24,S003,P0017,Furniture,East,253,72,0,121.49,5,Sunny,0,113.37,Spring,0,74
2022-03-24,S003,P0018,Furniture,East,154,142,0,162.07,0,Sunny,0,185.78,Spring,0,131
2022-03-24,S003,P0019,Groceries,East,189,130,144,54.75,15,Sunny,1,59.44,Spring,0,149
2022-03-24,S003,P0020,Clothing,East,357,49,0,55.09,10,Sunny,0,61.04,Spring,0,42
2022-03-24,S004,P0001,Groceries,West,0,0,635,13.59,5,Sunny,0,11.99,Spring,0,166
2022-03-24,S004,P0002,Groceries,West,172,90,0,19.87,10,Sunny,0,18.24,Spring,0,108
2022-03-24,S004,P0003,Furniture,West,430,45,0,128.09,5,Sunny,0,140.91,Spring,0,65
2022-03-24,S004,P0004,Groceries,West,142,57,0,52.41,0,Sunny,0,58.27,Spring,0,90
2022-03-24,S004,P0005,Clothing,West,130,130,123,76.49,10,Sunny,1,70.45,Spring,0,127
2022-03-24,S004,P0006,Groceries,West,186,186,333,36.85,25,Sunny,1,43.25,Spring,0,202
2022-03-24,S004,P0007,Groceries,West,341,184,1137,33.28,25,Sunny,1,30.52,Spring,0,239
2022-03-24,S004,P0008,Furniture,West,157,118,103,114.61,5,Sunny,0,104.72,Spring,0,120
2022-03-24,S004,P0009,Clothing,West,520,108,0,122.83,5,Sunny,0,131.11,Spring,0,131
2022-03-24,S004,P0010,Groceries,West,1067,150,0,36.15,0,Sunny,0,38.37,Spring,0,217
2022-03-24,S004,P0011,Clothing,West,666,48,0,50.5,10,Sunny,0,60.35,Spring,0,77
2022-03-24,S004,P0012,Electronics,West,106,97,101,125.75,0,Sunny,0,122.34,Spring,0,106
2022-03-24,S004,P0013,Groceries,West,629,197,512,23.75,10,Sunny,1,25.73,Spring,0,184
2022-03-24,S004,P0014,Furniture,West,233,110,186,188.72,0,Sunny,0,165.12,Spring,0,94
2022-03-24,S004,P0015,Furniture,West,357,78,236,97.53,10,Sunny,0,91.39,Spring,0,92
2022-03-24,S004,P0016,Furniture,West,267,38,0,98.7,5,Sunny,0,110.13,Spring,0,41
2022-03-24,S004,P0017,Clothing,West,113,71,82,89.04,10,Sunny,0,81.21,Spring,0,85
2022-03-24,S004,P0018,Furniture,West,143,98,98,166.93,0,Sunny,0,176.38,Spring,0,84
2022-03-24,S004,P0019,Clothing,West,102,102,150,65.71,15,Sunny,1,59.04,Spring,0,162
2022-03-24,S004,P0020,Furniture,West,107,99,188,147.65,0,Sunny,0,160.58,Spring,0,110
2022-03-24,S005,P0001,Groceries,North,355,164,0,14.38,0,Sunny,0,12.6,Spring,0,139
2022-03-24,S005,P0002,Electronics,North,352,85,294,39.2,10,Sunny,0,45.67,Spring,0,110
2022-03-24,S005,P0003,Toys,North,90,36,50,23.92,5,Sunny,0,21.82,Spring,0,32
2022-03-24,S005,P0004,Groceries,North,203,141,153,8.72,10,Sunny,0,7.63,Spring,0,157
2022-03-24,S005,P0005,Groceries,North,389,122,0,15.11,20,Sunny,1,15.01,Spring,0,128
2022-03-24,S005,P0006,Groceries,North,850,124,0,66.93,10,Sunny,1,78.57,Spring,0,173
2022-03-24,S005,P0007,Groceries,North,369,70,0,75.44,10,Sunny,1,82.35,Spring,0,104
2022-03-24,S005,P0008,Groceries,North,161,82,94,65.02,0,Sunny,0,78.44,Spring,0,109
2022-03-24,S005,P0009,Groceries,North,542,155,464,116.86,5,Sunny,0,139.04,Spring,0,184
2022-03-24,S005,P0010,Groceries,North,475,122,0,67.84,0,Sunny,0,62.3,Spring,0,122
2022-03-24,S005,P0011,Electronics,North,694,202,748,105.61,0,Sunny,0,120.81,Spring,0,189
2022-03-24,S005,P0012,Furniture,North,697,43,0,119.47,5,Sunny,0,103.75,Spring,0,53
2022-03-24,S005,P0013,Groceries,North,597,55,0,64.03,10,Sunny,1,75.35,Spring,0,84
2022-03-24,S005,P0014,Furniture,North,245,48,0,168.54,5,Sunny,0,160.85,Spring,0,79
2022-03-24,S005,P0015,Groceries,North,243,94,177,44.87,10,Sunny,0,51.19,Spring,0,96
2022-03-24,S005,P0016,Toys,North,249,91,0,32.88,5,Sunny,0,36.48,Spring,0,91
2022-03-24,S005,P0017,Toys,North,179,110,111,43.53,0,Sunny,0,40.51,Spring,0,125
2022-03-24,S005,P0018,Clothing,North,197,77,0,23.36,0,Sunny,0,27.56,Spring,0,117
2022-03-24,S005,P0019,Furniture,North,174,100,158,115.53,20,Sunny,1,127.42,Spring,0,84
2022-03-24,S005,P0020,Toys,North,198,111,154,31.17,10,Sunny,0,35.25,Spring,0,131
2022-03-25,S001,P0001,Electronics,North,237,107,275,68.79,10,Cloudy,0,75.03,Spring,0,115
2022-03-25,S001,P0002,Clothing,North,146,146,155,70.5,15,Cloudy,1,69.38,Spring,0,157
2022-03-25,S001,P0003,Clothing,North,764,85,0,62.79,5,Cloudy,0,54.88,Spring,0,138
2022-03-25,S001,P0004,Electronics,North,149,68,0,104.65,0,Cloudy,0,124.14,Spring,0,85
2022-03-25,S001,P0005,Groceries,North,345,110,0,47.21,25,Cloudy,1,43.82,Spring,0,101
2022-03-25,S001,P0006,Toys,North,119,119,0,43.7,10,Cloudy,1,38.5,Spring,0,132
2022-03-25,S001,P0007,Groceries,North,555,77,0,25.65,10,Cloudy,0,24.71,Spring,0,125
2022-03-25,S001,P0008,Electronics,North,113,113,115,48.29,5,Cloudy,0,47.1,Spring,0,118
2022-03-25,S001,P0009,Clothing,North,125,125,170,102.5,20,Cloudy,1,95.6,Spring,0,204
2022-03-25,S001,P0010,Furniture,North,440,177,0,129.3,25,Cloudy,1,117.33,Spring,0,152
2022-03-25,S001,P0011,Furniture,North,236,94,171,164.64,5,Cloudy,0,163.09,Spring,0,79
2022-03-25,S001,P0012,Groceries,North,267,194,360,92.86,15,Cloudy,1,88.51,Spring,0,175
2022-03-25,S001,P0013,Toys,North,217,119,0,38.32,0,Cloudy,0,36.22,Spring,0,124
2022-03-25,S001,P0014,Groceries,North,380,51,0,63.74,0,Cloudy,0,70.7,Spring,0,60
2022-03-25,S001,P0015,Toys,North,175,106,0,15.8,0,Cloudy,0,17.02,Spring,0,90
2022-03-25,S001,P0016,Groceries,North,538,218,539,45.75,15,Cloudy,1,44.54,Spring,0,194
2022-03-25,S001,P0017,Toys,North,159,134,134,19.8,25,Cloudy,1,23.64,Spring,0,143
2022-03-25,S001,P0018,Groceries,North,135,58,96,52.49,10,Cloudy,1,59.24,Spring,0,86
2022-03-25,S001,P0019,Furniture,North,115,115,118,108.42,20,Cloudy,1,119.51,Spring,0,131
2022-03-25,S001,P0020,Furniture,North,460,66,0,98.03,25,Cloudy,1,86.63,Spring,0,86
2022-03-25,S002,P0001,Groceries,South,695,141,0,90.99,0,Sunny,0,105.58,Spring,0,135
2022-03-25,S002,P0002,Toys,South,288,226,398,38.12,15,Sunny,1,45.22,Spring,0,201
2022-03-25,S002,P0003,Groceries,South,620,132,0,86.15,5,Sunny,0,98.04,Spring,0,134
2022-03-25,S002,P0004,Groceries,South,354,71,301,41.66,5,Sunny,0,36.5,Spring,0,94
2022-03-25,S002,P0005,Electronics,South,312,80,0,90.4,15,Sunny,1,82.36,Spring,0,123
2022-03-25,S002,P0006,Clothing,South,153,142,150,81.19,10,Sunny,1,80.21,Spring,0,187
2022-03-25,S002,P0007,Toys,South,417,157,0,36.5,10,Sunny,0,35.16,Spring,0,200
2022-03-25,S002,P0008,Groceries,South,165,56,0,22.48,10,Sunny,0,26.19,Spring,0,88
2022-03-25,S002,P0009,Groceries,South,231,53,0,42.7,20,Sunny,1,45.23,Spring,0,54
2022-03-25,S002,P0010,Groceries,South,219,214,169,90.18,25,Sunny,1,79.1,Spring,0,185
2022-03-25,S002,P0011,Groceries,South,368,101,343,99.29,5,Sunny,0,107.26,Spring,0,127
2022-03-25,S002,P0012,Electronics,South,589,148,537,74.95,10,Sunny,1,83.69,Spring,0,158
2022-03-25,S002,P0013,Groceries,South,507,85,0,21.34,10,Sunny,0,21.17,Spring,0,103
2022-03-25,S002,P0014,Electronics,South,566,82,0,117.63,10,Sunny,0,115.98,Spring,0,94
2022-03-25,S002,P0015,Clothing,South,562,67,0,57.03,5,Sunny,0,61.31,Spring,0,58
2022-03-25,S002,P0016,Clothing,South,107,107,301,88.27,10,Sunny,1,103.0,Spring,0,127
2022-03-25,S002,P0017,Toys,South,654,114,0,19.37,20,Sunny,1,23.42,Spring,0,141
2022-03-25,S002,P0018,Clothing,South,121,73,129,25.93,15,Sunny,1,22.93,Spring,0,108
2022-03-25,S002,P0019,Clothing,South,503,133,634,80.01,20,Sunny,1,89.9,Spring,0,138
2022-03-25,S002,P0020,Furniture,South,393,59,0,108.68,20,Sunny,1,93.58,Spring,0,73
2022-03-25,S003,P0001,Toys,East,377,154,355,19.97,10,Cloudy,0,18.4,Spring,0,171
2022-03-25,S003,P0002,Groceries,East,819,126,0,47.83,25,Cloudy,1,53.03,Spring,0,138
2022-03-25,S003,P0003,Electronics,East,137,137,167,109.46,0,Cloudy,0,128.3,Spring,0,162
2022-03-25,S003,P0004,Groceries,East,248,93,0,26.18,0,Cloudy,0,25.96,Spring,0,121
2022-03-25,S003,P0005,Toys,East,281,109,0,19.72,15,Cloudy,1,23.78,Spring,0,102
2022-03-25,S003,P0006,Toys,East,220,132,0,39.78,10,Cloudy,1,44.31,Spring,0,133
2022-03-25,S003,P0007,Groceries,East,553,62,0,15.61,10,Cloudy,0,13.87,Spring,0,101
2022-03-25,S003,P0008,Clothing,East,272,65,185,124.14,0,Cloudy,0,117.74,Spring,0,101
2022-03-25,S003,P0009,Groceries,East,139,139,144,62.76,10,Cloudy,1,59.28,Spring,0,165
2022-03-25,S003,P0010,Groceries,East,224,224,346,58.42,10,Cloudy,1,70.25,Spring,0,297
2022-03-25,S003,P0011,Electronics,East,336,139,281,148.61,5,Cloudy,0,145.28,Spring,0,156
2022-03-25,S003,P0012,Furniture,East,157,67,169,98.02,15,Cloudy,1,95.17,Spring,0,105
2022-03-25,S003,P0013,Groceries,East,581,57,0,63.97,0,Cloudy,0,77.31,Spring,0,61
2022-03-25,S003,P0014,Groceries,East,537,77,0,102.31,0,Cloudy,0,98.81,Spring,0,105
2022-03-25,S003,P0015,Groceries,East,806,88,0,85.03,10,Cloudy,0,96.35,Spring,0,87
2022-03-25,S003,P0016,Electronics,East,129,123,301,93.77,15,Cloudy,1,105.46,Spring,0,125
2022-03-25,S003,P0017,Furniture,East,181,73,0,93.83,25,Cloudy,1,110.11,Spring,0,83
2022-03-25,S003,P0018,Furniture,East,12,12,0,149.7,15,Cloudy,1,171.82,Spring,0,161
2022-03-25,S003,P0019,Groceries,East,203,112,0,54.74,10,Cloudy,1,60.62,Spring,0,129
2022-03-25,S003,P0020,Clothing,East,922,136,0,63.26,20,Cloudy,1,74.67,Spring,0,115
2022-03-25,S004,P0001,Groceries,West,691,94,0,11.48,0,Cloudy,0,13.31,Spring,0,108
2022-03-25,S004,P0002,Groceries,West,509,152,0,18.94,20,Cloudy,1,21.75,Spring,0,148
2022-03-25,S004,P0003,Furniture,West,385,84,0,140.4,5,Cloudy,0,150.93,Spring,0,91
2022-03-25,S004,P0004,Groceries,West,85,85,0,58.27,5,Cloudy,0,64.36,Spring,0,141
2022-03-25,S004,P0005,Clothing,West,123,95,103,67.95,10,Cloudy,1,60.86,Spring,0,90
2022-03-25,S004,P0006,Groceries,West,243,83,0,28.96,25,Cloudy,1,27.12,Spring,0,99
2022-03-25,S004,P0007,Groceries,West,157,157,0,30.19,10,Cloudy,0,28.24,Spring,0,131
2022-03-25,S004,P0008,Furniture,West,142,45,0,77.6,10,Cloudy,0,91.6,Spring,0,39
2022-03-25,S004,P0009,Clothing,West,412,64,0,91.57,15,Cloudy,1,97.21,Spring,0,75
2022-03-25,S004,P0010,Groceries,West,917,77,0,22.41,20,Cloudy,1,23.73,Spring,0,122
2022-03-25,S004,P0011,Clothing,West,618,88,573,68.68,0,Cloudy,0,73.03,Spring,0,141
2022-03-25,S004,P0012,Electronics,West,110,110,145,124.79,10,Cloudy,1,119.0,Spring,0,138
2022-03-25,S004,P0013,Groceries,West,432,83,0,21.56,0,Cloudy,0,20.19,Spring,0,97
2022-03-25,S004,P0014,Furniture,West,123,25,0,123.19,10,Cloudy,0,134.24,Spring,0,23
2022-03-25,S004,P0015,Furniture,West,279,69,0,94.67,0,Cloudy,0,108.36,Spring,0,68
2022-03-25,S004,P0016,Furniture,West,229,124,555,131.64,20,Cloudy,1,130.81,Spring,0,165
2022-03-25,S004,P0017,Clothing,West,124,124,135,90.39,15,Cloudy,1,100.63,Spring,0,123
2022-03-25,S004,P0018,Furniture,West,143,52,71,148.95,15,Cloudy,1,144.71,Spring,0,83
2022-03-25,S004,P0019,Clothing,West,150,150,192,68.55,10,Cloudy,1,74.5,Spring,0,176
2022-03-25,S004,P0020,Furniture,West,134,57,0,111.44,15,Cloudy,1,131.56,Spring,0,74
2022-03-25,S005,P0001,Groceries,North,191,138,224,13.52,0,Cloudy,0,13.48,Spring,0,119
2022-03-25,S005,P0002,Electronics,North,267,80,0,35.24,25,Cloudy,1,32.09,Spring,0,118
2022-03-25,S005,P0003,Toys,North,104,104,135,33.03,0,Cloudy,0,36.61,Spring,0,122
2022-03-25,S005,P0004,Groceries,North,215,37,0,5.93,10,Cloudy,0,6.89,Spring,0,54
2022-03-25,S005,P0005,Groceries,North,267,131,287,17.08,10,Cloudy,1,16.5,Spring,0,130
2022-03-25,S005,P0006,Groceries,North,726,141,0,52.97,25,Cloudy,1,50.79,Spring,0,136
2022-03-25,S005,P0007,Groceries,North,299,93,264,88.43,0,Cloudy,0,95.76,Spring,0,121
2022-03-25,S005,P0008,Groceries,North,173,44,0,56.46,5,Cloudy,0,52.16,Spring,0,67
2022-03-25,S005,P0009,Groceries,North,387,128,0,96.83,20,Cloudy,1,86.99,Spring,0,158
2022-03-25,S005,P0010,Groceries,North,353,202,0,62.14,20,Cloudy,1,66.23,Spring,0,189
2022-03-25,S005,P0011,Electronics,North,492,93,0,74.45,10,Cloudy,0,79.49,Spring,0,104
2022-03-25,S005,P0012,Furniture,North,654,82,0,139.29,15,Cloudy,1,135.0,Spring,0,131
2022-03-25,S005,P0013,Groceries,North,542,57,0,66.3,10,Cloudy,0,64.25,Spring,0,80
2022-03-25,S005,P0014,Furniture,North,197,82,0,161.56,5,Cloudy,0,182.34,Spring,0,82
2022-03-25,S005,P0015,Groceries,North,149,107,268,53.45,10,Cloudy,0,52.51,Spring,0,136
2022-03-25,S005,P0016,Toys,North,668,120,0,33.84,20,Cloudy,1,37.08,Spring,0,157
2022-03-25,S005,P0017,Toys,North,180,180,228,43.74,15,Cloudy,1,49.79,Spring,0,205
2022-03-25,S005,P0018,Clothing,North,120,88,113,20.05,15,Cloudy,1,22.43,Spring,0,120
2022-03-25,S005,P0019,Furniture,North,74,50,0,119.3,10,Cloudy,1,127.47,Spring,0,61
2022-03-25,S005,P0020,Toys,North,241,206,223,30.76,25,Cloudy,1,36.9,Spring,0,193
2022-03-26,S001,P0001,Electronics,North,130,99,0,74.0,0,Cloudy,0,72.08,Spring,0,89
2022-03-26,S001,P0002,Clothing,North,155,109,200,74.41,15,Cloudy,1,70.33,Spring,0,177
2022-03-26,S001,P0003,Clothing,North,679,93,0,50.93,25,Cloudy,1,43.98,Spring,0,147
2022-03-26,S001,P0004,Electronics,North,339,62,0,108.25,0,Cloudy,0,102.89,Spring,0,80
2022-03-26,S001,P0005,Groceries,North,235,102,687,64.81,10,Cloudy,1,60.46,Spring,0,145
2022-03-26,S001,P0006,Toys,North,669,138,0,42.72,10,Cloudy,0,49.69,Spring,0,142
2022-03-26,S001,P0007,Groceries,North,478,69,0,25.05,0,Cloudy,0,27.52,Spring,0,101
2022-03-26,S001,P0008,Electronics,North,115,102,102,45.57,5,Cloudy,0,50.62,Spring,0,116
2022-03-26,S001,P0009,Clothing,North,170,163,208,104.17,15,Cloudy,1,96.91,Spring,0,187
2022-03-26,S001,P0010,Furniture,North,263,76,0,110.63,20,Cloudy,1,123.57,Spring,0,96
2022-03-26,S001,P0011,Furniture,North,142,84,0,146.77,10,Cloudy,1,169.46,Spring,0,76
2022-03-26,S001,P0012,Groceries,North,73,73,0,95.33,5,Cloudy,0,110.83,Spring,0,162
2022-03-26,S001,P0013,Toys,North,98,87,142,34.01,10,Cloudy,1,40.55,Spring,0,136
2022-03-26,S001,P0014,Groceries,North,329,103,381,72.6,10,Cloudy,0,76.87,Spring,0,130
2022-03-26,S001,P0015,Toys,North,69,69,142,18.91,0,Cloudy,0,18.21,Spring,0,130
2022-03-26,S001,P0016,Groceries,North,320,62,0,29.8,10,Cloudy,1,32.3,Spring,0,54
2022-03-26,S001,P0017,Toys,North,159,146,130,22.55,20,Cloudy,1,19.48,Spring,0,148
2022-03-26,S001,P0018,Groceries,North,173,33,0,46.62,5,Cloudy,0,50.75,Spring,0,40
2022-03-26,S001,P0019,Furniture,North,118,75,76,103.56,5,Cloudy,0,117.61,Spring,0,65
2022-03-26,S001,P0020,Furniture,North,394,46,0,88.57,25,Cloudy,1,81.59,Spring,0,58
2022-03-26,S002,P0001,Groceries,South,554,139,0,90.88,5,Cloudy,0,82.68,Spring,0,135
2022-03-26,S002,P0002,Toys,South,62,62,407,42.12,10,Cloudy,1,37.34,Spring,0,198
2022-03-26,S002,P0003,Groceries,South,488,70,0,64.67,20,Cloudy,1,68.47,Spring,0,97
2022-03-26,S002,P0004,Groceries,South,283,140,0,46.31,0,Cloudy,0,51.27,Spring,0,128
2022-03-26,S002,P0005,Electronics,South,232,108,0,72.56,25,Cloudy,1,82.64,Spring,0,109
2022-03-26,S002,P0006,Clothing,South,161,56,0,56.25,10,Cloudy,0,65.62,Spring,0,81
2022-03-26,S002,P0007,Toys,South,260,36,0,22.62,0,Cloudy,0,26.61,Spring,0,33
2022-03-26,S002,P0008,Groceries,South,109,101,130,29.96,5,Cloudy,0,25.57,Spring,0,147
2022-03-26,S002,P0009,Groceries,South,178,178,281,58.79,20,Cloudy,1,66.16,Spring,0,152
2022-03-26,S002,P0010,Groceries,South,174,139,120,88.57,15,Cloudy,1,104.5,Spring,0,150
2022-03-26,S002,P0011,Groceries,South,267,54,0,68.98,20,Cloudy,1,75.27,Spring,0,69
2022-03-26,S002,P0012,Electronics,South,441,90,0,63.97,5,Cloudy,0,74.44,Spring,0,89
2022-03-26,S002,P0013,Groceries,South,422,225,533,23.71,20,Cloudy,1,27.41,Spring,0,200
2022-03-26,S002,P0014,Electronics,South,484,85,0,117.44,0,Cloudy,0,139.95,Spring,0,77
2022-03-26,S002,P0015,Clothing,South,495,79,0,60.04,10,Cloudy,0,66.47,Spring,0,87
2022-03-26,S002,P0016,Clothing,South,0,0,0,82.33,10,Cloudy,1,75.81,Spring,0,90
2022-03-26,S002,P0017,Toys,South,540,234,798,28.61,10,Cloudy,1,25.81,Spring,0,227
2022-03-26,S002,P0018,Clothing,South,177,101,139,33.09,0,Cloudy,0,28.14,Spring,0,134
2022-03-26,S002,P0019,Clothing,South,370,157,0,93.96,5,Cloudy,0,108.25,Spring,0,134
2022-03-26,S002,P0020,Furniture,South,334,71,0,101.72,25,Cloudy,1,88.11,Spring,0,73
2022-03-26,S003,P0001,Toys,East,223,168,0,18.39,10,Sunny,0,20.31,Spring,0,159
2022-03-26,S003,P0002,Groceries,East,693,106,0,53.87,20,Sunny,1,52.81,Spring,0,139
2022-03-26,S003,P0003,Electronics,East,167,97,117,91.57,10,Sunny,1,102.72,Spring,0,136
2022-03-26,S003,P0004,Groceries,East,155,109,0,25.16,0,Sunny,0,21.63,Spring,0,108
2022-03-26,S003,P0005,Toys,East,172,172,0,23.1,15,Sunny,1,27.74,Spring,0,155
2022-03-26,S003,P0006,Toys,East,88,88,166,48.96,5,Sunny,0,41.74,Spring,0,169
2022-03-26,S003,P0007,Groceries,East,491,168,785,19.04,10,Sunny,0,22.79,Spring,0,188
2022-03-26,S003,P0008,Clothing,East,207,69,0,102.86,10,Sunny,0,113.53,Spring,0,92
2022-03-26,S003,P0009,Groceries,East,144,144,170,58.96,25,Sunny,1,51.48,Spring,0,212
2022-03-26,S003,P0010,Groceries,East,346,131,0,36.31,25,Sunny,1,32.88,Spring,0,151
2022-03-26,S003,P0011,Electronics,East,197,130,0,119.07,25,Sunny,1,113.04,Spring,0,161
2022-03-26,S003,P0012,Furniture,East,90,90,232,102.19,10,Sunny,0,97.31,Spring,0,100
2022-03-26,S003,P0013,Groceries,East,524,75,0,59.15,15,Sunny,1,69.54,Spring,0,84
2022-03-26,S003,P0014,Groceries,East,460,81,0,93.7,5,Sunny,0,83.77,Spring,0,94
2022-03-26,S003,P0015,Groceries,East,718,74,0,102.82,5,Sunny,0,99.84,Spring,0,113
2022-03-26,S003,P0016,Electronics,East,178,94,0,95.61,10,Sunny,1,102.87,Spring,0,113
2022-03-26,S003,P0017,Furniture,East,108,77,0,111.11,20,Sunny,1,128.67,Spring,0,114
2022-03-26,S003,P0018,Furniture,East,360,38,0,115.4,10,Sunny,0,128.19,Spring,0,61
2022-03-26,S003,P0019,Groceries,East,91,91,134,61.95,0,Sunny,0,65.84,Spring,0,135
2022-03-26,S003,P0020,Clothing,East,786,196,815,77.9,25,Sunny,1,87.27,Spring,0,215
2022-03-26,S004,P0001,Groceries,West,597,55,0,10.12,5,Sunny,0,10.96,Spring,0,86
2022-03-26,S004,P0002,Groceries,West,357,109,0,17.31,25,Sunny,1,19.25,Spring,0,139
2022-03-26,S004,P0003,Furniture,West,301,141,436,125.8,25,Sunny,1,132.47,Spring,0,130
2022-03-26,S004,P0004,Groceries,West,589,118,0,51.17,10,Sunny,0,59.95,Spring,0,115
2022-03-26,S004,P0005,Clothing,West,131,131,168,79.41,15,Sunny,1,88.16,Spring,0,179
2022-03-26,S004,P0006,Groceries,West,493,123,0,34.21,10,Sunny,0,37.65,Spring,0,110
2022-03-26,S004,P0007,Groceries,West,0,0,0,30.15,0,Sunny,0,34.23,Spring,0,113
2022-03-26,S004,P0008,Furniture,West,97,78,102,101.55,10,Sunny,0,121.99,Spring,0,115
2022-03-26,S004,P0009,Clothing,West,348,85,334,94.99,25,Sunny,1,104.94,Spring,0,124
2022-03-26,S004,P0010,Groceries,West,840,160,1031,31.77,20,Sunny,1,34.88,Spring,0,258
2022-03-26,S004,P0011,Clothing,West,530,117,0,55.37,15,Sunny,1,51.27,Spring,0,106
2022-03-26,S004,P0012,Electronics,West,145,127,135,124.91,10,Sunny,0,132.45,Spring,0,156
2022-03-26,S004,P0013,Groceries,West,349,120,0,18.89,15,Sunny,1,18.89,Spring,0,106
2022-03-26,S004,P0014,Furniture,West,284,54,0,177.12,0,Sunny,0,190.9,Spring,0,90
2022-03-26,S004,P0015,Furniture,West,210,129,303,101.7,10,Sunny,0,108.53,Spring,0,120
2022-03-26,S004,P0016,Furniture,West,105,79,0,93.47,25,Sunny,1,109.58,Spring,0,90
2022-03-26,S004,P0017,Clothing,West,135,91,92,81.28,20,Sunny,1,87.6,Spring,0,108
2022-03-26,S004,P0018,Furniture,West,162,68,0,173.36,0,Sunny,0,170.87,Spring,0,80
2022-03-26,S004,P0019,Clothing,West,192,121,143,67.08,5,Sunny,0,63.93,Spring,0,131
2022-03-26,S004,P0020,Furniture,West,265,153,236,154.87,10,Sunny,1,150.0,Spring,0,143
2022-03-26,S005,P0001,Groceries,North,53,53,301,14.24,0,Cloudy,0,13.1,Spring,0,136
2022-03-26,S005,P0002,Electronics,North,187,97,0,36.49,15,Cloudy,1,39.35,Spring,0,105
2022-03-26,S005,P0003,Toys,North,135,126,138,27.2,20,Cloudy,1,31.2,Spring,0,132
2022-03-26,S005,P0004,Groceries,North,178,178,179,10.33,5,Cloudy,0,8.85,Spring,0,202
2022-03-26,S005,P0005,Groceries,North,136,136,406,16.81,25,Cloudy,1,20.27,Spring,0,211
2022-03-26,S005,P0006,Groceries,North,585,99,0,55.29,5,Cloudy,0,62.96,Spring,0,91
2022-03-26,S005,P0007,Groceries,North,206,130,0,93.41,0,Cloudy,0,99.98,Spring,0,139
2022-03-26,S005,P0008,Groceries,North,129,100,116,69.15,0,Cloudy,0,61.69,Spring,0,112
2022-03-26,S005,P0009,Groceries,North,259,216,0,113.0,10,Cloudy,1,128.58,Spring,0,192
2022-03-26,S005,P0010,Groceries,North,911,266,0,77.9,15,Cloudy,1,67.16,Spring,0,236
2022-03-26,S005,P0011,Electronics,North,399,124,0,86.03,20,Cloudy,1,78.99,Spring,0,176
2022-03-26,S005,P0012,Furniture,North,572,67,0,119.25,10,Cloudy,0,119.05,Spring,0,67
2022-03-26,S005,P0013,Groceries,North,485,144,0,60.98,25,Cloudy,1,71.18,Spring,0,126
2022-03-26,S005,P0014,Furniture,North,473,35,0,145.8,5,Cloudy,0,127.63,Spring,0,41
2022-03-26,S005,P0015,Groceries,North,219,127,0,56.21,5,Cloudy,0,52.16,Spring,0,135
2022-03-26,S005,P0016,Toys,North,548,129,0,28.81,25,Cloudy,1,32.64,Spring,0,124
2022-03-26,S005,P0017,Toys,North,228,142,0,34.85,25,Cloudy,1,34.39,Spring,0,147
2022-03-26,S005,P0018,Clothing,North,145,103,127,26.95,0,Cloudy,0,25.12,Spring,0,148
2022-03-26,S005,P0019,Furniture,North,182,74,209,154.91,0,Cloudy,0,176.53,Spring,0,105
2022-03-26,S005,P0020,Toys,North,258,57,0,23.46,15,Cloudy,1,27.05,Spring,0,63
2022-03-27,S001,P0001,Electronics,North,306,111,0,65.59,10,Sunny,0,72.31,Spring,0,100
2022-03-27,S001,P0002,Clothing,North,246,124,0,71.56,0,Sunny,0,83.18,Spring,0,124
2022-03-27,S001,P0003,Clothing,North,586,63,0,42.95,15,Sunny,1,46.04,Spring,0,71
2022-03-27,S001,P0004,Electronics,North,277,151,369,110.76,20,Sunny,1,133.62,Spring,0,179
2022-03-27,S001,P0005,Groceries,North,565,150,0,69.5,0,Sunny,0,65.16,Spring,0,132
2022-03-27,S001,P0006,Toys,North,531,207,540,48.73,10,Sunny,1,56.44,Spring,0,190
2022-03-27,S001,P0007,Groceries,North,409,145,0,28.91,5,Sunny,0,25.81,Spring,0,148
2022-03-27,S001,P0008,Electronics,North,115,115,115,44.66,10,Sunny,1,43.17,Spring,0,110
2022-03-27,S001,P0009,Clothing,North,215,122,0,87.52,10,Sunny,1,99.78,Spring,0,122
2022-03-27,S001,P0010,Furniture,North,656,112,0,134.51,10,Sunny,0,119.81,Spring,0,104
2022-03-27,S001,P0011,Furniture,North,229,156,236,163.92,20,Sunny,1,158.97,Spring,0,130
2022-03-27,S001,P0012,Groceries,North,360,146,0,86.11,5,Sunny,0,99.43,Spring,0,127
2022-03-27,S001,P0013,Toys,North,153,109,177,36.94,15,Sunny,1,36.68,Spring,0,168
2022-03-27,S001,P0014,Groceries,North,226,142,0,85.92,5,Sunny,0,94.13,Spring,0,171
2022-03-27,S001,P0015,Toys,North,142,137,122,18.09,0,Sunny,0,17.21,Spring,0,116
2022-03-27,S001,P0016,Groceries,North,258,162,0,40.21,25,Sunny,1,46.58,Spring,0,214
2022-03-27,S001,P0017,Toys,North,143,70,0,19.52,5,Sunny,0,22.9,Spring,0,66
2022-03-27,S001,P0018,Groceries,North,140,101,114,52.71,25,Sunny,1,49.58,Spring,0,128
2022-03-27,S001,P0019,Furniture,North,119,54,81,110.02,5,Sunny,0,115.82,Spring,0,82
2022-03-27,S001,P0020,Furniture,North,348,115,399,121.55,10,Sunny,0,107.93,Spring,0,96
2022-03-27,S002,P0001,Groceries,South,415,187,655,104.23,0,Sunny,0,119.68,Spring,0,185
2022-03-27,S002,P0002,Toys,South,398,86,0,36.05,10,Sunny,0,35.55,Spring,0,140
2022-03-27,S002,P0003,Groceries,South,418,145,522,86.18,10,Sunny,1,101.93,Spring,0,153
2022-03-27,S002,P0004,Groceries,South,143,93,302,36.1,25,Sunny,1,31.5,Spring,0,123
2022-03-27,S002,P0005,Electronics,South,124,124,0,100.14,5,Sunny,0,118.57,Spring,0,137
2022-03-27,S002,P0006,Clothing,South,105,51,85,52.24,15,Sunny,1,56.12,Spring,0,76
2022-03-27,S002,P0007,Toys,South,749,74,0,28.11,10,Sunny,0,26.77,Spring,0,107
2022-03-27,S002,P0008,Groceries,South,138,138,197,30.47,20,Sunny,1,34.12,Spring,0,242
2022-03-27,S002,P0009,Groceries,South,0,0,303,67.35,15,Sunny,1,78.47,Spring,0,180
2022-03-27,S002,P0010,Groceries,South,155,155,226,119.45,5,Sunny,0,129.39,Spring,0,224
2022-03-27,S002,P0011,Groceries,South,213,178,654,100.46,25,Sunny,1,118.24,Spring,0,221
2022-03-27,S002,P0012,Electronics,South,351,127,0,71.04,10,Sunny,0,81.27,Spring,0,139
2022-03-27,S002,P0013,Groceries,South,197,140,0,20.49,20,Sunny,1,23.57,Spring,0,145
2022-03-27,S002,P0014,Electronics,South,399,77,407,133.92,5,Sunny,0,116.31,Spring,0,117
2022-03-27,S002,P0015,Clothing,South,416,104,458,71.39,5,Sunny,0,83.25,Spring,0,124
2022-03-27,S002,P0016,Clothing,South,301,120,362,101.8,15,Sunny,1,97.95,Spring,0,181
2022-03-27,S002,P0017,Toys,South,306,86,0,21.53,5,Sunny,0,19.37,Spring,0,103
2022-03-27,S002,P0018,Clothing,South,215,128,0,23.75,25,Sunny,1,21.4,Spring,0,120
2022-03-27,S002,P0019,Clothing,South,213,62,0,80.34,0,Sunny,0,93.13,Spring,0,71
2022-03-27,S002,P0020,Furniture,South,263,49,0,125.12,0,Sunny,0,122.58,Spring,0,51
2022-03-27,S003,P0001,Toys,East,410,108,0,18.14,5,Sunny,0,16.97,Spring,0,118
2022-03-27,S003,P0002,Groceries,East,587,148,0,64.24,10,Sunny,0,56.37,Spring,0,160
2022-03-27,S003,P0003,Electronics,East,187,142,225,106.39,10,Sunny,1,113.39,Spring,0,191
2022-03-27,S003,P0004,Groceries,East,359,170,552,25.48,15,Sunny,1,22.34,Spring,0,168
2022-03-27,S003,P0005,Toys,East,782,108,0,27.33,0,Sunny,0,29.03,Spring,0,157
2022-03-27,S003,P0006,Toys,East,166,166,223,45.9,15,Sunny,1,45.21,Spring,0,187
2022-03-27,S003,P0007,Groceries,East,323,57,0,14.67,10,Sunny,0,13.78,Spring,0,83
2022-03-27,S003,P0008,Clothing,East,323,160,242,117.29,15,Sunny,1,115.98,Spring,0,136
2022-03-27,S003,P0009,Groceries,East,170,157,161,54.38,25,Sunny,1,58.29,Spring,0,200
2022-03-27,S003,P0010,Groceries,East,215,169,192,48.72,5,Sunny,0,51.51,Spring,0,192
2022-03-27,S003,P0011,Electronics,East,348,151,337,125.54,20,Sunny,1,108.16,Spring,0,157
2022-03-27,S003,P0012,Furniture,East,169,40,0,90.86,0,Sunny,0,87.5,Spring,0,39
2022-03-27,S003,P0013,Groceries,East,449,146,0,69.5,25,Sunny,1,61.1,Spring,0,161
2022-03-27,S003,P0014,Groceries,East,379,129,518,112.52,0,Sunny,0,127.84,Spring,0,154
2022-03-27,S003,P0015,Groceries,East,644,151,0,118.7,0,Sunny,0,107.42,Spring,0,143
2022-03-27,S003,P0016,Electronics,East,385,124,328,115.26,10,Sunny,1,135.9,Spring,0,179
2022-03-27,S003,P0017,Furniture,East,732,52,0,120.96,5,Sunny,0,115.46,Spring,0,73
2022-03-27,S003,P0018,Furniture,East,1023,88,0,113.45,25,Sunny,1,136.44,Spring,0,109
2022-03-27,S003,P0019,Groceries,East,134,134,153,64.54,0,Sunny,0,63.05,Spring,0,132
2022-03-27,S003,P0020,Clothing,East,590,121,0,79.85,10,Sunny,0,73.9,Spring,0,136
2022-03-27,S004,P0001,Groceries,West,542,93,0,10.38,5,Rainy,0,12.16,Spring,0,93
2022-03-27,S004,P0002,Groceries,West,248,82,0,18.36,10,Rainy,0,22.22,Spring,0,99
2022-03-27,S004,P0003,Furniture,West,160,34,0,100.96,20,Rainy,1,91.91,Spring,0,35
2022-03-27,S004,P0004,Groceries,West,471,119,0,51.73,10,Rainy,1,50.39,Spring,0,103
2022-03-27,S004,P0005,Clothing,West,168,74,0,62.37,10,Rainy,0,55.26,Spring,0,66
2022-03-27,S004,P0006,Groceries,West,370,134,405,45.42,10,Rainy,1,44.27,Spring,0,192
2022-03-27,S004,P0007,Groceries,West,432,53,0,24.71,10,Rainy,0,28.16,Spring,0,85
2022-03-27,S004,P0008,Furniture,West,121,103,104,96.53,15,Rainy,1,88.01,Spring,0,101
2022-03-27,S004,P0009,Clothing,West,263,59,0,95.8,20,Rainy,1,92.65,Spring,0,91
2022-03-27,S004,P0010,Groceries,West,680,231,0,34.08,5,Rainy,0,29.54,Spring,0,193
2022-03-27,S004,P0011,Clothing,West,413,155,0,61.41,15,Rainy,1,55.59,Spring,0,140
2022-03-27,S004,P0012,Electronics,West,153,133,120,111.36,10,Rainy,0,117.51,Spring,0,117
2022-03-27,S004,P0013,Groceries,West,741,49,0,13.74,20,Rainy,1,16.57,Spring,0,48
2022-03-27,S004,P0014,Furniture,West,230,45,0,165.2,0,Rainy,0,175.3,Spring,0,70
2022-03-27,S004,P0015,Furniture,West,317,54,0,82.78,10,Rainy,0,99.75,Spring,0,60
2022-03-27,S004,P0016,Furniture,West,26,26,0,110.44,10,Rainy,1,95.83,Spring,0,71
2022-03-27,S004,P0017,Clothing,West,136,59,51,81.03,10,Rainy,0,71.01,Spring,0,59
2022-03-27,S004,P0018,Furniture,West,94,80,95,149.17,15,Rainy,1,147.02,Spring,0,83
2022-03-27,S004,P0019,Clothing,West,214,130,0,63.19,5,Rainy,0,53.93,Spring,0,111
2022-03-27,S004,P0020,Furniture,West,112,34,0,110.37,5,Rainy,0,122.52,Spring,0,43
2022-03-27,S005,P0001,Groceries,North,224,109,0,11.94,5,Sunny,0,11.32,Spring,0,96
2022-03-27,S005,P0002,Electronics,North,384,122,390,43.95,5,Sunny,0,39.03,Spring,0,113
2022-03-27,S005,P0003,Toys,North,147,71,113,27.61,15,Sunny,1,30.1,Spring,0,117
2022-03-27,S005,P0004,Groceries,North,179,114,119,7.48,15,Sunny,1,8.89,Spring,0,141
2022-03-27,S005,P0005,Groceries,North,287,126,0,18.09,10,Sunny,0,21.64,Spring,0,168
2022-03-27,S005,P0006,Groceries,North,486,146,842,68.32,15,Sunny,1,79.35,Spring,0,204
2022-03-27,S005,P0007,Groceries,North,340,169,316,92.56,5,Sunny,0,98.38,Spring,0,154
2022-03-27,S005,P0008,Groceries,North,145,93,0,53.44,10,Sunny,1,56.79,Spring,0,82
2022-03-27,S005,P0009,Groceries,North,507,128,656,104.28,25,Sunny,1,102.35,Spring,0,212
2022-03-27,S005,P0010,Groceries,North,645,118,0,71.21,10,Sunny,0,75.05,Spring,0,196
2022-03-27,S005,P0011,Electronics,North,275,180,0,83.85,20,Sunny,1,71.48,Spring,0,166
2022-03-27,S005,P0012,Furniture,North,505,99,0,125.56,10,Sunny,0,142.1,Spring,0,96
2022-03-27,S005,P0013,Groceries,North,341,72,333,70.8,10,Sunny,1,68.24,Spring,0,99
2022-03-27,S005,P0014,Furniture,North,438,113,0,170.2,10,Sunny,0,201.35,Spring,0,114
2022-03-27,S005,P0015,Groceries,North,360,72,0,47.83,5,Sunny,0,43.89,Spring,0,84
2022-03-27,S005,P0016,Toys,North,419,110,434,35.67,10,Sunny,1,41.51,Spring,0,134
2022-03-27,S005,P0017,Toys,North,86,86,154,40.32,10,Sunny,0,39.57,Spring,0,134
2022-03-27,S005,P0018,Clothing,North,169,169,221,25.54,20,Sunny,1,25.52,Spring,0,213
2022-03-27,S005,P0019,Furniture,North,108,73,0,147.4,5,Sunny,0,164.74,Spring,0,106
2022-03-27,S005,P0020,Toys,North,201,115,145,35.71,5,Sunny,0,34.44,Spring,0,141
2022-03-28,S001,P0001,Electronics,North,195,65,119,59.74,10,Rainy,0,51.11,Spring,0,59
2022-03-28,S001,P0002,Clothing,North,122,59,0,53.0,10,Rainy,0,50.05,Spring,0,52
2022-03-28,S001,P0003,Clothing,North,523,125,491,54.44,10,Rainy,1,58.92,Spring,0,125
2022-03-28,S001,P0004,Electronics,North,126,94,0,111.43,10,Rainy,0,98.19,Spring,0,121
2022-03-28,S001,P0005,Groceries,North,415,125,0,59.1,5,Rainy,0,69.04,Spring,0,113
2022-03-28,S001,P0006,Toys,North,324,71,0,36.76,0,Rainy,0,42.19,Spring,0,63
2022-03-28,S001,P0007,Groceries,North,1034,131,0,21.59,25,Rainy,1,24.7,Spring,0,146
2022-03-28,S001,P0008,Electronics,North,115,85,73,39.71,10,Rainy,0,43.63,Spring,0,90
2022-03-28,S001,P0009,Clothing,North,93,78,83,78.43,10,Rainy,0,71.18,Spring,0,74
2022-03-28,S001,P0010,Furniture,North,544,88,0,124.21,15,Rainy,1,108.5,Spring,0,98
2022-03-28,S001,P0011,Furniture,North,73,73,228,149.54,25,Rainy,1,139.89,Spring,0,121
2022-03-28,S001,P0012,Groceries,North,214,175,367,78.03,25,Rainy,1,68.02,Spring,0,157
2022-03-28,S001,P0013,Toys,North,221,49,0,27.35,10,Rainy,0,30.63,Spring,0,69
2022-03-28,S001,P0014,Groceries,North,84,84,343,82.19,5,Rainy,0,80.26,Spring,0,137
2022-03-28,S001,P0015,Toys,North,127,112,106,16.35,0,Rainy,0,18.86,Spring,0,100
2022-03-28,S001,P0016,Groceries,North,635,133,0,32.51,20,Rainy,1,34.69,Spring,0,112
2022-03-28,S001,P0017,Toys,North,73,71,72,19.28,10,Rainy,1,18.09,Spring,0,63
2022-03-28,S001,P0018,Groceries,North,153,60,74,52.12,10,Rainy,0,51.27,Spring,0,69
2022-03-28,S001,P0019,Furniture,North,146,37,0,91.94,10,Rainy,0,101.26,Spring,0,48
2022-03-28,S001,P0020,Furniture,North,233,57,0,103.6,10,Rainy,1,110.62,Spring,0,65
2022-03-28,S002,P0001,Groceries,South,228,80,0,79.92,10,Rainy,0,69.61,Spring,0,110
2022-03-28,S002,P0002,Toys,South,719,94,0,40.11,0,Rainy,0,37.39,Spring,0,140
2022-03-28,S002,P0003,Groceries,South,273,124,0,86.98,15,Rainy,1,81.89,Spring,0,159
2022-03-28,S002,P0004,Groceries,South,351,127,0,43.55,0,Rainy,0,47.32,Spring,0,108
2022-03-28,S002,P0005,Electronics,South,537,76,0,74.77,10,Rainy,0,84.39,Spring,0,64
2022-03-28,S002,P0006,Clothing,South,139,89,0,60.83,10,Rainy,0,57.53,Spring,0,89
2022-03-28,S002,P0007,Toys,South,675,99,0,23.61,15,Rainy,1,27.08,Spring,0,87
2022-03-28,S002,P0008,Groceries,South,197,56,0,22.22,5,Rainy,0,23.47,Spring,0,70
2022-03-28,S002,P0009,Groceries,South,281,117,0,71.73,0,Rainy,0,64.43,Spring,0,126
2022-03-28,S002,P0010,Groceries,South,226,42,0,60.1,25,Rainy,1,53.53,Spring,0,55
2022-03-28,S002,P0011,Groceries,South,378,100,0,83.6,15,Rainy,1,80.18,Spring,0,92
2022-03-28,S002,P0012,Electronics,South,224,139,0,60.8,20,Rainy,1,67.66,Spring,0,126
2022-03-28,S002,P0013,Groceries,South,57,57,0,24.03,5,Rainy,0,22.43,Spring,0,123
2022-03-28,S002,P0014,Electronics,South,322,49,0,122.47,0,Rainy,0,117.6,Spring,0,75
2022-03-28,S002,P0015,Clothing,South,312,93,0,68.76,0,Rainy,0,73.97,Spring,0,96
2022-03-28,S002,P0016,Clothing,South,181,73,0,75.62,15,Rainy,1,84.11,Spring,0,97
2022-03-28,S002,P0017,Toys,South,220,201,0,24.59,10,Rainy,1,28.96,Spring,0,186
2022-03-28,S002,P0018,Clothing,South,87,40,50,22.28,5,Rainy,0,19.67,Spring,0,35
2022-03-28,S002,P0019,Clothing,South,151,21,0,67.84,0,Rainy,0,78.34,Spring,0,28
2022-03-28,S002,P0020,Furniture,South,214,137,403,148.45,10,Rainy,1,144.55,Spring,0,133
2022-03-28,S003,P0001,Toys,East,302,86,296,18.68,5,Rainy,0,17.0,Spring,0,128
2022-03-28,S003,P0002,Groceries,East,439,121,372,60.3,0,Rainy,0,64.05,Spring,0,120
2022-03-28,S003,P0003,Electronics,East,270,142,0,79.86,20,Rainy,1,87.42,Spring,0,130
2022-03-28,S003,P0004,Groceries,East,189,83,0,21.69,5,Rainy,0,20.68,Spring,0,79
2022-03-28,S003,P0005,Toys,East,674,122,0,22.62,5,Rainy,0,24.05,Spring,0,110
2022-03-28,S003,P0006,Toys,East,223,145,0,44.35,5,Rainy,0,38.24,Spring,0,134
2022-03-28,S003,P0007,Groceries,East,266,107,0,15.47,20,Rainy,1,18.64,Spring,0,154
2022-03-28,S003,P0008,Clothing,East,163,116,0,119.56,10,Rainy,0,109.64,Spring,0,123
2022-03-28,S003,P0009,Groceries,East,174,76,0,57.98,5,Rainy,0,50.61,Spring,0,119
2022-03-28,S003,P0010,Groceries,East,238,194,167,46.98,10,Rainy,1,46.63,Spring,0,179
2022-03-28,S003,P0011,Electronics,East,197,132,0,101.88,25,Rainy,1,114.38,Spring,0,125
2022-03-28,S003,P0012,Furniture,East,361,64,0,88.26,15,Rainy,1,77.47,Spring,0,74
2022-03-28,S003,P0013,Groceries,East,932,93,0,83.33,0,Rainy,0,83.0,Spring,0,124
2022-03-28,S003,P0014,Groceries,East,250,129,0,89.06,10,Rainy,0,105.86,Spring,0,110
2022-03-28,S003,P0015,Groceries,East,493,15,0,64.69,10,Rainy,0,78.22,Spring,0,17
2022-03-28,S003,P0016,Electronics,East,261,148,0,109.09,25,Rainy,1,107.66,Spring,0,209
2022-03-28,S003,P0017,Furniture,East,680,137,0,119.83,15,Rainy,1,129.35,Spring,0,119
2022-03-28,S003,P0018,Furniture,East,935,94,0,139.04,10,Rainy,0,135.81,Spring,0,100
2022-03-28,S003,P0019,Groceries,East,153,125,142,56.48,10,Rainy,0,66.56,Spring,0,140
2022-03-28,S003,P0020,Clothing,East,469,62,0,62.16,20,Rainy,1,61.7,Spring,0,93
2022-03-28,S004,P0001,Groceries,West,1084,128,0,10.84,10,Rainy,0,10.14,Spring,0,107
2022-03-28,S004,P0002,Groceries,West,166,107,297,22.23,0,Rainy,0,24.51,Spring,0,127
2022-03-28,S004,P0003,Furniture,West,126,37,0,100.51,20,Rainy,1,117.32,Spring,0,46
2022-03-28,S004,P0004,Groceries,West,352,77,296,60.4,0,Rainy,0,56.29,Spring,0,118
2022-03-28,S004,P0005,Clothing,West,94,44,73,67.11,0,Rainy,0,72.99,Spring,0,71
2022-03-28,S004,P0006,Groceries,West,236,78,0,35.16,5,Rainy,0,34.8,Spring,0,86
2022-03-28,S004,P0007,Groceries,West,1516,117,0,23.42,20,Rainy,1,26.58,Spring,0,104
2022-03-28,S004,P0008,Furniture,West,122,46,0,90.64,0,Rainy,0,103.89,Spring,0,52
2022-03-28,S004,P0009,Clothing,West,204,125,0,122.43,5,Rainy,0,113.76,Spring,0,113
2022-03-28,S004,P0010,Groceries,West,449,147,0,26.69,25,Rainy,1,23.22,Spring,0,190
2022-03-28,S004,P0011,Clothing,West,258,95,0,57.4,10,Rainy,1,63.2,Spring,0,116
2022-03-28,S004,P0012,Electronics,West,140,124,110,98.74,20,Rainy,1,113.02,Spring,0,116
2022-03-28,S004,P0013,Groceries,West,692,104,0,22.58,0,Rainy,0,20.41,Spring,0,111
2022-03-28,S004,P0014,Furniture,West,185,59,161,160.3,5,Rainy,0,186.15,Spring,0,76
2022-03-28,S004,P0015,Furniture,West,263,61,0,94.42,0,Rainy,0,89.79,Spring,0,53
2022-03-28,S004,P0016,Furniture,West,555,80,0,105.29,15,Rainy,1,126.05,Spring,0,88
2022-03-28,S004,P0017,Clothing,West,128,112,111,91.95,10,Rainy,1,84.41,Spring,0,94
2022-03-28,S004,P0018,Furniture,West,109,82,72,157.77,10,Rainy,0,150.45,Spring,0,83
2022-03-28,S004,P0019,Clothing,West,84,82,112,58.07,5,Rainy,0,66.92,Spring,0,101
2022-03-28,S004,P0020,Furniture,West,314,90,0,103.87,25,Rainy,1,124.19,Spring,0,90
2022-03-28,S005,P0001,Groceries,North,416,61,0,10.05,10,Rainy,0,9.34,Spring,0,62
2022-03-28,S005,P0002,Electronics,North,262,103,0,39.45,10,Rainy,0,39.16,Spring,0,96
2022-03-28,S005,P0003,Toys,North,189,112,87,29.14,10,Rainy,1,24.96,Spring,0,100
2022-03-28,S005,P0004,Groceries,North,184,170,135,9.52,0,Rainy,0,8.3,Spring,0,151
2022-03-28,S005,P0005,Groceries,North,567,92,0,17.04,0,Rainy,0,14.76,Spring,0,95
2022-03-28,S005,P0006,Groceries,North,340,108,0,68.1,10,Rainy,0,62.17,Spring,0,161
2022-03-28,S005,P0007,Groceries,North,171,123,0,66.7,25,Rainy,1,72.44,Spring,0,123
2022-03-28,S005,P0008,Groceries,North,52,52,117,62.26,10,Rainy,0,69.76,Spring,0,129
2022-03-28,S005,P0009,Groceries,North,379,43,0,74.74,5,Rainy,0,81.68,Spring,0,44
2022-03-28,S005,P0010,Groceries,North,527,145,516,72.32,10,Rainy,1,67.02,Spring,0,182
2022-03-28,S005,P0011,Electronics,North,843,79,0,60.32,20,Rainy,1,72.73,Spring,0,76
2022-03-28,S005,P0012,Furniture,North,406,36,0,91.24,25,Rainy,1,100.91,Spring,0,58
2022-03-28,S005,P0013,Groceries,North,269,62,0,67.62,10,Rainy,0,59.82,Spring,0,85
2022-03-28,S005,P0014,Furniture,North,325,72,0,167.02,0,Rainy,0,176.92,Spring,0,77
2022-03-28,S005,P0015,Groceries,North,288,43,0,43.3,10,Rainy,0,41.93,Spring,0,71
2022-03-28,S005,P0016,Toys,North,309,102,0,39.54,10,Rainy,1,35.05,Spring,0,152
2022-03-28,S005,P0017,Toys,North,154,67,87,27.54,25,Rainy,1,29.64,Spring,0,88
2022-03-28,S005,P0018,Clothing,North,221,82,0,19.86,10,Rainy,0,18.18,Spring,0,84
2022-03-28,S005,P0019,Furniture,North,244,56,0,147.32,0,Rainy,0,136.51,Spring,0,76
2022-03-28,S005,P0020,Toys,North,231,108,0,29.15,15,Rainy,1,32.45,Spring,0,128
2022-03-29,S001,P0001,Electronics,North,130,130,342,83.15,5,Sunny,0,90.6,Spring,0,161
2022-03-29,S001,P0002,Clothing,North,63,63,166,67.96,10,Sunny,0,71.82,Spring,0,142
2022-03-29,S001,P0003,Clothing,North,398,165,0,59.83,5,Sunny,0,71.06,Spring,0,138
2022-03-29,S001,P0004,Electronics,North,401,105,0,113.73,0,Sunny,0,101.33,Spring,0,95
2022-03-29,S001,P0005,Groceries,North,290,54,0,55.25,0,Sunny,0,61.93,Spring,0,77
2022-03-29,S001,P0006,Toys,North,253,148,0,43.92,10,Sunny,0,42.76,Spring,0,134
2022-03-29,S001,P0007,Groceries,North,903,81,0,24.1,0,Sunny,0,21.11,Spring,0,74
2022-03-29,S001,P0008,Electronics,North,103,103,144,53.65,5,Sunny,0,47.3,Spring,0,153
2022-03-29,S001,P0009,Clothing,North,98,98,173,99.11,5,Sunny,0,105.03,Spring,0,146
2022-03-29,S001,P0010,Furniture,North,456,75,503,145.56,5,Sunny,0,144.22,Spring,0,112
2022-03-29,S001,P0011,Furniture,North,236,103,0,187.74,0,Sunny,0,164.48,Spring,0,102
2022-03-29,S001,P0012,Groceries,North,39,39,0,90.32,10,Sunny,0,85.25,Spring,0,144
2022-03-29,S001,P0013,Toys,North,172,172,172,43.33,5,Sunny,0,39.97,Spring,0,186
2022-03-29,S001,P0014,Groceries,North,381,39,0,58.39,10,Sunny,0,69.91,Spring,0,65
2022-03-29,S001,P0015,Toys,North,121,81,125,17.74,0,Sunny,0,19.07,Spring,0,126
2022-03-29,S001,P0016,Groceries,North,502,125,645,50.71,5,Sunny,0,44.99,Spring,0,191
2022-03-29,S001,P0017,Toys,North,74,69,67,18.28,10,Sunny,0,21.6,Spring,0,63
2022-03-29,S001,P0018,Groceries,North,167,84,126,63.44,0,Sunny,0,74.1,Spring,0,111
2022-03-29,S001,P0019,Furniture,North,109,60,59,106.52,5,Sunny,0,125.52,Spring,0,73
2022-03-29,S001,P0020,Furniture,North,176,32,0,112.11,0,Sunny,0,105.08,Spring,0,45
2022-03-29,S002,P0001,Groceries,South,148,113,0,77.27,5,Cloudy,0,81.77,Spring,0,99
2022-03-29,S002,P0002,Toys,South,625,126,0,33.0,10,Cloudy,0,30.84,Spring,0,111
2022-03-29,S002,P0003,Groceries,South,149,140,0,90.8,10,Cloudy,0,88.5,Spring,0,153
2022-03-29,S002,P0004,Groceries,South,224,74,0,42.03,10,Cloudy,0,38.31,Spring,0,114
2022-03-29,S002,P0005,Electronics,South,461,143,585,106.08,5,Cloudy,0,94.59,Spring,0,139
2022-03-29,S002,P0006,Clothing,South,50,50,122,75.77,0,Cloudy,0,65.56,Spring,0,124
2022-03-29,S002,P0007,Toys,South,576,85,0,27.53,0,Cloudy,0,33.17,Spring,0,85
2022-03-29,S002,P0008,Groceries,South,141,58,0,22.64,5,Cloudy,0,26.29,Spring,0,75
2022-03-29,S002,P0009,Groceries,South,467,67,0,65.93,0,Cloudy,0,56.5,Spring,0,99
2022-03-29,S002,P0010,Groceries,South,184,139,168,112.03,0,Cloudy,0,99.91,Spring,0,158
2022-03-29,S002,P0011,Groceries,South,278,124,0,96.24,10,Cloudy,0,111.91,Spring,0,135
2022-03-29,S002,P0012,Electronics,South,622,166,560,75.32,5,Cloudy,0,81.47,Spring,0,141
2022-03-29,S002,P0013,Groceries,South,533,78,0,23.03,0,Cloudy,0,25.95,Spring,0,109
2022-03-29,S002,P0014,Electronics,South,273,98,0,113.17,10,Cloudy,0,104.79,Spring,0,82
2022-03-29,S002,P0015,Clothing,South,219,51,0,69.92,0,Cloudy,0,64.96,Spring,0,86
2022-03-29,S002,P0016,Clothing,South,470,18,0,65.59,5,Cloudy,0,56.1,Spring,0,17
2022-03-29,S002,P0017,Toys,South,817,54,0,18.07,10,Cloudy,0,20.49,Spring,0,82
2022-03-29,S002,P0018,Clothing,South,97,97,121,33.2,0,Cloudy,0,32.73,Spring,0,135
2022-03-29,S002,P0019,Clothing,South,764,100,0,84.23,5,Cloudy,0,74.83,Spring,0,84
2022-03-29,S002,P0020,Furniture,South,77,77,0,143.31,0,Cloudy,0,158.81,Spring,0,104
2022-03-29,S003,P0001,Toys,East,216,87,0,16.47,5,Cloudy,0,19.49,Spring,0,104
2022-03-29,S003,P0002,Groceries,East,318,40,0,49.81,5,Cloudy,0,46.81,Spring,0,63
2022-03-29,S003,P0003,Electronics,East,128,78,79,87.62,0,Cloudy,0,87.62,Spring,0,74
2022-03-29,S003,P0004,Groceries,East,106,106,0,25.17,10,Cloudy,0,23.54,Spring,0,143
2022-03-29,S003,P0005,Toys,East,552,93,0,23.92,0,Cloudy,0,21.02,Spring,0,96
2022-03-29,S003,P0006,Toys,East,78,78,154,47.08,0,Cloudy,0,43.79,Spring,0,137
2022-03-29,S003,P0007,Groceries,East,159,69,0,15.36,0,Cloudy,0,18.47,Spring,0,81
2022-03-29,S003,P0008,Clothing,East,289,70,188,128.95,0,Cloudy,0,117.82,Spring,0,113
2022-03-29,S003,P0009,Groceries,East,98,84,98,53.16,10,Cloudy,0,45.21,Spring,0,109
2022-03-29,S003,P0010,Groceries,East,211,62,0,33.93,5,Cloudy,0,30.54,Spring,0,57
2022-03-29,S003,P0011,Electronics,East,402,124,0,143.59,0,Cloudy,0,134.74,Spring,0,126
2022-03-29,S003,P0012,Furniture,East,297,45,0,92.31,0,Cloudy,0,108.45,Spring,0,56
2022-03-29,S003,P0013,Groceries,East,839,163,0,94.69,0,Cloudy,0,82.36,Spring,0,169
2022-03-29,S003,P0014,Groceries,East,121,121,0,111.15,5,Cloudy,0,100.46,Spring,0,149
2022-03-29,S003,P0015,Groceries,East,478,100,486,97.06,10,Cloudy,0,117.5,Spring,0,128
2022-03-29,S003,P0016,Electronics,East,441,107,0,100.65,10,Cloudy,0,100.55,Spring,0,113
2022-03-29,S003,P0017,Furniture,East,543,103,0,118.76,10,Cloudy,0,128.5,Spring,0,98
2022-03-29,S003,P0018,Furniture,East,841,76,0,152.1,0,Cloudy,0,146.09,Spring,0,95
2022-03-29,S003,P0019,Groceries,East,170,59,0,52.82,0,Cloudy,0,62.24,Spring,0,85
2022-03-29,S003,P0020,Clothing,East,407,141,0,94.0,0,Cloudy,0,85.04,Spring,0,156
2022-03-29,S004,P0001,Groceries,West,956,109,0,11.46,0,Rainy,0,10.62,Spring,0,92
2022-03-29,S004,P0002,Groceries,West,59,59,0,16.07,10,Rainy,0,18.35,Spring,0,62
2022-03-29,S004,P0003,Furniture,West,525,60,0,139.48,10,Rainy,0,128.95,Spring,0,89
2022-03-29,S004,P0004,Groceries,West,275,120,0,58.29,10,Rainy,0,53.1,Spring,0,142
2022-03-29,S004,P0005,Clothing,West,123,65,87,68.72,5,Rainy,0,62.84,Spring,0,78
2022-03-29,S004,P0006,Groceries,West,563,128,0,38.96,5,Rainy,0,33.8,Spring,0,118
2022-03-29,S004,P0007,Groceries,West,1399,94,0,27.12,5,Rainy,0,25.53,Spring,0,81
2022-03-29,S004,P0008,Furniture,West,76,54,53,85.11,10,Rainy,0,83.75,Spring,0,50
2022-03-29,S004,P0009,Clothing,West,413,43,0,102.34,5,Rainy,0,101.74,Spring,0,61
2022-03-29,S004,P0010,Groceries,West,302,133,0,29.39,10,Rainy,0,26.64,Spring,0,157
2022-03-29,S004,P0011,Clothing,West,736,117,0,69.6,0,Rainy,0,64.51,Spring,0,128
2022-03-29,S004,P0012,Electronics,West,126,106,95,121.57,0,Rainy,0,109.22,Spring,0,96
2022-03-29,S004,P0013,Groceries,West,588,151,0,22.69,0,Rainy,0,26.2,Spring,0,129
2022-03-29,S004,P0014,Furniture,West,126,56,0,153.13,0,Rainy,0,170.55,Spring,0,50
2022-03-29,S004,P0015,Furniture,West,505,42,0,90.51,5,Rainy,0,83.06,Spring,0,56
2022-03-29,S004,P0016,Furniture,West,475,49,0,109.9,10,Rainy,0,101.71,Spring,0,70
2022-03-29,S004,P0017,Clothing,West,127,117,121,99.56,5,Rainy,0,97.02,Spring,0,102
2022-03-29,S004,P0018,Furniture,West,99,38,50,129.11,10,Rainy,0,154.29,Spring,0,43
2022-03-29,S004,P0019,Clothing,West,114,70,86,60.46,5,Rainy,0,53.16,Spring,0,98
2022-03-29,S004,P0020,Furniture,West,224,73,0,119.36,10,Rainy,0,102.0,Spring,0,64
2022-03-29,S005,P0001,Groceries,North,355,133,0,12.81,0,Sunny,0,14.54,Spring,0,118
2022-03-29,S005,P0002,Electronics,North,159,159,576,55.58,0,Sunny,0,49.01,Spring,0,177
2022-03-29,S005,P0003,Toys,North,164,85,94,31.87,0,Sunny,0,29.34,Spring,0,95
2022-03-29,S005,P0004,Groceries,North,149,137,102,7.72,5,Sunny,0,9.22,Spring,0,115
2022-03-29,S005,P0005,Groceries,North,475,101,0,15.59,10,Sunny,0,16.7,Spring,0,116
2022-03-29,S005,P0006,Groceries,North,232,130,0,66.99,0,Sunny,0,80.25,Spring,0,136
2022-03-29,S005,P0007,Groceries,North,364,88,0,92.55,0,Sunny,0,80.4,Spring,0,119
2022-03-29,S005,P0008,Groceries,North,117,89,174,68.78,10,Sunny,0,68.24,Spring,0,145
2022-03-29,S005,P0009,Groceries,North,336,180,0,121.81,5,Sunny,0,119.65,Spring,0,180
2022-03-29,S005,P0010,Groceries,North,382,124,0,73.87,5,Sunny,0,65.03,Spring,0,169
2022-03-29,S005,P0011,Electronics,North,764,76,0,69.19,5,Sunny,0,82.3,Spring,0,67
2022-03-29,S005,P0012,Furniture,North,370,88,350,136.96,0,Sunny,0,157.97,Spring,0,91
2022-03-29,S005,P0013,Groceries,North,207,69,0,67.43,10,Sunny,0,74.25,Spring,0,100
2022-03-29,S005,P0014,Furniture,North,253,87,249,182.18,0,Sunny,0,218.6,Spring,0,102
2022-03-29,S005,P0015,Groceries,North,245,102,270,61.69,0,Sunny,0,54.59,Spring,0,149
2022-03-29,S005,P0016,Toys,North,207,74,0,34.79,0,Sunny,0,40.04,Spring,0,93
2022-03-29,S005,P0017,Toys,North,174,174,198,44.95,10,Sunny,0,39.4,Spring,0,173
2022-03-29,S005,P0018,Clothing,North,139,102,0,20.0,10,Sunny,0,19.11,Spring,0,86
2022-03-29,S005,P0019,Furniture,North,188,117,248,147.97,5,Sunny,0,169.32,Spring,0,107
2022-03-29,S005,P0020,Toys,North,123,99,135,35.3,5,Sunny,0,35.13,Spring,0,137
2022-03-30,S001,P0001,Electronics,North,119,73,0,61.77,10,Cloudy,0,74.22,Spring,0,82
2022-03-30,S001,P0002,Clothing,North,166,141,155,78.4,5,Cloudy,0,70.42,Spring,0,155
2022-03-30,S001,P0003,Clothing,North,233,115,711,68.22,0,Cloudy,0,74.61,Spring,0,167
2022-03-30,S001,P0004,Electronics,North,296,136,235,110.0,10,Cloudy,0,132.72,Spring,0,134
2022-03-30,S001,P0005,Groceries,North,923,63,0,54.63,10,Cloudy,0,53.1,Spring,0,90
2022-03-30,S001,P0006,Toys,North,645,57,0,37.8,5,Cloudy,0,36.92,Spring,0,71
2022-03-30,S001,P0007,Groceries,North,822,87,0,25.78,5,Cloudy,0,22.99,Spring,0,109
2022-03-30,S001,P0008,Electronics,North,144,57,0,37.88,5,Cloudy,0,42.02,Spring,0,61
2022-03-30,S001,P0009,Clothing,North,173,114,119,107.08,0,Cloudy,0,95.49,Spring,0,137
2022-03-30,S001,P0010,Furniture,North,381,97,0,131.4,5,Cloudy,0,127.76,Spring,0,81
2022-03-30,S001,P0011,Furniture,North,361,35,0,147.88,0,Cloudy,0,171.39,Spring,0,50
2022-03-30,S001,P0012,Groceries,North,367,152,0,96.52,0,Cloudy,0,92.35,Spring,0,131
2022-03-30,S001,P0013,Toys,North,172,78,103,33.31,10,Cloudy,0,30.54,Spring,0,112
2022-03-30,S001,P0014,Groceries,North,342,52,0,69.09,0,Cloudy,0,62.35,Spring,0,68
2022-03-30,S001,P0015,Toys,North,165,138,180,17.41,10,Cloudy,0,19.09,Spring,0,156
2022-03-30,S001,P0016,Groceries,North,377,97,0,41.82,0,Cloudy,0,46.65,Spring,0,121
2022-03-30,S001,P0017,Toys,North,72,72,94,24.34,5,Cloudy,0,23.95,Spring,0,116
2022-03-30,S001,P0018,Groceries,North,209,97,0,59.76,5,Cloudy,0,68.01,Spring,0,109
2022-03-30,S001,P0019,Furniture,North,108,106,92,107.99,10,Cloudy,0,122.54,Spring,0,92
2022-03-30,S001,P0020,Furniture,North,144,67,0,111.69,10,Cloudy,0,132.05,Spring,0,86
2022-03-30,S002,P0001,Groceries,South,690,100,0,80.05,5,Cloudy,0,86.74,Spring,0,110
2022-03-30,S002,P0002,Toys,South,499,130,0,36.33,10,Cloudy,0,31.73,Spring,0,142
2022-03-30,S002,P0003,Groceries,South,531,172,0,90.77,5,Cloudy,0,96.06,Spring,0,152
2022-03-30,S002,P0004,Groceries,South,452,229,614,52.43,10,Cloudy,0,47.36,Spring,0,192
2022-03-30,S002,P0005,Electronics,South,318,113,0,95.83,0,Cloudy,0,106.66,Spring,0,106
2022-03-30,S002,P0006,Clothing,South,122,72,0,59.66,5,Cloudy,0,57.91,Spring,0,68
2022-03-30,S002,P0007,Toys,South,491,128,0,28.56,5,Cloudy,0,32.87,Spring,0,111
2022-03-30,S002,P0008,Groceries,South,83,83,138,27.26,5,Cloudy,0,25.68,Spring,0,115
2022-03-30,S002,P0009,Groceries,South,400,74,0,55.33,10,Cloudy,0,52.59,Spring,0,79
2022-03-30,S002,P0010,Groceries,South,213,102,0,88.44,10,Cloudy,0,81.3,Spring,0,113
2022-03-30,S002,P0011,Groceries,South,808,90,0,88.28,5,Cloudy,0,100.14,Spring,0,91
2022-03-30,S002,P0012,Electronics,South,456,113,0,66.64,10,Cloudy,0,61.72,Spring,0,102
2022-03-30,S002,P0013,Groceries,South,455,133,0,22.63,10,Cloudy,0,22.38,Spring,0,121
2022-03-30,S002,P0014,Electronics,South,175,73,0,110.83,5,Cloudy,0,106.71,Spring,0,61
2022-03-30,S002,P0015,Clothing,South,168,64,0,63.15,5,Cloudy,0,55.86,Spring,0,71
2022-03-30,S002,P0016,Clothing,South,452,75,0,78.49,10,Cloudy,0,67.12,Spring,0,76
2022-03-30,S002,P0017,Toys,South,763,71,0,22.6,0,Cloudy,0,26.61,Spring,0,118
2022-03-30,S002,P0018,Clothing,South,121,67,96,27.65,5,Cloudy,0,31.45,Spring,0,109
2022-03-30,S002,P0019,Clothing,South,664,36,0,69.63,5,Cloudy,0,84.02,Spring,0,46
2022-03-30,S002,P0020,Furniture,South,0,0,0,110.19,10,Cloudy,0,121.05,Spring,0,59
2022-03-30,S003,P0001,Toys,East,425,111,0,18.75,0,Cloudy,0,16.49,Spring,0,113
2022-03-30,S003,P0002,Groceries,East,278,145,0,62.06,5,Cloudy,0,67.23,Spring,0,147
2022-03-30,S003,P0003,Electronics,East,129,102,85,97.09,0,Cloudy,0,96.55,Spring,0,104
2022-03-30,S003,P0004,Groceries,East,552,35,0,18.19,5,Cloudy,0,16.07,Spring,0,33
2022-03-30,S003,P0005,Toys,East,459,46,0,18.49,5,Cloudy,0,18.29,Spring,0,40
2022-03-30,S003,P0006,Toys,East,154,107,137,44.4,5,Cloudy,0,40.9,Spring,0,135
2022-03-30,S003,P0007,Groceries,East,875,148,0,19.26,0,Cloudy,0,16.89,Spring,0,135
2022-03-30,S003,P0008,Clothing,East,219,51,0,96.63,5,Cloudy,0,102.33,Spring,0,59
2022-03-30,S003,P0009,Groceries,East,112,66,97,51.38,5,Cloudy,0,48.79,Spring,0,82
2022-03-30,S003,P0010,Groceries,East,149,109,145,40.59,5,Cloudy,0,43.67,Spring,0,125
2022-03-30,S003,P0011,Electronics,East,278,106,0,113.32,10,Cloudy,0,127.67,Spring,0,101
2022-03-30,S003,P0012,Furniture,East,252,44,0,91.71,5,Cloudy,0,88.65,Spring,0,55
2022-03-30,S003,P0013,Groceries,East,676,143,0,80.9,0,Cloudy,0,94.06,Spring,0,131
2022-03-30,S003,P0014,Groceries,East,518,127,0,101.84,0,Cloudy,0,107.52,Spring,0,120
2022-03-30,S003,P0015,Groceries,East,378,93,0,109.02,5,Cloudy,0,114.78,Spring,0,150
2022-03-30,S003,P0016,Electronics,East,334,89,0,110.88,0,Cloudy,0,103.38,Spring,0,110
2022-03-30,S003,P0017,Furniture,East,440,58,0,131.12,0,Cloudy,0,122.57,Spring,0,81
2022-03-30,S003,P0018,Furniture,East,765,54,0,127.79,10,Cloudy,0,147.78,Spring,0,90
2022-03-30,S003,P0019,Groceries,East,111,103,80,56.17,0,Cloudy,0,51.12,Spring,0,88
2022-03-30,S003,P0020,Clothing,East,1081,109,0,68.11,10,Cloudy,0,72.48,Spring,0,101
2022-03-30,S004,P0001,Groceries,West,847,92,0,10.21,10,Rainy,0,12.22,Spring,0,105
2022-03-30,S004,P0002,Groceries,West,297,113,0,19.78,10,Rainy,0,19.67,Spring,0,107
2022-03-30,S004,P0003,Furniture,West,465,33,0,119.75,5,Rainy,0,118.26,Spring,0,35
2022-03-30,S004,P0004,Groceries,West,155,84,0,50.27,5,Rainy,0,58.99,Spring,0,93
2022-03-30,S004,P0005,Clothing,West,145,90,94,75.65,0,Rainy,0,73.07,Spring,0,91
2022-03-30,S004,P0006,Groceries,West,435,150,0,36.54,10,Rainy,0,41.9,Spring,0,131
2022-03-30,S004,P0007,Groceries,West,1305,65,0,25.72,0,Rainy,0,29.53,Spring,0,66
2022-03-30,S004,P0008,Furniture,West,75,38,69,89.51,10,Rainy,0,88.32,Spring,0,63
2022-03-30,S004,P0009,Clothing,West,370,30,0,90.76,0,Rainy,0,108.26,Spring,0,31
2022-03-30,S004,P0010,Groceries,West,1200,104,0,28.5,5,Rainy,0,30.59,Spring,0,145
2022-03-30,S004,P0011,Clothing,West,619,86,0,53.72,10,Rainy,0,50.21,Spring,0,80
2022-03-30,S004,P0012,Electronics,West,115,79,76,116.81,0,Rainy,0,108.08,Spring,0,84
2022-03-30,S004,P0013,Groceries,West,437,150,563,22.34,10,Rainy,0,26.73,Spring,0,161
2022-03-30,S004,P0014,Furniture,West,231,23,0,135.61,10,Rainy,0,129.5,Spring,0,34
2022-03-30,S004,P0015,Furniture,West,463,42,0,91.6,5,Rainy,0,82.12,Spring,0,59
2022-03-30,S004,P0016,Furniture,West,426,58,0,97.51,10,Rainy,0,115.56,Spring,0,52
2022-03-30,S004,P0017,Clothing,West,131,71,65,85.83,5,Rainy,0,99.91,Spring,0,73
2022-03-30,S004,P0018,Furniture,West,111,54,89,148.76,10,Rainy,0,158.15,Spring,0,81
2022-03-30,S004,P0019,Clothing,West,130,130,149,63.82,5,Rainy,0,73.62,Spring,0,131
2022-03-30,S004,P0020,Furniture,West,151,58,131,118.13,10,Rainy,0,107.88,Spring,0,61
2022-03-30,S005,P0001,Groceries,North,222,61,0,10.97,10,Cloudy,0,10.23,Spring,0,87
2022-03-30,S005,P0002,Electronics,North,390,60,0,32.22,10,Cloudy,0,38.92,Spring,0,54
2022-03-30,S005,P0003,Toys,North,173,69,99,29.47,0,Cloudy,0,33.55,Spring,0,87
2022-03-30,S005,P0004,Groceries,North,114,112,125,8.61,0,Cloudy,0,10.05,Spring,0,134
2022-03-30,S005,P0005,Groceries,North,374,122,0,18.79,0,Cloudy,0,20.75,Spring,0,144
2022-03-30,S005,P0006,Groceries,North,102,94,0,53.65,5,Cloudy,0,63.56,Spring,0,82
2022-03-30,S005,P0007,Groceries,North,276,93,0,82.68,0,Cloudy,0,89.01,Spring,0,100
2022-03-30,S005,P0008,Groceries,North,202,74,0,51.71,10,Cloudy,0,56.84,Spring,0,72
2022-03-30,S005,P0009,Groceries,North,812,61,0,83.61,10,Cloudy,0,79.35,Spring,0,74
2022-03-30,S005,P0010,Groceries,North,258,92,0,62.43,5,Cloudy,0,62.14,Spring,0,111
2022-03-30,S005,P0011,Electronics,North,688,104,0,75.01,10,Cloudy,0,70.79,Spring,0,90
2022-03-30,S005,P0012,Furniture,North,282,64,0,116.13,5,Cloudy,0,122.58,Spring,0,59
2022-03-30,S005,P0013,Groceries,North,471,179,532,91.64,5,Cloudy,0,90.57,Spring,0,168
2022-03-30,S005,P0014,Furniture,North,166,35,0,142.11,5,Cloudy,0,170.59,Spring,0,47
2022-03-30,S005,P0015,Groceries,North,143,61,0,46.72,10,Cloudy,0,41.49,Spring,0,93
2022-03-30,S005,P0016,Toys,North,567,112,0,39.31,0,Cloudy,0,46.88,Spring,0,132
2022-03-30,S005,P0017,Toys,North,198,197,212,43.54,10,Cloudy,0,48.78,Spring,0,180
2022-03-30,S005,P0018,Clothing,North,37,37,104,23.56,0,Cloudy,0,21.14,Spring,0,103
2022-03-30,S005,P0019,Furniture,North,71,71,0,146.7,0,Cloudy,0,133.06,Spring,0,74
2022-03-30,S005,P0020,Toys,North,159,129,140,35.47,10,Cloudy,0,34.42,Spring,0,158
2022-03-31,S001,P0001,Electronics,North,388,121,0,69.04,10,Rainy,0,83.43,Spring,0,116
2022-03-31,S001,P0002,Clothing,North,180,110,136,76.89,0,Rainy,0,85.89,Spring,0,149
2022-03-31,S001,P0003,Clothing,North,118,59,0,48.24,5,Rainy,0,53.53,Spring,0,72
2022-03-31,S001,P0004,Electronics,North,160,85,0,117.7,0,Rainy,0,109.49,Spring,0,105
2022-03-31,S001,P0005,Groceries,North,860,91,0,52.73,5,Rainy,0,62.12,Spring,0,79
2022-03-31,S001,P0006,Toys,North,588,124,0,42.02,5,Rainy,0,47.8,Spring,0,118
2022-03-31,S001,P0007,Groceries,North,735,112,0,26.86,0,Rainy,0,24.35,Spring,0,106
2022-03-31,S001,P0008,Electronics,North,87,87,90,47.05,5,Rainy,0,45.75,Spring,0,109
2022-03-31,S001,P0009,Clothing,North,178,66,0,82.49,0,Rainy,0,80.15,Spring,0,59
2022-03-31,S001,P0010,Furniture,North,284,59,0,119.99,5,Rainy,0,136.99,Spring,0,70
2022-03-31,S001,P0011,Furniture,North,326,54,0,158.39,5,Rainy,0,180.62,Spring,0,82
2022-03-31,S001,P0012,Groceries,North,215,75,161,76.21,5,Rainy,0,87.33,Spring,0,89
2022-03-31,S001,P0013,Toys,North,197,97,0,38.44,0,Rainy,0,33.4,Spring,0,125
2022-03-31,S001,P0014,Groceries,North,633,167,0,79.85,5,Rainy,0,88.37,Spring,0,145
2022-03-31,S001,P0015,Toys,North,207,116,0,16.7,0,Rainy,0,19.57,Spring,0,107
2022-03-31,S001,P0016,Groceries,North,280,103,0,36.61,10,Rainy,0,40.61,Spring,0,113
2022-03-31,S001,P0017,Toys,North,94,94,69,20.87,5,Rainy,0,24.5,Spring,0,85
2022-03-31,S001,P0018,Groceries,North,112,78,113,64.34,0,Rainy,0,55.28,Spring,0,100
2022-03-31,S001,P0019,Furniture,North,94,55,61,93.09,10,Rainy,0,101.94,Spring,0,51
2022-03-31,S001,P0020,Furniture,North,476,48,0,115.27,0,Rainy,0,100.59,Spring,0,52
2022-03-31,S002,P0001,Groceries,South,590,86,0,85.15,10,Cloudy,0,76.11,Spring,0,131
2022-03-31,S002,P0002,Toys,South,369,54,0,29.97,5,Cloudy,0,28.09,Spring,0,67
2022-03-31,S002,P0003,Groceries,South,359,213,609,103.4,0,Cloudy,0,110.86,Spring,0,182
2022-03-31,S002,P0004,Groceries,South,223,112,0,40.39,10,Cloudy,0,36.2,Spring,0,101
2022-03-31,S002,P0005,Electronics,South,205,67,0,86.19,10,Cloudy,0,97.08,Spring,0,105
2022-03-31,S002,P0006,Clothing,South,50,50,93,59.02,5,Cloudy,0,63.94,Spring,0,79
2022-03-31,S002,P0007,Toys,South,363,116,443,29.79,10,Cloudy,0,29.56,Spring,0,126
2022-03-31,S002,P0008,Groceries,South,138,110,128,29.23,0,Cloudy,0,35.28,Spring,0,138
2022-03-31,S002,P0009,Groceries,South,326,55,0,58.11,0,Cloudy,0,61.93,Spring,0,77
2022-03-31,S002,P0010,Groceries,South,111,85,150,106.11,0,Cloudy,0,98.94,Spring,0,139
2022-03-31,S002,P0011,Groceries,South,718,90,0,89.4,10,Cloudy,0,103.44,Spring,0,111
2022-03-31,S002,P0012,Electronics,South,343,55,0,62.67,10,Cloudy,0,58.35,Spring,0,83
2022-03-31,S002,P0013,Groceries,South,322,174,532,25.12,5,Cloudy,0,28.84,Spring,0,156
2022-03-31,S002,P0014,Electronics,South,509,64,0,120.74,5,Cloudy,0,106.49,Spring,0,85
2022-03-31,S002,P0015,Clothing,South,562,9,0,46.19,5,Cloudy,0,51.09,Spring,0,8
2022-03-31,S002,P0016,Clothing,South,377,105,0,89.82,5,Cloudy,0,94.55,Spring,0,115
2022-03-31,S002,P0017,Toys,South,692,74,0,22.92,5,Cloudy,0,20.02,Spring,0,123
2022-03-31,S002,P0018,Clothing,South,150,60,0,24.07,5,Cloudy,0,25.92,Spring,0,68
2022-03-31,S002,P0019,Clothing,South,628,46,0,76.9,0,Cloudy,0,84.69,Spring,0,59
2022-03-31,S002,P0020,Furniture,South,403,95,0,138.91,0,Cloudy,0,138.7,Spring,0,79
2022-03-31,S003,P0001,Toys,East,314,122,0,18.87,0,Rainy,0,17.51,Spring,0,115
2022-03-31,S003,P0002,Groceries,East,505,158,476,65.07,5,Rainy,0,62.35,Spring,0,145
2022-03-31,S003,P0003,Electronics,East,112,112,141,96.93,5,Rainy,0,106.36,Spring,0,137
2022-03-31,S003,P0004,Groceries,East,517,77,0,21.49,5,Rainy,0,24.19,Spring,0,92
2022-03-31,S003,P0005,Toys,East,413,87,0,21.71,5,Rainy,0,20.22,Spring,0,82
2022-03-31,S003,P0006,Toys,East,184,124,145,50.08,0,Rainy,0,45.94,Spring,0,159
2022-03-31,S003,P0007,Groceries,East,727,68,0,14.8,10,Rainy,0,13.19,Spring,0,85
2022-03-31,S003,P0008,Clothing,East,356,101,0,129.85,0,Rainy,0,114.4,Spring,0,115
2022-03-31,S003,P0009,Groceries,East,143,34,0,45.47,0,Rainy,0,39.24,Spring,0,36
2022-03-31,S003,P0010,Groceries,East,185,88,0,34.12,10,Rainy,0,40.03,Spring,0,88
2022-03-31,S003,P0011,Electronics,East,172,99,244,142.3,0,Rainy,0,170.14,Spring,0,140
2022-03-31,S003,P0012,Furniture,East,208,87,127,89.26,10,Rainy,0,100.73,Spring,0,76
2022-03-31,S003,P0013,Groceries,East,533,76,0,65.88,5,Rainy,0,77.69,Spring,0,83
2022-03-31,S003,P0014,Groceries,East,391,121,513,104.03,10,Rainy,0,98.09,Spring,0,145
2022-03-31,S003,P0015,Groceries,East,285,67,0,98.25,0,Rainy,0,90.36,Spring,0,83
2022-03-31,S003,P0016,Electronics,East,245,119,307,111.74,5,Rainy,0,124.78,Spring,0,147
2022-03-31,S003,P0017,Furniture,East,382,50,266,108.89,10,Rainy,0,121.61,Spring,0,73
2022-03-31,S003,P0018,Furniture,East,711,49,0,127.27,5,Rainy,0,139.64,Spring,0,73
2022-03-31,S003,P0019,Groceries,East,88,72,112,59.69,0,Rainy,0,53.5,Spring,0,106
2022-03-31,S003,P0020,Clothing,East,972,56,0,66.97,5,Rainy,0,80.9,Spring,0,80
2022-03-31,S004,P0001,Groceries,West,755,96,0,13.0,0,Sunny,0,11.67,Spring,0,132
2022-03-31,S004,P0002,Groceries,West,184,86,220,18.42,10,Sunny,0,21.96,Spring,0,101
2022-03-31,S004,P0003,Furniture,West,432,92,0,150.66,5,Sunny,0,132.53,Spring,0,96
2022-03-31,S004,P0004,Groceries,West,367,161,450,54.97,10,Sunny,0,66.46,Spring,0,139
2022-03-31,S004,P0005,Clothing,West,149,61,0,61.34,5,Sunny,0,73.25,Spring,0,61
2022-03-31,S004,P0006,Groceries,West,285,46,0,32.04,5,Sunny,0,38.37,Spring,0,74
2022-03-31,S004,P0007,Groceries,West,1240,73,0,28.28,10,Sunny,0,24.54,Spring,0,110
2022-03-31,S004,P0008,Furniture,West,106,39,52,90.48,0,Sunny,0,105.34,Spring,0,51
2022-03-31,S004,P0009,Clothing,West,340,55,0,105.12,5,Sunny,0,90.91,Spring,0,68
2022-03-31,S004,P0010,Groceries,West,1096,157,0,28.3,5,Sunny,0,32.43,Spring,0,143
2022-03-31,S004,P0011,Clothing,West,533,65,0,47.8,10,Sunny,0,54.53,Spring,0,62
2022-03-31,S004,P0012,Electronics,West,112,112,127,123.76,10,Sunny,0,111.61,Spring,0,135
2022-03-31,S004,P0013,Groceries,West,287,168,0,26.81,0,Sunny,0,24.68,Spring,0,170
2022-03-31,S004,P0014,Furniture,West,208,80,170,172.33,0,Sunny,0,183.88,Spring,0,82
2022-03-31,S004,P0015,Furniture,West,421,87,404,108.83,10,Sunny,0,97.94,Spring,0,126
2022-03-31,S004,P0016,Furniture,West,368,50,0,110.98,5,Sunny,0,103.87,Spring,0,58
2022-03-31,S004,P0017,Clothing,West,125,125,131,109.95,5,Sunny,0,102.7,Spring,0,134
2022-03-31,S004,P0018,Furniture,West,146,85,111,170.89,10,Sunny,0,169.69,Spring,0,107
2022-03-31,S004,P0019,Clothing,West,149,82,110,65.09,0,Sunny,0,59.46,Spring,0,104
2022-03-31,S004,P0020,Furniture,West,93,93,262,155.8,0,Sunny,0,184.71,Spring,0,127
2022-03-31,S005,P0001,Groceries,North,161,70,0,9.92,10,Rainy,0,9.83,Spring,0,59
2022-03-31,S005,P0002,Electronics,North,330,52,0,34.93,10,Rainy,0,30.11,Spring,0,62
2022-03-31,S005,P0003,Toys,North,203,73,0,29.52,0,Rainy,0,33.2,Spring,0,88
2022-03-31,S005,P0004,Groceries,North,127,63,71,7.45,5,Rainy,0,7.29,Spring,0,88
2022-03-31,S005,P0005,Groceries,North,252,167,283,21.01,0,Rainy,0,18.1,Spring,0,165
2022-03-31,S005,P0006,Groceries,North,850,75,0,59.55,10,Rainy,0,57.32,Spring,0,115
2022-03-31,S005,P0007,Groceries,North,183,61,151,84.68,0,Rainy,0,77.16,Spring,0,92
2022-03-31,S005,P0008,Groceries,North,128,128,126,71.64,0,Rainy,0,67.02,Spring,0,123
2022-03-31,S005,P0009,Groceries,North,751,129,0,89.14,10,Rainy,0,104.31,Spring,0,108
2022-03-31,S005,P0010,Groceries,North,682,113,0,69.07,0,Rainy,0,75.26,Spring,0,145
2022-03-31,S005,P0011,Electronics,North,584,90,0,82.23,0,Rainy,0,93.38,Spring,0,102
2022-03-31,S005,P0012,Furniture,North,218,48,0,134.31,0,Rainy,0,114.65,Spring,0,71
2022-03-31,S005,P0013,Groceries,North,292,113,0,74.17,0,Rainy,0,82.4,Spring,0,97
2022-03-31,S005,P0014,Furniture,North,131,43,0,149.46,5,Rainy,0,131.79,Spring,0,47
2022-03-31,S005,P0015,Groceries,North,352,56,0,37.61,10,Rainy,0,43.14,Spring,0,48
2022-03-31,S005,P0016,Toys,North,455,115,0,39.3,0,Rainy,0,45.06,Spring,0,132
2022-03-31,S005,P0017,Toys,North,213,91,0,38.07,0,Rainy,0,45.22,Spring,0,98
2022-03-31,S005,P0018,Clothing,North,104,64,109,22.26,0,Rainy,0,25.42,Spring,0,102
2022-03-31,S005,P0019,Furniture,North,248,70,159,143.54,5,Rainy,0,151.67,Spring,0,98
2022-03-31,S005,P0020,Toys,North,170,94,0,29.82,5,Rainy,0,29.3,Spring,0,84
2022-04-01,S001,P0001,Electronics,North,267,59,0,63.37,10,Cloudy,1,60.31,Spring,0,75
2022-04-01,S001,P0002,Clothing,North,206,174,171,74.24,15,Cloudy,1,69.91,Spring,0,176
2022-04-01,S001,P0003,Clothing,North,550,63,0,54.9,5,Cloudy,0,52.87,Spring,0,94
2022-04-01,S001,P0004,Electronics,North,310,154,465,141.08,10,Cloudy,1,125.06,Spring,0,208
2022-04-01,S001,P0005,Groceries,North,769,72,0,53.49,20,Cloudy,1,49.32,Spring,0,120
2022-04-01,S001,P0006,Toys,North,464,151,513,47.78,10,Cloudy,1,53.76,Spring,0,183
2022-04-01,S001,P0007,Groceries,North,623,192,693,30.86,0,Cloudy,0,35.12,Spring,0,171
2022-04-01,S001,P0008,Electronics,North,90,73,98,43.29,10,Cloudy,0,42.72,Spring,0,100
2022-04-01,S001,P0009,Clothing,North,112,68,109,83.71,10,Cloudy,0,82.44,Spring,0,92
2022-04-01,S001,P0010,Furniture,North,225,125,0,130.95,25,Cloudy,1,130.59,Spring,0,156
2022-04-01,S001,P0011,Furniture,North,272,79,0,161.26,0,Cloudy,0,187.75,Spring,0,73
2022-04-01,S001,P0012,Groceries,North,140,140,423,100.27,10,Cloudy,0,87.03,Spring,0,182
2022-04-01,S001,P0013,Toys,North,100,100,117,37.98,0,Cloudy,0,42.18,Spring,0,138
2022-04-01,S001,P0014,Groceries,North,466,217,835,96.93,10,Cloudy,1,106.78,Spring,0,243
2022-04-01,S001,P0015,Toys,North,91,91,186,19.01,15,Cloudy,1,16.53,Spring,0,192
2022-04-01,S001,P0016,Groceries,North,822,93,0,36.76,15,Cloudy,1,42.71,Spring,0,133
2022-04-01,S001,P0017,Toys,North,69,69,119,26.21,0,Cloudy,0,23.6,Spring,0,123
2022-04-01,S001,P0018,Groceries,North,147,147,202,76.26,0,Cloudy,0,85.13,Spring,0,175
2022-04-01,S001,P0019,Furniture,North,100,67,68,114.62,0,Cloudy,0,133.98,Spring,0,79
2022-04-01,S001,P0020,Furniture,North,428,68,466,125.78,10,Cloudy,0,112.3,Spring,0,106
2022-04-01,S002,P0001,Groceries,South,504,186,571,83.45,20,Sunny,1,81.67,Spring,0,165
2022-04-01,S002,P0002,Toys,South,315,136,196,32.2,10,Sunny,1,34.07,Spring,0,119
2022-04-01,S002,P0003,Groceries,South,146,113,0,85.36,0,Sunny,0,84.31,Spring,0,98
2022-04-01,S002,P0004,Groceries,South,111,111,854,58.98,10,Sunny,1,56.59,Spring,0,242
2022-04-01,S002,P0005,Electronics,South,138,138,0,98.82,10,Sunny,1,117.73,Spring,0,151
2022-04-01,S002,P0006,Clothing,South,93,76,127,67.91,10,Sunny,1,64.59,Spring,0,123
2022-04-01,S002,P0007,Toys,South,247,115,0,28.8,10,Sunny,0,27.88,Spring,0,115
2022-04-01,S002,P0008,Groceries,South,156,19,0,20.78,0,Sunny,0,18.01,Spring,0,27
2022-04-01,S002,P0009,Groceries,South,271,135,280,66.78,5,Sunny,0,77.09,Spring,0,137
2022-04-01,S002,P0010,Groceries,South,176,176,300,127.82,15,Sunny,1,116.69,Spring,0,282
2022-04-01,S002,P0011,Groceries,South,628,74,0,90.35,5,Sunny,0,79.97,Spring,0,82
2022-04-01,S002,P0012,Electronics,South,288,63,0,65.0,10,Sunny,0,58.72,Spring,0,94
2022-04-01,S002,P0013,Groceries,South,148,71,0,20.41,5,Sunny,0,18.47,Spring,0,74
2022-04-01,S002,P0014,Electronics,South,445,107,476,102.4,25,Sunny,1,95.86,Spring,0,107
2022-04-01,S002,P0015,Clothing,South,553,169,656,67.19,20,Sunny,1,66.25,Spring,0,144
2022-04-01,S002,P0016,Clothing,South,272,104,357,82.74,25,Sunny,1,78.04,Spring,0,150
2022-04-01,S002,P0017,Toys,South,618,205,650,26.63,10,Sunny,0,23.84,Spring,0,197
2022-04-01,S002,P0018,Clothing,South,90,90,123,31.79,0,Sunny,0,28.63,Spring,0,121
2022-04-01,S002,P0019,Clothing,South,582,68,0,82.69,5,Sunny,0,79.27,Spring,0,79
2022-04-01,S002,P0020,Furniture,South,308,40,0,126.04,5,Sunny,0,125.54,Spring,0,67
2022-04-01,S003,P0001,Toys,East,192,72,0,13.83,10,Rainy,1,16.07,Spring,0,69
2022-04-01,S003,P0002,Groceries,East,347,121,0,55.86,10,Rainy,1,62.87,Spring,0,129
2022-04-01,S003,P0003,Electronics,East,141,121,91,87.14,10,Rainy,0,83.48,Spring,0,103
2022-04-01,S003,P0004,Groceries,East,440,110,357,22.4,15,Rainy,1,25.62,Spring,0,140
2022-04-01,S003,P0005,Toys,East,326,174,562,25.58,10,Rainy,1,25.11,Spring,0,152
2022-04-01,S003,P0006,Toys,East,205,139,122,41.23,10,Rainy,1,39.97,Spring,0,128
2022-04-01,S003,P0007,Groceries,East,659,88,0,14.98,5,Rainy,0,16.13,Spring,0,88
2022-04-01,S003,P0008,Clothing,East,255,99,243,120.99,0,Rainy,0,131.71,Spring,0,109
2022-04-01,S003,P0009,Groceries,East,109,64,66,53.59,0,Rainy,0,50.75,Spring,0,79
2022-04-01,S003,P0010,Groceries,East,97,83,95,39.56,10,Rainy,1,34.5,Spring,0,118
2022-04-01,S003,P0011,Electronics,East,73,45,0,115.95,0,Rainy,0,106.26,Spring,0,62
2022-04-01,S003,P0012,Furniture,East,121,32,0,81.98,10,Rainy,0,86.83,Spring,0,53
2022-04-01,S003,P0013,Groceries,East,457,118,373,69.39,10,Rainy,0,64.13,Spring,0,100
2022-04-01,S003,P0014,Groceries,East,270,116,0,81.48,25,Rainy,1,80.42,Spring,0,124
2022-04-01,S003,P0015,Groceries,East,218,34,0,64.24,25,Rainy,1,57.4,Spring,0,46
2022-04-01,S003,P0016,Electronics,East,126,126,0,91.44,25,Rainy,1,96.77,Spring,0,160
2022-04-01,S003,P0017,Furniture,East,332,42,0,119.14,0,Rainy,0,118.06,Spring,0,55
2022-04-01,S003,P0018,Furniture,East,662,89,0,142.12,5,Rainy,0,138.87,Spring,0,90
2022-04-01,S003,P0019,Groceries,East,128,128,160,62.02,5,Rainy,0,56.76,Spring,0,136
2022-04-01,S003,P0020,Clothing,East,916,45,0,62.63,5,Rainy,0,75.34,Spring,0,61
2022-04-01,S004,P0001,Groceries,West,659,103,700,10.2,25,Sunny,1,9.45,Spring,0,148
2022-04-01,S004,P0002,Groceries,West,98,98,395,20.29,25,Sunny,1,17.69,Spring,0,179
2022-04-01,S004,P0003,Furniture,West,340,22,0,105.13,10,Sunny,0,124.55,Spring,0,29
2022-04-01,S004,P0004,Groceries,West,206,202,0,64.63,10,Sunny,1,55.18,Spring,0,180
2022-04-01,S004,P0005,Clothing,West,88,88,181,74.6,20,Sunny,1,65.85,Spring,0,159
2022-04-01,S004,P0006,Groceries,West,239,106,359,41.02,10,Sunny,1,39.76,Spring,0,154
2022-04-01,S004,P0007,Groceries,West,1167,84,0,31.57,5,Sunny,0,27.03,Spring,0,128
2022-04-01,S004,P0008,Furniture,West,119,98,104,103.93,5,Sunny,0,121.75,Spring,0,105
2022-04-01,S004,P0009,Clothing,West,285,49,0,99.64,10,Sunny,0,98.34,Spring,0,69
2022-04-01,S004,P0010,Groceries,West,939,171,0,23.6,25,Sunny,1,20.74,Spring,0,144
2022-04-01,S004,P0011,Clothing,West,468,134,448,71.03,0,Sunny,0,62.37,Spring,0,135
2022-04-01,S004,P0012,Electronics,West,127,63,74,105.57,5,Sunny,0,117.74,Spring,0,84
2022-04-01,S004,P0013,Groceries,West,119,56,0,20.06,0,Sunny,0,19.42,Spring,0,76
2022-04-01,S004,P0014,Furniture,West,128,53,0,137.34,20,Sunny,1,151.12,Spring,0,81
2022-04-01,S004,P0015,Furniture,West,334,60,0,88.73,20,Sunny,1,87.25,Spring,0,99
2022-04-01,S004,P0016,Furniture,West,318,87,280,106.8,15,Sunny,1,118.68,Spring,0,92
2022-04-01,S004,P0017,Clothing,West,131,56,90,91.68,0,Sunny,0,108.63,Spring,0,78
2022-04-01,S004,P0018,Furniture,West,172,103,0,172.4,5,Sunny,0,163.08,Spring,0,93
2022-04-01,S004,P0019,Clothing,West,177,152,159,67.14,5,Sunny,0,80.07,Spring,0,149
2022-04-01,S004,P0020,Furniture,West,131,81,0,135.82,0,Sunny,0,131.83,Spring,0,70
2022-04-01,S005,P0001,Groceries,North,91,91,259,10.05,25,Cloudy,1,9.74,Spring,0,116
2022-04-01,S005,P0002,Electronics,North,854,67,0,33.18,25,Cloudy,1,28.9,Spring,0,99
2022-04-01,S005,P0003,Toys,North,130,87,121,33.33,0,Cloudy,0,36.28,Spring,0,125
2022-04-01,S005,P0004,Groceries,North,135,135,180,7.91,15,Cloudy,1,8.92,Spring,0,161
2022-04-01,S005,P0005,Groceries,North,85,85,0,14.39,10,Cloudy,1,17.02,Spring,0,92
2022-04-01,S005,P0006,Groceries,North,775,123,0,51.99,15,Cloudy,1,57.07,Spring,0,106
2022-04-01,S005,P0007,Groceries,North,122,104,177,83.28,0,Cloudy,0,94.53,Spring,0,102
2022-04-01,S005,P0008,Groceries,North,126,120,154,71.76,10,Cloudy,0,64.03,Spring,0,160
2022-04-01,S005,P0009,Groceries,North,622,27,0,70.76,5,Cloudy,0,83.75,Spring,0,30
2022-04-01,S005,P0010,Groceries,North,569,141,0,67.75,10,Cloudy,1,65.41,Spring,0,158
2022-04-01,S005,P0011,Electronics,North,494,90,463,91.65,0,Cloudy,0,101.22,Spring,0,137
2022-04-01,S005,P0012,Furniture,North,170,83,0,137.95,0,Cloudy,0,152.84,Spring,0,93
2022-04-01,S005,P0013,Groceries,North,179,148,0,85.64,0,Cloudy,0,76.4,Spring,0,126
2022-04-01,S005,P0014,Furniture,North,337,121,329,140.05,25,Cloudy,1,160.27,Spring,0,110
2022-04-01,S005,P0015,Groceries,North,296,130,333,54.17,10,Cloudy,1,47.68,Spring,0,141
2022-04-01,S005,P0016,Toys,North,340,195,645,35.83,25,Cloudy,1,38.94,Spring,0,204
2022-04-01,S005,P0017,Toys,North,122,106,168,41.32,10,Cloudy,0,39.47,Spring,0,142
2022-04-01,S005,P0018,Clothing,North,149,142,144,25.4,0,Cloudy,0,26.95,Spring,0,145
2022-04-01,S005,P0019,Furniture,North,178,92,0,143.43,5,Cloudy,0,140.2,Spring,0,82
2022-04-01,S005,P0020,Toys,North,76,76,152,37.0,5,Cloudy,0,35.65,Spring,0,154
2022-04-02,S001,P0001,Electronics,North,208,111,200,68.61,10,Rainy,0,67.66,Spring,0,98
2022-04-02,S001,P0002,Clothing,North,203,85,0,69.32,5,Rainy,0,61.98,Spring,0,114
2022-04-02,S001,P0003,Clothing,North,487,90,0,50.1,15,Rainy,1,46.81,Spring,0,100
2022-04-02,S001,P0004,Electronics,North,156,34,0,81.21,10,Rainy,0,98.16,Spring,0,45
2022-04-02,S001,P0005,Groceries,North,697,152,0,68.58,0,Rainy,0,61.39,Spring,0,128
2022-04-02,S001,P0006,Toys,North,313,142,0,47.86,15,Rainy,1,42.07,Spring,0,186
2022-04-02,S001,P0007,Groceries,North,431,80,0,23.26,10,Rainy,0,19.89,Spring,0,94
2022-04-02,S001,P0008,Electronics,North,115,63,0,41.17,5,Rainy,0,41.01,Spring,0,70
2022-04-02,S001,P0009,Clothing,North,153,90,127,91.4,15,Rainy,1,85.38,Spring,0,139
2022-04-02,S001,P0010,Furniture,North,603,66,0,142.16,5,Rainy,0,141.02,Spring,0,105
2022-04-02,S001,P0011,Furniture,North,193,87,196,155.88,15,Rainy,1,166.35,Spring,0,111
2022-04-02,S001,P0012,Groceries,North,161,111,0,78.5,25,Rainy,1,84.54,Spring,0,178
2022-04-02,S001,P0013,Toys,North,117,76,66,30.58,0,Rainy,0,36.65,Spring,0,71
2022-04-02,S001,P0014,Groceries,North,249,129,0,76.94,25,Rainy,1,70.03,Spring,0,200
2022-04-02,S001,P0015,Toys,North,186,127,136,16.85,10,Rainy,0,18.27,Spring,0,144
2022-04-02,S001,P0016,Groceries,North,729,87,0,43.72,0,Rainy,0,38.58,Spring,0,119
2022-04-02,S001,P0017,Toys,North,119,119,130,22.59,5,Rainy,0,24.81,Spring,0,109
2022-04-02,S001,P0018,Groceries,North,202,90,0,47.57,25,Rainy,1,45.24,Spring,0,95
2022-04-02,S001,P0019,Furniture,North,101,40,50,92.95,10,Rainy,0,112.5,Spring,0,51
2022-04-02,S001,P0020,Furniture,North,360,88,0,129.05,0,Rainy,0,120.76,Spring,0,83
2022-04-02,S002,P0001,Groceries,South,318,112,0,78.68,10,Sunny,0,74.87,Spring,0,105
2022-04-02,S002,P0002,Toys,South,179,154,0,35.96,10,Sunny,0,33.88,Spring,0,139
2022-04-02,S002,P0003,Groceries,South,33,33,0,54.31,25,Sunny,1,63.24,Spring,0,66
2022-04-02,S002,P0004,Groceries,South,614,101,0,44.27,5,Sunny,0,47.95,Spring,0,130
2022-04-02,S002,P0005,Electronics,South,585,74,0,82.67,5,Sunny,0,96.28,Spring,0,77
2022-04-02,S002,P0006,Clothing,South,144,75,101,60.44,15,Sunny,1,72.68,Spring,0,120
2022-04-02,S002,P0007,Toys,South,132,132,0,32.23,10,Sunny,0,31.72,Spring,0,153
2022-04-02,S002,P0008,Groceries,South,137,137,158,32.33,0,Sunny,0,35.42,Spring,0,175
2022-04-02,S002,P0009,Groceries,South,136,83,0,57.4,15,Sunny,1,50.96,Spring,0,107
2022-04-02,S002,P0010,Groceries,South,300,107,0,84.6,10,Sunny,0,83.38,Spring,0,100
2022-04-02,S002,P0011,Groceries,South,554,130,0,90.33,20,Sunny,1,85.08,Spring,0,136
2022-04-02,S002,P0012,Electronics,South,785,127,0,67.76,10,Sunny,1,57.77,Spring,0,107
2022-04-02,S002,P0013,Groceries,South,77,57,0,18.9,10,Sunny,0,16.36,Spring,0,67
2022-04-02,S002,P0014,Electronics,South,338,66,0,105.38,15,Sunny,1,114.25,Spring,0,93
2022-04-02,S002,P0015,Clothing,South,384,47,0,61.33,0,Sunny,0,69.7,Spring,0,64
2022-04-02,S002,P0016,Clothing,South,168,165,0,93.64,10,Sunny,0,109.59,Spring,0,148
2022-04-02,S002,P0017,Toys,South,413,152,0,21.64,10,Sunny,0,26.13,Spring,0,139
2022-04-02,S002,P0018,Clothing,South,123,107,84,22.22,20,Sunny,1,23.48,Spring,0,95
2022-04-02,S002,P0019,Clothing,South,514,40,0,74.12,10,Sunny,0,68.67,Spring,0,63
2022-04-02,S002,P0020,Furniture,South,268,67,274,133.94,5,Sunny,0,114.81,Spring,0,84
2022-04-02,S003,P0001,Toys,East,120,112,261,19.48,0,Sunny,0,19.39,Spring,0,125
2022-04-02,S003,P0002,Groceries,East,226,144,0,63.12,10,Sunny,0,61.41,Spring,0,154
2022-04-02,S003,P0003,Electronics,East,111,111,156,92.84,20,Sunny,1,78.97,Spring,0,164
2022-04-02,S003,P0004,Groceries,East,330,77,0,21.58,5,Sunny,0,24.89,Spring,0,93
2022-04-02,S003,P0005,Toys,East,152,106,0,25.59,0,Sunny,0,24.41,Spring,0,117
2022-04-02,S003,P0006,Toys,East,188,188,170,44.39,15,Sunny,1,52.65,Spring,0,194
2022-04-02,S003,P0007,Groceries,East,571,133,737,19.23,10,Sunny,0,16.83,Spring,0,172
2022-04-02,S003,P0008,Clothing,East,156,138,0,123.36,10,Sunny,0,130.61,Spring,0,151
2022-04-02,S003,P0009,Groceries,East,111,111,277,73.14,15,Sunny,1,72.8,Spring,0,252
2022-04-02,S003,P0010,Groceries,East,109,109,145,51.99,0,Sunny,0,45.43,Spring,0,177
2022-04-02,S003,P0011,Electronics,East,272,114,328,116.38,25,Sunny,1,113.6,Spring,0,153
2022-04-02,S003,P0012,Furniture,East,216,94,182,104.46,10,Sunny,1,89.55,Spring,0,107
2022-04-02,S003,P0013,Groceries,East,339,84,0,76.44,0,Sunny,0,75.51,Spring,0,97
2022-04-02,S003,P0014,Groceries,East,154,154,0,87.93,25,Sunny,1,79.7,Spring,0,150
2022-04-02,S003,P0015,Groceries,East,670,80,0,85.34,10,Sunny,0,78.05,Spring,0,73
2022-04-02,S003,P0016,Electronics,East,307,114,0,97.49,10,Sunny,0,94.26,Spring,0,103
2022-04-02,S003,P0017,Furniture,East,290,75,0,123.87,0,Sunny,0,145.44,Spring,0,80
2022-04-02,S003,P0018,Furniture,East,573,175,575,134.77,25,Sunny,1,134.59,Spring,0,149
2022-04-02,S003,P0019,Groceries,East,160,83,0,53.28,0,Sunny,0,58.49,Spring,0,88
2022-04-02,S003,P0020,Clothing,East,871,94,0,69.45,5,Sunny,0,83.37,Spring,0,90
2022-04-02,S004,P0001,Groceries,West,556,75,0,11.81,5,Rainy,0,11.46,Spring,0,117
2022-04-02,S004,P0002,Groceries,West,220,101,0,24.22,0,Rainy,0,23.36,Spring,0,138
2022-04-02,S004,P0003,Furniture,West,318,93,376,116.92,25,Rainy,1,129.45,Spring,0,107
2022-04-02,S004,P0004,Groceries,West,4,4,0,51.68,5,Rainy,0,50.93,Spring,0,86
2022-04-02,S004,P0005,Clothing,West,181,38,0,57.6,10,Rainy,0,66.78,Spring,0,58
2022-04-02,S004,P0006,Groceries,West,133,133,0,36.71,20,Rainy,1,36.34,Spring,0,156
2022-04-02,S004,P0007,Groceries,West,1083,96,0,26.52,10,Rainy,0,25.55,Spring,0,90
2022-04-02,S004,P0008,Furniture,West,125,80,101,113.31,0,Rainy,0,103.37,Spring,0,100
2022-04-02,S004,P0009,Clothing,West,236,168,544,125.55,10,Rainy,1,142.73,Spring,0,158
2022-04-02,S004,P0010,Groceries,West,768,68,0,21.75,5,Rainy,0,25.24,Spring,0,62
2022-04-02,S004,P0011,Clothing,West,334,125,0,56.0,15,Rainy,1,60.12,Spring,0,127
2022-04-02,S004,P0012,Electronics,West,138,122,120,89.69,25,Rainy,1,95.88,Spring,0,106
2022-04-02,S004,P0013,Groceries,West,626,136,0,20.51,10,Rainy,0,22.65,Spring,0,131
2022-04-02,S004,P0014,Furniture,West,245,92,226,165.81,15,Rainy,1,160.27,Spring,0,104
2022-04-02,S004,P0015,Furniture,West,274,25,0,85.1,0,Rainy,0,100.96,Spring,0,40
2022-04-02,S004,P0016,Furniture,West,231,47,0,116.64,0,Rainy,0,115.41,Spring,0,57
2022-04-02,S004,P0017,Clothing,West,165,91,138,99.74,5,Rainy,0,110.32,Spring,0,119
2022-04-02,S004,P0018,Furniture,West,69,69,110,159.11,10,Rainy,1,179.48,Spring,0,101
2022-04-02,S004,P0019,Clothing,West,184,36,0,49.84,0,Rainy,0,56.45,Spring,0,44
2022-04-02,S004,P0020,Furniture,West,312,21,0,100.35,10,Rainy,0,97.81,Spring,0,21
2022-04-02,S005,P0001,Groceries,North,0,0,0,11.7,0,Rainy,0,11.53,Spring,0,75
2022-04-02,S005,P0002,Electronics,North,787,99,0,39.59,10,Rainy,0,44.21,Spring,0,113
2022-04-02,S005,P0003,Toys,North,164,126,109,27.08,15,Rainy,1,31.72,Spring,0,111
2022-04-02,S005,P0004,Groceries,North,180,86,115,7.0,10,Rainy,0,7.39,Spring,0,101
2022-04-02,S005,P0005,Groceries,North,283,150,260,19.32,0,Rainy,0,22.99,Spring,0,154
2022-04-02,S005,P0006,Groceries,North,652,130,0,53.15,15,Rainy,1,62.54,Spring,0,113
2022-04-02,S005,P0007,Groceries,North,169,74,0,81.72,5,Rainy,0,81.47,Spring,0,96
2022-04-02,S005,P0008,Groceries,North,160,134,122,61.33,10,Rainy,0,66.34,Spring,0,124
2022-04-02,S005,P0009,Groceries,North,595,91,0,81.04,15,Rainy,1,73.12,Spring,0,81
2022-04-02,S005,P0010,Groceries,North,428,129,542,74.08,5,Rainy,0,68.75,Spring,0,171
2022-04-02,S005,P0011,Electronics,North,404,49,0,63.47,15,Rainy,1,72.52,Spring,0,74
2022-04-02,S005,P0012,Furniture,North,437,83,0,119.95,10,Rainy,1,144.61,Spring,0,83
2022-04-02,S005,P0013,Groceries,North,563,110,0,83.41,10,Rainy,0,77.35,Spring,0,153
2022-04-02,S005,P0014,Furniture,North,216,124,0,150.61,20,Rainy,1,180.05,Spring,0,113
2022-04-02,S005,P0015,Groceries,North,166,114,0,45.93,10,Rainy,0,54.6,Spring,0,103
2022-04-02,S005,P0016,Toys,North,145,98,0,38.35,0,Rainy,0,45.47,Spring,0,123
2022-04-02,S005,P0017,Toys,North,184,88,0,38.61,5,Rainy,0,33.08,Spring,0,103
2022-04-02,S005,P0018,Clothing,North,151,113,141,19.66,25,Rainy,1,18.48,Spring,0,138
2022-04-02,S005,P0019,Furniture,North,245,109,0,147.44,5,Rainy,0,135.62,Spring,0,90
2022-04-02,S005,P0020,Toys,North,152,131,114,30.11,10,Rainy,0,34.9,Spring,0,120
2022-04-03,S001,P0001,Electronics,North,97,97,321,84.43,10,Cloudy,1,82.7,Spring,0,168
2022-04-03,S001,P0002,Clothing,North,118,108,175,73.54,10,Cloudy,1,81.9,Spring,0,171
2022-04-03,S001,P0003,Clothing,North,1108,160,0,69.14,10,Cloudy,1,79.38,Spring,0,214
2022-04-03,S001,P0004,Electronics,North,587,104,0,112.02,0,Cloudy,0,132.9,Spring,0,106
2022-04-03,S001,P0005,Groceries,North,545,110,654,55.57,20,Cloudy,1,65.24,Spring,0,150
2022-04-03,S001,P0006,Toys,North,171,102,0,45.71,0,Cloudy,0,53.68,Spring,0,129
2022-04-03,S001,P0007,Groceries,North,351,80,0,24.65,5,Cloudy,0,29.62,Spring,0,111
2022-04-03,S001,P0008,Electronics,North,52,52,113,51.83,0,Cloudy,0,51.44,Spring,0,124
2022-04-03,S001,P0009,Clothing,North,190,43,0,75.99,10,Cloudy,0,73.74,Spring,0,65
2022-04-03,S001,P0010,Furniture,North,537,79,0,126.01,5,Cloudy,0,119.47,Spring,0,70
2022-04-03,S001,P0011,Furniture,North,106,81,0,150.3,10,Cloudy,0,142.88,Spring,0,68
2022-04-03,S001,P0012,Groceries,North,473,86,0,81.62,10,Cloudy,0,91.02,Spring,0,127
2022-04-03,S001,P0013,Toys,North,107,102,132,36.03,0,Cloudy,0,43.52,Spring,0,120
2022-04-03,S001,P0014,Groceries,North,120,104,0,69.32,15,Cloudy,1,64.33,Spring,0,117
2022-04-03,S001,P0015,Toys,North,195,195,144,19.33,5,Cloudy,0,23.12,Spring,0,175
2022-04-03,S001,P0016,Groceries,North,642,98,0,34.55,10,Cloudy,0,38.69,Spring,0,95
2022-04-03,S001,P0017,Toys,North,130,115,118,22.87,10,Cloudy,0,21.27,Spring,0,113
2022-04-03,S001,P0018,Groceries,North,112,51,55,50.2,10,Cloudy,0,48.96,Spring,0,59
2022-04-03,S001,P0019,Furniture,North,111,44,0,98.21,0,Cloudy,0,103.45,Spring,0,38
2022-04-03,S001,P0020,Furniture,North,272,115,0,113.92,20,Cloudy,1,122.65,Spring,0,129
2022-04-03,S002,P0001,Groceries,South,206,130,0,89.93,15,Sunny,1,84.98,Spring,0,171
2022-04-03,S002,P0002,Toys,South,221,150,318,30.08,20,Sunny,1,33.17,Spring,0,136
2022-04-03,S002,P0003,Groceries,South,609,225,558,80.05,25,Sunny,1,95.91,Spring,0,194
2022-04-03,S002,P0004,Groceries,South,513,110,0,42.68,5,Sunny,0,36.3,Spring,0,101
2022-04-03,S002,P0005,Electronics,South,511,144,569,93.3,15,Sunny,1,112.81,Spring,0,151
2022-04-03,S002,P0006,Clothing,South,170,147,121,69.65,5,Sunny,0,75.84,Spring,0,130
2022-04-03,S002,P0007,Toys,South,443,89,0,27.65,5,Sunny,0,33.37,Spring,0,101
2022-04-03,S002,P0008,Groceries,South,158,69,0,21.47,10,Sunny,0,23.79,Spring,0,75
2022-04-03,S002,P0009,Groceries,South,333,84,0,61.88,10,Sunny,0,55.85,Spring,0,112
2022-04-03,S002,P0010,Groceries,South,193,104,0,84.78,5,Sunny,0,90.12,Spring,0,99
2022-04-03,S002,P0011,Groceries,South,424,83,0,108.58,0,Sunny,0,104.36,Spring,0,123
2022-04-03,S002,P0012,Electronics,South,658,72,0,72.52,0,Sunny,0,77.39,Spring,0,111
2022-04-03,S002,P0013,Groceries,South,552,132,0,25.35,10,Sunny,0,24.84,Spring,0,160
2022-04-03,S002,P0014,Electronics,South,272,84,0,115.88,20,Sunny,1,106.67,Spring,0,126
2022-04-03,S002,P0015,Clothing,South,337,135,0,69.18,10,Sunny,0,60.79,Spring,0,115
2022-04-03,S002,P0016,Clothing,South,360,147,0,96.54,5,Sunny,0,105.19,Spring,0,139
2022-04-03,S002,P0017,Toys,South,261,154,0,26.51,0,Sunny,0,26.01,Spring,0,155
2022-04-03,S002,P0018,Clothing,South,100,57,73,24.75,0,Sunny,0,26.32,Spring,0,62
2022-04-03,S002,P0019,Clothing,South,474,96,0,82.22,5,Sunny,0,94.41,Spring,0,92
2022-04-03,S002,P0020,Furniture,South,201,126,0,134.39,10,Sunny,1,146.69,Spring,0,117
2022-04-03,S003,P0001,Toys,East,8,8,297,15.86,20,Cloudy,1,15.09,Spring,0,131
2022-04-03,S003,P0002,Groceries,East,558,189,527,60.69,15,Cloudy,1,56.2,Spring,0,160
2022-04-03,S003,P0003,Electronics,East,156,69,0,60.6,25,Cloudy,1,68.59,Spring,0,66
2022-04-03,S003,P0004,Groceries,East,253,62,0,20.58,5,Cloudy,0,23.43,Spring,0,79
2022-04-03,S003,P0005,Toys,East,46,46,656,27.65,10,Cloudy,1,23.54,Spring,0,181
2022-04-03,S003,P0006,Toys,East,170,150,104,39.1,10,Cloudy,0,45.21,Spring,0,127
2022-04-03,S003,P0007,Groceries,East,438,87,0,17.92,5,Cloudy,0,17.08,Spring,0,128
2022-04-03,S003,P0008,Clothing,East,261,70,0,107.66,10,Cloudy,0,93.83,Spring,0,90
2022-04-03,S003,P0009,Groceries,East,277,49,0,47.33,0,Cloudy,0,49.89,Spring,0,59
2022-04-03,S003,P0010,Groceries,East,145,137,188,48.8,0,Cloudy,0,51.56,Spring,0,172
2022-04-03,S003,P0011,Electronics,East,158,58,0,108.82,10,Cloudy,0,94.92,Spring,0,74
2022-04-03,S003,P0012,Furniture,East,122,27,0,87.07,5,Cloudy,0,84.83,Spring,0,42
2022-04-03,S003,P0013,Groceries,East,255,81,0,74.34,10,Cloudy,0,65.64,Spring,0,121
2022-04-03,S003,P0014,Groceries,East,513,128,380,94.94,15,Cloudy,1,106.35,Spring,0,151
2022-04-03,S003,P0015,Groceries,East,590,72,0,100.01,0,Cloudy,0,108.86,Spring,0,104
2022-04-03,S003,P0016,Electronics,East,193,83,277,119.41,0,Cloudy,0,106.8,Spring,0,135
2022-04-03,S003,P0017,Furniture,East,215,32,0,117.67,0,Cloudy,0,112.81,Spring,0,52
2022-04-03,S003,P0018,Furniture,East,398,80,0,134.96,5,Cloudy,0,127.77,Spring,0,75
2022-04-03,S003,P0019,Groceries,East,77,70,95,47.43,10,Cloudy,0,56.68,Spring,0,84
2022-04-03,S003,P0020,Clothing,East,777,76,0,64.03,20,Cloudy,1,61.4,Spring,0,102
2022-04-03,S004,P0001,Groceries,West,481,130,0,11.35,20,Cloudy,1,13.5,Spring,0,182
2022-04-03,S004,P0002,Groceries,West,514,128,0,18.6,20,Cloudy,1,18.34,Spring,0,125
2022-04-03,S004,P0003,Furniture,West,225,83,0,131.9,15,Cloudy,1,143.27,Spring,0,105
2022-04-03,S004,P0004,Groceries,West,450,96,438,63.33,0,Cloudy,0,54.46,Spring,0,134
2022-04-03,S004,P0005,Clothing,West,143,143,167,77.93,10,Cloudy,1,88.09,Spring,0,151
2022-04-03,S004,P0006,Groceries,West,359,97,0,38.99,0,Cloudy,0,45.9,Spring,0,118
2022-04-03,S004,P0007,Groceries,West,987,117,0,33.41,0,Cloudy,0,32.97,Spring,0,130
2022-04-03,S004,P0008,Furniture,West,146,80,93,98.87,5,Cloudy,0,108.8,Spring,0,90
2022-04-03,S004,P0009,Clothing,West,68,32,0,87.94,10,Cloudy,0,99.8,Spring,0,49
2022-04-03,S004,P0010,Groceries,West,700,116,0,31.14,5,Cloudy,0,29.85,Spring,0,158
2022-04-03,S004,P0011,Clothing,West,209,56,0,53.78,5,Cloudy,0,52.01,Spring,0,66
2022-04-03,S004,P0012,Electronics,West,136,80,100,130.51,0,Cloudy,0,122.41,Spring,0,118
2022-04-03,S004,P0013,Groceries,West,490,76,0,19.41,5,Cloudy,0,18.71,Spring,0,81
2022-04-03,S004,P0014,Furniture,West,153,153,0,194.03,10,Cloudy,1,206.38,Spring,0,154
2022-04-03,S004,P0015,Furniture,West,653,116,0,113.02,0,Cloudy,0,129.83,Spring,0,121
2022-04-03,S004,P0016,Furniture,West,184,59,0,110.63,10,Cloudy,0,122.38,Spring,0,86
2022-04-03,S004,P0017,Clothing,West,212,50,0,85.8,0,Cloudy,0,97.59,Spring,0,59
2022-04-03,S004,P0018,Furniture,West,110,53,69,145.99,10,Cloudy,0,144.96,Spring,0,62
2022-04-03,S004,P0019,Clothing,West,148,67,105,54.81,10,Cloudy,0,63.89,Spring,0,100
2022-04-03,S004,P0020,Furniture,West,291,108,0,114.7,25,Cloudy,1,123.2,Spring,0,121
2022-04-03,S005,P0001,Groceries,North,259,113,267,11.32,25,Cloudy,1,10.74,Spring,0,156
2022-04-03,S005,P0002,Electronics,North,688,61,0,31.4,20,Cloudy,1,36.72,Spring,0,79
2022-04-03,S005,P0003,Toys,North,147,101,178,34.79,10,Cloudy,1,33.85,Spring,0,159
2022-04-03,S005,P0004,Groceries,North,209,100,0,7.0,10,Cloudy,0,6.68,Spring,0,86
2022-04-03,S005,P0005,Groceries,North,133,133,367,21.41,10,Cloudy,1,20.31,Spring,0,214
2022-04-03,S005,P0006,Groceries,North,522,66,0,51.65,5,Cloudy,0,57.12,Spring,0,72
2022-04-03,S005,P0007,Groceries,North,272,112,193,81.2,5,Cloudy,0,97.83,Spring,0,110
2022-04-03,S005,P0008,Groceries,North,148,32,0,48.41,10,Cloudy,0,41.88,Spring,0,42
2022-04-03,S005,P0009,Groceries,North,504,152,0,95.56,10,Cloudy,0,113.33,Spring,0,130
2022-04-03,S005,P0010,Groceries,North,299,68,0,56.72,0,Cloudy,0,65.23,Spring,0,83
2022-04-03,S005,P0011,Electronics,North,355,11,0,58.73,5,Cloudy,0,55.78,Spring,0,14
2022-04-03,S005,P0012,Furniture,North,354,78,268,112.66,10,Cloudy,0,124.39,Spring,0,65
2022-04-03,S005,P0013,Groceries,North,453,121,366,90.19,0,Cloudy,0,90.06,Spring,0,144
2022-04-03,S005,P0014,Furniture,North,92,73,0,142.08,25,Cloudy,1,161.14,Spring,0,115
2022-04-03,S005,P0015,Groceries,North,385,93,0,47.84,5,Cloudy,0,56.43,Spring,0,99
2022-04-03,S005,P0016,Toys,North,47,47,0,39.37,0,Cloudy,0,43.47,Spring,0,132
2022-04-03,S005,P0017,Toys,North,96,82,72,31.01,10,Cloudy,0,34.09,Spring,0,70
2022-04-03,S005,P0018,Clothing,North,179,56,0,19.82,10,Cloudy,0,17.48,Spring,0,83
2022-04-03,S005,P0019,Furniture,North,136,78,132,140.29,5,Cloudy,0,134.62,Spring,0,76
2022-04-03,S005,P0020,Toys,North,135,124,115,29.42,15,Cloudy,1,28.28,Spring,0,114
2022-04-04,S001,P0001,Electronics,North,200,89,0,52.89,25,Rainy,1,59.71,Spring,0,90
2022-04-04,S001,P0002,Clothing,North,185,103,0,66.66,0,Rainy,0,58.75,Spring,0,86
2022-04-04,S001,P0003,Clothing,North,948,143,0,47.03,25,Rainy,1,55.48,Spring,0,137
2022-04-04,S001,P0004,Electronics,North,483,74,0,95.57,15,Rainy,1,89.9,Spring,0,91
2022-04-04,S001,P0005,Groceries,North,435,47,0,48.24,5,Rainy,0,44.34,Spring,0,42
2022-04-04,S001,P0006,Toys,North,582,77,0,43.2,5,Rainy,0,41.94,Spring,0,110
2022-04-04,S001,P0007,Groceries,North,271,142,0,27.68,15,Rainy,1,26.13,Spring,0,172
2022-04-04,S001,P0008,Electronics,North,113,22,0,25.03,25,Rainy,1,29.08,Spring,0,18
2022-04-04,S001,P0009,Clothing,North,147,108,74,83.1,10,Rainy,0,78.65,Spring,0,90
2022-04-04,S001,P0010,Furniture,North,458,56,0,119.5,10,Rainy,0,112.26,Spring,0,70
2022-04-04,S001,P0011,Furniture,North,221,56,169,155.61,10,Rainy,0,140.23,Spring,0,78
2022-04-04,S001,P0012,Groceries,North,387,234,399,88.9,25,Rainy,1,82.98,Spring,0,207
2022-04-04,S001,P0013,Toys,North,137,113,120,25.91,25,Rainy,1,29.14,Spring,0,107
2022-04-04,S001,P0014,Groceries,North,851,88,0,62.01,10,Rainy,0,73.17,Spring,0,82
2022-04-04,S001,P0015,Toys,North,144,73,0,14.24,10,Rainy,1,13.11,Spring,0,76
2022-04-04,S001,P0016,Groceries,North,544,84,0,36.45,5,Rainy,0,36.32,Spring,0,80
2022-04-04,S001,P0017,Toys,North,133,63,0,19.94,10,Rainy,0,23.03,Spring,0,87
2022-04-04,S001,P0018,Groceries,North,116,116,124,59.92,10,Rainy,1,67.6,Spring,0,127
2022-04-04,S001,P0019,Furniture,North,67,33,50,94.15,5,Rainy,0,109.25,Spring,0,41
2022-04-04,S001,P0020,Furniture,North,157,31,0,106.74,0,Rainy,0,124.99,Spring,0,45
2022-04-04,S002,P0001,Groceries,South,647,87,0,65.04,25,Cloudy,1,77.06,Spring,0,119
2022-04-04,S002,P0002,Toys,South,71,71,0,34.91,10,Cloudy,0,38.28,Spring,0,146
2022-04-04,S002,P0003,Groceries,South,384,63,0,73.07,15,Cloudy,1,72.12,Spring,0,100
2022-04-04,S002,P0004,Groceries,South,1257,86,0,34.56,20,Cloudy,1,38.18,Spring,0,105
2022-04-04,S002,P0005,Electronics,South,367,72,0,91.84,0,Cloudy,0,81.97,Spring,0,78
2022-04-04,S002,P0006,Clothing,South,144,42,0,55.4,10,Cloudy,0,54.3,Spring,0,63
2022-04-04,S002,P0007,Toys,South,354,116,394,28.11,15,Cloudy,1,30.55,Spring,0,143
2022-04-04,S002,P0008,Groceries,South,89,89,149,23.77,25,Cloudy,1,23.36,Spring,0,149
2022-04-04,S002,P0009,Groceries,South,249,119,312,70.31,5,Cloudy,0,77.84,Spring,0,155
2022-04-04,S002,P0010,Groceries,South,89,89,146,87.1,10,Cloudy,0,102.13,Spring,0,125
2022-04-04,S002,P0011,Groceries,South,341,167,365,98.85,10,Cloudy,0,110.04,Spring,0,144
2022-04-04,S002,P0012,Electronics,South,586,73,0,52.52,20,Cloudy,1,61.02,Spring,0,81
2022-04-04,S002,P0013,Groceries,South,420,61,0,20.19,10,Cloudy,1,18.8,Spring,0,86
2022-04-04,S002,P0014,Electronics,South,188,134,0,126.64,5,Cloudy,0,137.81,Spring,0,115
2022-04-04,S002,P0015,Clothing,South,202,91,0,64.78,20,Cloudy,1,68.38,Spring,0,149
2022-04-04,S002,P0016,Clothing,South,213,86,0,82.04,5,Cloudy,0,78.15,Spring,0,73
2022-04-04,S002,P0017,Toys,South,757,160,0,22.5,10,Cloudy,0,22.22,Spring,0,135
2022-04-04,S002,P0018,Clothing,South,116,57,85,22.14,15,Cloudy,1,26.54,Spring,0,76
2022-04-04,S002,P0019,Clothing,South,378,117,415,86.02,10,Cloudy,0,84.54,Spring,0,107
2022-04-04,S002,P0020,Furniture,South,75,75,381,146.1,5,Cloudy,0,135.46,Spring,0,110
2022-04-04,S003,P0001,Toys,East,261,119,0,16.49,20,Rainy,1,14.95,Spring,0,144
2022-04-04,S003,P0002,Groceries,East,369,145,0,64.84,0,Rainy,0,63.46,Spring,0,127
2022-04-04,S003,P0003,Electronics,East,87,87,188,94.18,25,Rainy,1,111.49,Spring,0,216
2022-04-04,S003,P0004,Groceries,East,548,87,0,16.79,25,Rainy,1,14.29,Spring,0,74
2022-04-04,S003,P0005,Toys,East,0,0,0,20.87,0,Rainy,0,24.92,Spring,0,71
2022-04-04,S003,P0006,Toys,East,124,108,135,40.6,5,Rainy,0,42.96,Spring,0,122
2022-04-04,S003,P0007,Groceries,East,351,181,0,18.32,10,Rainy,1,17.82,Spring,0,155
2022-04-04,S003,P0008,Clothing,East,191,41,0,91.37,10,Rainy,1,89.93,Spring,0,46
2022-04-04,S003,P0009,Groceries,East,228,90,0,52.58,5,Rainy,0,48.29,Spring,0,89
2022-04-04,S003,P0010,Groceries,East,196,55,0,36.17,5,Rainy,0,40.18,Spring,0,90
2022-04-04,S003,P0011,Electronics,East,428,54,0,108.15,10,Rainy,0,100.13,Spring,0,72
2022-04-04,S003,P0012,Furniture,East,277,129,257,99.64,10,Rainy,1,116.57,Spring,0,108
2022-04-04,S003,P0013,Groceries,East,174,174,930,78.25,20,Rainy,1,83.86,Spring,0,202
2022-04-04,S003,P0014,Groceries,East,385,79,0,105.54,0,Rainy,0,115.66,Spring,0,131
2022-04-04,S003,P0015,Groceries,East,518,156,709,98.04,25,Rainy,1,86.74,Spring,0,179
2022-04-04,S003,P0016,Electronics,East,110,76,0,91.58,5,Rainy,0,102.53,Spring,0,84
2022-04-04,S003,P0017,Furniture,East,449,49,0,109.63,10,Rainy,0,128.38,Spring,0,75
2022-04-04,S003,P0018,Furniture,East,318,47,0,96.95,25,Rainy,1,112.68,Spring,0,63
2022-04-04,S003,P0019,Groceries,East,102,102,129,68.0,0,Rainy,0,58.55,Spring,0,150
2022-04-04,S003,P0020,Clothing,East,701,108,0,81.96,0,Rainy,0,80.27,Spring,0,110
2022-04-04,S004,P0001,Groceries,West,351,190,0,13.36,10,Cloudy,1,15.32,Spring,0,200
2022-04-04,S004,P0002,Groceries,West,386,123,0,19.86,10,Cloudy,0,19.19,Spring,0,108
2022-04-04,S004,P0003,Furniture,West,142,79,0,129.22,15,Cloudy,1,113.26,Spring,0,84
2022-04-04,S004,P0004,Groceries,West,354,173,0,50.66,25,Cloudy,1,58.32,Spring,0,176
2022-04-04,S004,P0005,Clothing,West,167,119,0,75.85,0,Cloudy,0,91.19,Spring,0,107
2022-04-04,S004,P0006,Groceries,West,262,68,0,29.78,10,Cloudy,0,35.77,Spring,0,69
2022-04-04,S004,P0007,Groceries,West,870,92,0,24.99,20,Cloudy,1,27.24,Spring,0,124
2022-04-04,S004,P0008,Furniture,West,159,71,0,94.61,10,Cloudy,1,113.02,Spring,0,93
2022-04-04,S004,P0009,Clothing,West,36,36,0,95.27,10,Cloudy,0,81.54,Spring,0,57
2022-04-04,S004,P0010,Groceries,West,584,58,0,20.19,10,Cloudy,0,23.97,Spring,0,57
2022-04-04,S004,P0011,Clothing,West,153,29,0,51.74,0,Cloudy,0,47.03,Spring,0,42
2022-04-04,S004,P0012,Electronics,West,156,78,0,87.98,25,Cloudy,1,100.13,Spring,0,101
2022-04-04,S004,P0013,Groceries,West,414,109,442,19.9,15,Cloudy,1,17.98,Spring,0,123
2022-04-04,S004,P0014,Furniture,West,226,19,0,134.14,0,Cloudy,0,154.93,Spring,0,19
2022-04-04,S004,P0015,Furniture,West,537,73,0,86.97,25,Cloudy,1,80.37,Spring,0,112
2022-04-04,S004,P0016,Furniture,West,405,22,0,100.84,0,Cloudy,0,121.1,Spring,0,34
2022-04-04,S004,P0017,Clothing,West,162,107,139,101.28,10,Cloudy,0,91.6,Spring,0,124
2022-04-04,S004,P0018,Furniture,West,126,42,78,148.14,10,Cloudy,1,134.77,Spring,0,65
2022-04-04,S004,P0019,Clothing,West,186,110,136,58.19,10,Cloudy,0,61.95,Spring,0,119
2022-04-04,S004,P0020,Furniture,West,183,90,143,137.22,0,Cloudy,0,145.32,Spring,0,88
2022-04-04,S005,P0001,Groceries,North,146,136,0,11.6,15,Rainy,1,9.99,Spring,0,122
2022-04-04,S005,P0002,Electronics,North,627,82,0,41.33,0,Rainy,0,49.96,Spring,0,94
2022-04-04,S005,P0003,Toys,North,224,134,175,29.25,20,Rainy,1,33.78,Spring,0,158
2022-04-04,S005,P0004,Groceries,North,109,87,102,6.65,20,Rainy,1,7.0,Spring,0,122
2022-04-04,S005,P0005,Groceries,North,260,59,0,14.9,5,Rainy,0,14.36,Spring,0,71
2022-04-04,S005,P0006,Groceries,North,456,51,0,55.95,0,Rainy,0,49.75,Spring,0,66
2022-04-04,S005,P0007,Groceries,North,160,131,235,84.54,15,Rainy,1,78.97,Spring,0,143
2022-04-04,S005,P0008,Groceries,North,116,116,114,58.67,20,Rainy,1,54.73,Spring,0,131
2022-04-04,S005,P0009,Groceries,North,352,62,0,85.71,10,Rainy,0,96.43,Spring,0,96
2022-04-04,S005,P0010,Groceries,North,231,128,0,66.89,0,Rainy,0,65.1,Spring,0,117
2022-04-04,S005,P0011,Electronics,North,344,99,0,81.13,5,Rainy,0,71.28,Spring,0,98
2022-04-04,S005,P0012,Furniture,North,276,68,0,121.07,10,Rainy,1,135.47,Spring,0,86
2022-04-04,S005,P0013,Groceries,North,332,103,0,63.44,15,Rainy,1,71.37,Spring,0,99
2022-04-04,S005,P0014,Furniture,North,348,44,0,144.58,10,Rainy,0,138.31,Spring,0,53
2022-04-04,S005,P0015,Groceries,North,292,100,233,42.54,25,Rainy,1,39.81,Spring,0,121
2022-04-04,S005,P0016,Toys,North,645,122,0,33.63,10,Rainy,0,36.02,Spring,0,115
2022-04-04,S005,P0017,Toys,North,86,86,128,44.54,0,Rainy,0,40.89,Spring,0,132
2022-04-04,S005,P0018,Clothing,North,123,44,0,16.69,15,Rainy,1,14.19,Spring,0,52
2022-04-04,S005,P0019,Furniture,North,58,58,138,129.83,10,Rainy,0,155.52,Spring,0,84
2022-04-04,S005,P0020,Toys,North,126,78,88,26.16,10,Rainy,0,31.1,Spring,0,77
2022-04-05,S001,P0001,Electronics,North,432,79,0,69.25,10,Cloudy,0,66.66,Spring,0,101
2022-04-05,S001,P0002,Clothing,North,82,82,116,65.88,10,Cloudy,1,78.92,Spring,0,132
2022-04-05,S001,P0003,Clothing,North,805,52,0,47.96,10,Cloudy,0,57.48,Spring,0,86
2022-04-05,S001,P0004,Electronics,North,409,87,0,100.49,15,Cloudy,1,98.63,Spring,0,107
2022-04-05,S001,P0005,Groceries,North,388,154,0,73.25,0,Cloudy,0,73.01,Spring,0,151
2022-04-05,S001,P0006,Toys,North,505,141,692,45.87,20,Cloudy,1,51.85,Spring,0,214
2022-04-05,S001,P0007,Groceries,North,822,83,0,22.93,10,Cloudy,1,26.15,Spring,0,106
2022-04-05,S001,P0008,Electronics,North,91,57,79,39.58,5,Cloudy,0,44.48,Spring,0,73
2022-04-05,S001,P0009,Clothing,North,113,100,135,94.35,10,Cloudy,0,111.1,Spring,0,148
2022-04-05,S001,P0010,Furniture,North,402,76,511,150.48,0,Cloudy,0,135.3,Spring,0,106
2022-04-05,S001,P0011,Furniture,North,165,71,0,139.67,10,Cloudy,0,168.49,Spring,0,62
2022-04-05,S001,P0012,Groceries,North,153,122,0,93.89,0,Cloudy,0,109.92,Spring,0,139
2022-04-05,S001,P0013,Toys,North,144,107,153,35.44,15,Cloudy,1,42.27,Spring,0,171
2022-04-05,S001,P0014,Groceries,North,763,114,0,75.08,0,Cloudy,0,81.33,Spring,0,107
2022-04-05,S001,P0015,Toys,North,71,71,119,15.61,10,Cloudy,0,17.66,Spring,0,119
2022-04-05,S001,P0016,Groceries,North,460,140,459,44.16,5,Cloudy,0,40.12,Spring,0,140
2022-04-05,S001,P0017,Toys,North,70,70,135,22.29,25,Cloudy,1,19.03,Spring,0,167
2022-04-05,S001,P0018,Groceries,North,124,90,97,58.3,10,Cloudy,0,63.32,Spring,0,118
2022-04-05,S001,P0019,Furniture,North,84,84,81,95.65,20,Cloudy,1,109.2,Spring,0,91
2022-04-05,S001,P0020,Furniture,North,592,66,0,129.41,0,Cloudy,0,121.88,Spring,0,83
2022-04-05,S002,P0001,Groceries,South,560,161,0,91.34,5,Rainy,0,78.04,Spring,0,136
2022-04-05,S002,P0002,Toys,South,318,138,334,38.71,10,Rainy,1,37.08,Spring,0,165
2022-04-05,S002,P0003,Groceries,South,321,88,0,73.51,5,Rainy,0,85.65,Spring,0,84
2022-04-05,S002,P0004,Groceries,South,1171,148,0,37.47,25,Rainy,1,36.76,Spring,0,136
2022-04-05,S002,P0005,Electronics,South,295,91,0,80.65,10,Rainy,0,89.58,Spring,0,86
2022-04-05,S002,P0006,Clothing,South,102,102,133,67.32,10,Rainy,1,78.24,Spring,0,137
2022-04-05,S002,P0007,Toys,South,238,138,533,33.69,15,Rainy,1,31.42,Spring,0,191
2022-04-05,S002,P0008,Groceries,South,149,73,121,27.34,0,Rainy,0,30.16,Spring,0,116
2022-04-05,S002,P0009,Groceries,South,130,54,0,56.23,5,Rainy,0,55.59,Spring,0,68
2022-04-05,S002,P0010,Groceries,South,146,56,0,75.65,10,Rainy,0,69.15,Spring,0,67
2022-04-05,S002,P0011,Groceries,South,174,137,0,108.32,10,Rainy,0,96.85,Spring,0,159
2022-04-05,S002,P0012,Electronics,South,513,63,0,58.01,10,Rainy,0,69.07,Spring,0,76
2022-04-05,S002,P0013,Groceries,South,359,190,428,20.07,25,Rainy,1,23.73,Spring,0,160
2022-04-05,S002,P0014,Electronics,South,530,54,0,107.75,5,Rainy,0,92.19,Spring,0,54
2022-04-05,S002,P0015,Clothing,South,767,94,0,65.82,10,Rainy,0,56.2,Spring,0,99
2022-04-05,S002,P0016,Clothing,South,127,96,194,81.38,10,Rainy,0,78.6,Spring,0,86
2022-04-05,S002,P0017,Toys,South,597,58,0,15.46,25,Rainy,1,16.83,Spring,0,90
2022-04-05,S002,P0018,Clothing,South,144,108,93,27.28,10,Rainy,0,25.04,Spring,0,106
2022-04-05,S002,P0019,Clothing,South,261,94,0,76.17,15,Rainy,1,84.39,Spring,0,102
2022-04-05,S002,P0020,Furniture,South,274,52,0,131.46,0,Rainy,0,123.59,Spring,0,64
2022-04-05,S003,P0001,Toys,East,439,93,0,16.07,10,Cloudy,0,14.52,Spring,0,97
2022-04-05,S003,P0002,Groceries,East,224,200,0,60.91,20,Cloudy,1,57.32,Spring,0,184
2022-04-05,S003,P0003,Electronics,East,188,98,0,82.36,5,Cloudy,0,92.86,Spring,0,86
2022-04-05,S003,P0004,Groceries,East,461,85,0,19.71,15,Cloudy,1,23.17,Spring,0,99
2022-04-05,S003,P0005,Toys,East,562,173,0,28.78,5,Cloudy,0,28.76,Spring,0,176
2022-04-05,S003,P0006,Toys,East,151,151,251,49.79,10,Cloudy,1,57.46,Spring,0,218
2022-04-05,S003,P0007,Groceries,East,170,108,0,18.27,10,Cloudy,1,15.97,Spring,0,154
2022-04-05,S003,P0008,Clothing,East,150,76,128,102.22,5,Cloudy,0,109.67,Spring,0,75
2022-04-05,S003,P0009,Groceries,East,138,118,109,57.65,0,Cloudy,0,68.64,Spring,0,117
2022-04-05,S003,P0010,Groceries,East,141,59,0,34.34,5,Cloudy,0,32.44,Spring,0,61
2022-04-05,S003,P0011,Electronics,East,374,95,0,127.7,0,Cloudy,0,134.99,Spring,0,105
2022-04-05,S003,P0012,Furniture,East,148,106,0,113.61,0,Cloudy,0,136.46,Spring,0,117
2022-04-05,S003,P0013,Groceries,East,373,75,0,60.3,25,Cloudy,1,58.17,Spring,0,113
2022-04-05,S003,P0014,Groceries,East,306,53,0,86.05,5,Cloudy,0,96.39,Spring,0,84
2022-04-05,S003,P0015,Groceries,East,362,65,0,90.6,5,Cloudy,0,99.04,Spring,0,90
2022-04-05,S003,P0016,Electronics,East,311,166,341,120.6,0,Cloudy,0,132.35,Spring,0,156
2022-04-05,S003,P0017,Furniture,East,400,84,315,104.64,15,Cloudy,1,110.78,Spring,0,78
2022-04-05,S003,P0018,Furniture,East,271,90,0,147.06,0,Cloudy,0,130.78,Spring,0,85
2022-04-05,S003,P0019,Groceries,East,129,129,176,59.7,15,Cloudy,1,54.52,Spring,0,161
2022-04-05,S003,P0020,Clothing,East,593,75,0,60.66,10,Cloudy,0,71.17,Spring,0,67
2022-04-05,S004,P0001,Groceries,West,861,129,0,13.18,0,Rainy,0,12.49,Spring,0,137
2022-04-05,S004,P0002,Groceries,West,263,152,316,18.05,25,Rainy,1,21.47,Spring,0,154
2022-04-05,S004,P0003,Furniture,West,439,129,0,150.03,10,Rainy,0,137.22,Spring,0,112
2022-04-05,S004,P0004,Groceries,West,181,91,0,42.24,25,Rainy,1,45.35,Spring,0,112
2022-04-05,S004,P0005,Clothing,West,48,43,50,61.01,0,Rainy,0,68.38,Spring,0,46
2022-04-05,S004,P0006,Groceries,West,194,194,374,38.12,20,Rainy,1,33.12,Spring,0,170
2022-04-05,S004,P0007,Groceries,West,778,131,0,29.69,20,Rainy,1,26.13,Spring,0,167
2022-04-05,S004,P0008,Furniture,West,88,51,79,90.26,10,Rainy,0,95.2,Spring,0,79
2022-04-05,S004,P0009,Clothing,West,544,109,0,120.96,0,Rainy,0,132.84,Spring,0,110
2022-04-05,S004,P0010,Groceries,West,526,131,637,28.13,10,Rainy,0,27.45,Spring,0,142
2022-04-05,S004,P0011,Clothing,West,572,66,0,58.85,10,Rainy,0,55.65,Spring,0,108
2022-04-05,S004,P0012,Electronics,West,78,73,71,109.48,5,Rainy,0,99.0,Spring,0,80
2022-04-05,S004,P0013,Groceries,West,305,58,0,19.38,10,Rainy,1,17.11,Spring,0,97
2022-04-05,S004,P0014,Furniture,West,207,87,184,183.0,0,Rainy,0,169.14,Spring,0,85
2022-04-05,S004,P0015,Furniture,West,464,73,0,88.11,5,Rainy,0,93.43,Spring,0,62
2022-04-05,S004,P0016,Furniture,West,383,52,0,105.71,5,Rainy,0,99.15,Spring,0,45
2022-04-05,S004,P0017,Clothing,West,194,78,0,79.09,20,Rainy,1,77.4,Spring,0,84
2022-04-05,S004,P0018,Furniture,West,162,24,0,134.62,5,Rainy,0,119.64,Spring,0,28
2022-04-05,S004,P0019,Clothing,West,212,197,229,64.32,20,Rainy,1,71.09,Spring,0,197
2022-04-05,S004,P0020,Furniture,West,93,80,0,135.85,0,Rainy,0,134.68,Spring,0,70
2022-04-05,S005,P0001,Groceries,North,277,82,0,11.02,5,Cloudy,0,12.62,Spring,0,88
2022-04-05,S005,P0002,Electronics,North,545,115,0,38.62,10,Cloudy,1,43.55,Spring,0,105
2022-04-05,S005,P0003,Toys,North,265,82,0,33.97,5,Cloudy,0,31.44,Spring,0,132
2022-04-05,S005,P0004,Groceries,North,124,124,161,7.79,20,Cloudy,1,7.77,Spring,0,159
2022-04-05,S005,P0005,Groceries,North,568,123,0,16.03,10,Cloudy,0,17.13,Spring,0,125
2022-04-05,S005,P0006,Groceries,North,405,141,609,62.14,15,Cloudy,1,56.49,Spring,0,148
2022-04-05,S005,P0007,Groceries,North,222,115,0,73.62,25,Cloudy,1,84.58,Spring,0,157
2022-04-05,S005,P0008,Groceries,North,114,105,147,70.98,5,Cloudy,0,63.04,Spring,0,137
2022-04-05,S005,P0009,Groceries,North,290,116,419,97.08,10,Cloudy,0,103.56,Spring,0,136
2022-04-05,S005,P0010,Groceries,North,645,96,0,64.43,0,Cloudy,0,60.69,Spring,0,105
2022-04-05,S005,P0011,Electronics,North,708,68,0,74.36,5,Cloudy,0,66.93,Spring,0,72
2022-04-05,S005,P0012,Furniture,North,208,78,410,150.05,5,Cloudy,0,146.1,Spring,0,119
2022-04-05,S005,P0013,Groceries,North,229,15,0,51.84,10,Cloudy,1,49.52,Spring,0,18
2022-04-05,S005,P0014,Furniture,North,304,92,411,175.06,10,Cloudy,0,189.61,Spring,0,123
2022-04-05,S005,P0015,Groceries,North,192,114,0,49.76,5,Cloudy,0,54.59,Spring,0,112
2022-04-05,S005,P0016,Toys,North,523,111,0,33.8,10,Cloudy,0,32.23,Spring,0,101
2022-04-05,S005,P0017,Toys,North,128,50,67,26.77,25,Cloudy,1,23.98,Spring,0,65
2022-04-05,S005,P0018,Clothing,North,79,66,72,19.03,5,Cloudy,0,22.66,Spring,0,71
2022-04-05,S005,P0019,Furniture,North,132,90,0,116.55,20,Cloudy,1,127.99,Spring,0,87
2022-04-05,S005,P0020,Toys,North,136,32,0,24.63,10,Cloudy,0,22.39,Spring,0,47
2022-04-06,S001,P0001,Electronics,North,353,65,0,74.82,0,Cloudy,0,89.89,Spring,0,108
2022-04-06,S001,P0002,Clothing,North,116,116,198,88.61,0,Cloudy,0,83.32,Spring,0,182
2022-04-06,S001,P0003,Clothing,North,753,96,0,57.31,10,Cloudy,0,48.82,Spring,0,125
2022-04-06,S001,P0004,Electronics,North,322,219,355,114.64,20,Cloudy,1,135.2,Spring,0,193
2022-04-06,S001,P0005,Groceries,North,234,93,0,67.55,0,Cloudy,0,74.52,Spring,0,140
2022-04-06,S001,P0006,Toys,North,364,101,0,40.69,0,Cloudy,0,46.84,Spring,0,92
2022-04-06,S001,P0007,Groceries,North,739,142,1006,26.82,25,Cloudy,1,32.2,Spring,0,231
2022-04-06,S001,P0008,Electronics,North,113,94,98,40.14,20,Cloudy,1,34.42,Spring,0,114
2022-04-06,S001,P0009,Clothing,North,148,66,80,80.0,10,Cloudy,1,87.01,Spring,0,94
2022-04-06,S001,P0010,Furniture,North,326,47,0,97.62,25,Cloudy,1,103.45,Spring,0,79
2022-04-06,S001,P0011,Furniture,North,263,112,199,169.12,10,Cloudy,1,163.27,Spring,0,103
2022-04-06,S001,P0012,Groceries,North,430,107,0,81.34,20,Cloudy,1,87.07,Spring,0,167
2022-04-06,S001,P0013,Toys,North,190,190,220,37.3,25,Cloudy,1,40.6,Spring,0,244
2022-04-06,S001,P0014,Groceries,North,649,133,0,73.98,10,Cloudy,1,80.07,Spring,0,137
2022-04-06,S001,P0015,Toys,North,119,119,140,16.53,5,Cloudy,0,18.73,Spring,0,120
2022-04-06,S001,P0016,Groceries,North,320,103,0,38.53,10,Cloudy,0,38.51,Spring,0,113
2022-04-06,S001,P0017,Toys,North,135,50,0,20.63,10,Cloudy,0,19.77,Spring,0,82
2022-04-06,S001,P0018,Groceries,North,131,97,161,67.61,10,Cloudy,1,65.57,Spring,0,151
2022-04-06,S001,P0019,Furniture,North,81,81,85,112.33,5,Cloudy,0,108.98,Spring,0,73
2022-04-06,S001,P0020,Furniture,North,526,63,0,90.99,25,Cloudy,1,81.47,Spring,0,65
2022-04-06,S002,P0001,Groceries,South,399,64,0,77.81,10,Cloudy,0,73.47,Spring,0,102
2022-04-06,S002,P0002,Toys,South,180,115,0,34.82,0,Cloudy,0,36.82,Spring,0,110
2022-04-06,S002,P0003,Groceries,South,791,93,0,96.15,5,Cloudy,0,89.25,Spring,0,155
2022-04-06,S002,P0004,Groceries,South,1023,115,0,41.14,10,Cloudy,1,45.01,Spring,0,123
2022-04-06,S002,P0005,Electronics,South,204,66,0,85.04,10,Cloudy,0,72.5,Spring,0,86
2022-04-06,S002,P0006,Clothing,South,133,79,102,64.72,10,Cloudy,0,57.17,Spring,0,108
2022-04-06,S002,P0007,Toys,South,100,100,0,25.36,25,Cloudy,1,22.72,Spring,0,133
2022-04-06,S002,P0008,Groceries,South,197,112,0,23.5,20,Cloudy,1,22.43,Spring,0,123
2022-04-06,S002,P0009,Groceries,South,388,228,386,72.22,20,Cloudy,1,63.2,Spring,0,212
2022-04-06,S002,P0010,Groceries,South,90,90,190,97.05,15,Cloudy,1,92.72,Spring,0,165
2022-04-06,S002,P0011,Groceries,South,37,37,706,103.55,25,Cloudy,1,91.55,Spring,0,212
2022-04-06,S002,P0012,Electronics,South,450,210,898,80.45,15,Cloudy,1,78.27,Spring,0,187
2022-04-06,S002,P0013,Groceries,South,169,161,0,22.16,20,Cloudy,1,20.02,Spring,0,154
2022-04-06,S002,P0014,Electronics,South,476,57,0,116.07,10,Cloudy,1,101.12,Spring,0,90
2022-04-06,S002,P0015,Clothing,South,673,131,0,85.42,0,Cloudy,0,73.1,Spring,0,150
2022-04-06,S002,P0016,Clothing,South,31,31,277,101.57,0,Cloudy,0,88.77,Spring,0,122
2022-04-06,S002,P0017,Toys,South,539,80,0,21.33,10,Cloudy,0,20.79,Spring,0,117
2022-04-06,S002,P0018,Clothing,South,129,123,139,28.47,10,Cloudy,1,24.73,Spring,0,119
2022-04-06,S002,P0019,Clothing,South,167,65,0,76.24,10,Cloudy,0,74.21,Spring,0,71
2022-04-06,S002,P0020,Furniture,South,222,124,0,126.07,20,Cloudy,1,124.78,Spring,0,118
2022-04-06,S003,P0001,Toys,East,346,88,0,16.27,10,Sunny,0,17.65,Spring,0,117
2022-04-06,S003,P0002,Groceries,East,551,11,0,39.44,5,Sunny,0,46.26,Spring,0,19
2022-04-06,S003,P0003,Electronics,East,90,90,141,105.43,0,Sunny,0,96.56,Spring,0,131
2022-04-06,S003,P0004,Groceries,East,376,111,499,23.06,20,Sunny,1,21.66,Spring,0,154
2022-04-06,S003,P0005,Toys,East,389,90,0,23.02,5,Sunny,0,22.01,Spring,0,100
2022-04-06,S003,P0006,Toys,East,251,109,0,39.67,10,Sunny,0,44.44,Spring,0,132
2022-04-06,S003,P0007,Groceries,East,799,104,0,16.96,10,Sunny,1,18.89,Spring,0,145
2022-04-06,S003,P0008,Clothing,East,74,74,350,117.6,15,Sunny,1,140.07,Spring,0,154
2022-04-06,S003,P0009,Groceries,East,129,129,173,55.16,15,Sunny,1,60.92,Spring,0,158
2022-04-06,S003,P0010,Groceries,East,82,82,104,36.34,20,Sunny,1,32.21,Spring,0,129
2022-04-06,S003,P0011,Electronics,East,279,226,465,140.35,25,Sunny,1,158.14,Spring,0,249
2022-04-06,S003,P0012,Furniture,East,299,159,448,104.24,25,Sunny,1,121.76,Spring,0,188
2022-04-06,S003,P0013,Groceries,East,298,241,0,90.7,15,Sunny,1,89.79,Spring,0,217
2022-04-06,S003,P0014,Groceries,East,633,133,0,81.71,20,Sunny,1,86.06,Spring,0,121
2022-04-06,S003,P0015,Groceries,East,297,100,0,92.17,5,Sunny,0,97.75,Spring,0,95
2022-04-06,S003,P0016,Electronics,East,145,126,0,112.45,10,Sunny,0,108.3,Spring,0,150
2022-04-06,S003,P0017,Furniture,East,316,93,0,137.89,5,Sunny,0,128.81,Spring,0,112
2022-04-06,S003,P0018,Furniture,East,756,130,0,143.52,15,Sunny,1,142.52,Spring,0,128
2022-04-06,S003,P0019,Groceries,East,176,105,0,52.02,10,Sunny,0,46.48,Spring,0,97
2022-04-06,S003,P0020,Clothing,East,518,124,676,87.99,10,Sunny,1,102.47,Spring,0,190
2022-04-06,S004,P0001,Groceries,West,732,82,0,12.48,0,Cloudy,0,11.2,Spring,0,119
2022-04-06,S004,P0002,Groceries,West,111,81,0,21.33,0,Cloudy,0,18.85,Spring,0,98
2022-04-06,S004,P0003,Furniture,West,310,33,0,120.81,10,Cloudy,0,118.23,Spring,0,50
2022-04-06,S004,P0004,Groceries,West,528,127,0,51.24,15,Cloudy,1,56.43,Spring,0,135
2022-04-06,S004,P0005,Clothing,West,55,55,87,70.68,5,Cloudy,0,64.62,Spring,0,86
2022-04-06,S004,P0006,Groceries,West,0,0,0,37.06,5,Cloudy,0,40.69,Spring,0,118
2022-04-06,S004,P0007,Groceries,West,647,41,0,20.72,15,Cloudy,1,20.27,Spring,0,39
2022-04-06,S004,P0008,Furniture,West,116,59,78,74.56,25,Cloudy,1,84.68,Spring,0,77
2022-04-06,S004,P0009,Clothing,West,435,90,0,102.98,10,Cloudy,1,119.65,Spring,0,93
2022-04-06,S004,P0010,Groceries,West,395,112,0,28.93,10,Cloudy,1,27.48,Spring,0,152
2022-04-06,S004,P0011,Clothing,West,506,146,911,70.04,15,Cloudy,1,80.63,Spring,0,210
2022-04-06,S004,P0012,Electronics,West,76,76,154,118.88,15,Cloudy,1,131.58,Spring,0,159
2022-04-06,S004,P0013,Groceries,West,247,135,0,19.25,25,Cloudy,1,18.19,Spring,0,154
2022-04-06,S004,P0014,Furniture,West,120,84,0,144.0,25,Cloudy,1,159.4,Spring,0,115
2022-04-06,S004,P0015,Furniture,West,391,33,0,84.58,5,Cloudy,0,92.38,Spring,0,51
2022-04-06,S004,P0016,Furniture,West,331,87,0,105.99,10,Cloudy,0,112.07,Spring,0,74
2022-04-06,S004,P0017,Clothing,West,116,96,153,122.26,0,Cloudy,0,119.42,Spring,0,153
2022-04-06,S004,P0018,Furniture,West,138,132,130,156.83,25,Cloudy,1,145.78,Spring,0,138
2022-04-06,S004,P0019,Clothing,West,244,67,0,60.39,5,Cloudy,0,53.42,Spring,0,97
2022-04-06,S004,P0020,Furniture,West,156,112,228,120.7,20,Cloudy,1,141.53,Spring,0,117
2022-04-06,S005,P0001,Groceries,North,195,94,300,13.98,5,Cloudy,0,13.48,Spring,0,147
2022-04-06,S005,P0002,Electronics,North,430,109,0,38.68,10,Cloudy,0,44.43,Spring,0,106
2022-04-06,S005,P0003,Toys,North,183,101,112,33.78,5,Cloudy,0,31.55,Spring,0,130
2022-04-06,S005,P0004,Groceries,North,161,161,177,9.11,10,Cloudy,1,10.51,Spring,0,193
2022-04-06,S005,P0005,Groceries,North,445,65,0,14.51,5,Cloudy,0,13.98,Spring,0,64
2022-04-06,S005,P0006,Groceries,North,264,84,0,66.99,0,Cloudy,0,75.44,Spring,0,136
2022-04-06,S005,P0007,Groceries,North,342,187,329,91.86,10,Cloudy,1,106.88,Spring,0,171
2022-04-06,S005,P0008,Groceries,North,156,144,118,58.96,20,Cloudy,1,58.82,Spring,0,133
2022-04-06,S005,P0009,Groceries,North,174,142,0,101.87,10,Cloudy,1,113.42,Spring,0,153
2022-04-06,S005,P0010,Groceries,North,549,160,0,62.55,10,Cloudy,1,71.43,Spring,0,147
2022-04-06,S005,P0011,Electronics,North,640,87,0,80.68,15,Cloudy,1,77.57,Spring,0,131
2022-04-06,S005,P0012,Furniture,North,130,42,0,113.97,10,Cloudy,1,102.36,Spring,0,55
2022-04-06,S005,P0013,Groceries,North,580,159,0,65.55,25,Cloudy,1,69.79,Spring,0,151
2022-04-06,S005,P0014,Furniture,North,212,88,0,137.54,25,Cloudy,1,127.92,Spring,0,89
2022-04-06,S005,P0015,Groceries,North,311,177,321,55.38,10,Cloudy,0,60.36,Spring,0,167
2022-04-06,S005,P0016,Toys,North,412,51,0,31.44,5,Cloudy,0,33.27,Spring,0,78
2022-04-06,S005,P0017,Toys,North,145,32,0,34.06,0,Cloudy,0,32.59,Spring,0,53
2022-04-06,S005,P0018,Clothing,North,85,85,165,20.7,25,Cloudy,1,20.18,Spring,0,156
2022-04-06,S005,P0019,Furniture,North,180,55,151,129.43,5,Cloudy,0,155.25,Spring,0,68
2022-04-06,S005,P0020,Toys,North,104,104,127,26.09,20,Cloudy,1,29.22,Spring,0,111
2022-04-07,S001,P0001,Electronics,North,288,71,0,58.68,10,Sunny,0,66.38,Spring,0,68
2022-04-07,S001,P0002,Clothing,North,198,115,0,65.94,10,Sunny,1,62.43,Spring,0,115
2022-04-07,S001,P0003,Clothing,North,657,224,865,79.74,0,Sunny,0,69.78,Spring,0,208
2022-04-07,S001,P0004,Electronics,North,103,99,0,99.02,5,Sunny,0,116.58,Spring,0,84
2022-04-07,S001,P0005,Groceries,North,795,52,0,46.91,10,Sunny,1,44.27,Spring,0,48
2022-04-07,S001,P0006,Toys,North,263,187,0,44.67,15,Sunny,1,53.06,Spring,0,179
2022-04-07,S001,P0007,Groceries,North,597,192,0,28.1,25,Sunny,1,24.72,Spring,0,229
2022-04-07,S001,P0008,Electronics,North,117,61,0,41.84,0,Sunny,0,48.35,Spring,0,75
2022-04-07,S001,P0009,Clothing,North,162,152,165,94.04,10,Sunny,0,106.01,Spring,0,147
2022-04-07,S001,P0010,Furniture,North,279,116,0,137.06,10,Sunny,0,119.35,Spring,0,110
2022-04-07,S001,P0011,Furniture,North,151,151,243,192.26,10,Sunny,1,165.97,Spring,0,145
2022-04-07,S001,P0012,Groceries,North,323,215,409,84.74,20,Sunny,1,98.02,Spring,0,183
2022-04-07,S001,P0013,Toys,North,220,111,0,39.45,5,Sunny,0,33.71,Spring,0,151
2022-04-07,S001,P0014,Groceries,North,516,155,563,85.51,10,Sunny,1,72.69,Spring,0,170
2022-04-07,S001,P0015,Toys,North,140,95,117,15.5,10,Sunny,0,13.2,Spring,0,101
2022-04-07,S001,P0016,Groceries,North,217,74,0,38.65,0,Sunny,0,44.1,Spring,0,97
2022-04-07,S001,P0017,Toys,North,85,85,133,24.39,10,Sunny,0,27.04,Spring,0,152
2022-04-07,S001,P0018,Groceries,North,195,171,172,71.14,0,Sunny,0,83.26,Spring,0,150
2022-04-07,S001,P0019,Furniture,North,85,28,50,100.92,0,Sunny,0,112.08,Spring,0,45
2022-04-07,S001,P0020,Furniture,North,463,129,490,133.57,15,Sunny,1,121.48,Spring,0,145
2022-04-07,S002,P0001,Groceries,South,335,60,0,72.95,10,Rainy,0,69.37,Spring,0,83
2022-04-07,S002,P0002,Toys,South,399,95,0,24.96,25,Rainy,1,27.78,Spring,0,97
2022-04-07,S002,P0003,Groceries,South,698,54,0,73.78,5,Rainy,0,87.07,Spring,0,85
2022-04-07,S002,P0004,Groceries,South,908,83,0,36.82,10,Rainy,0,33.61,Spring,0,74
2022-04-07,S002,P0005,Electronics,South,707,115,0,88.02,10,Rainy,1,79.2,Spring,0,96
2022-04-07,S002,P0006,Clothing,South,156,140,124,65.76,10,Rainy,1,79.12,Spring,0,129
2022-04-07,S002,P0007,Toys,South,394,116,0,27.06,20,Rainy,1,24.07,Spring,0,133
2022-04-07,S002,P0008,Groceries,South,85,85,75,23.49,5,Rainy,0,26.89,Spring,0,86
2022-04-07,S002,P0009,Groceries,South,160,68,0,62.44,5,Rainy,0,56.27,Spring,0,98
2022-04-07,S002,P0010,Groceries,South,190,130,127,100.34,10,Rainy,0,95.17,Spring,0,156
2022-04-07,S002,P0011,Groceries,South,365,134,0,107.14,10,Rainy,1,100.65,Spring,0,155
2022-04-07,S002,P0012,Electronics,South,240,101,0,73.46,15,Rainy,1,67.96,Spring,0,153
2022-04-07,S002,P0013,Groceries,South,8,8,424,25.22,0,Rainy,0,29.79,Spring,0,139
2022-04-07,S002,P0014,Electronics,South,419,138,762,128.83,15,Rainy,1,151.12,Spring,0,159
2022-04-07,S002,P0015,Clothing,South,542,37,0,54.34,10,Rainy,0,53.78,Spring,0,46
2022-04-07,S002,P0016,Clothing,South,194,58,0,79.46,5,Rainy,0,88.75,Spring,0,79
2022-04-07,S002,P0017,Toys,South,459,40,0,17.42,10,Rainy,0,15.59,Spring,0,58
2022-04-07,S002,P0018,Clothing,South,145,65,0,27.22,0,Rainy,0,32.28,Spring,0,89
2022-04-07,S002,P0019,Clothing,South,102,84,0,77.66,5,Rainy,0,82.96,Spring,0,75
2022-04-07,S002,P0020,Furniture,South,479,109,0,116.77,15,Rainy,1,132.85,Spring,0,91
2022-04-07,S003,P0001,Toys,East,258,64,0,15.22,10,Sunny,0,13.38,Spring,0,81
2022-04-07,S003,P0002,Groceries,East,540,216,556,65.95,20,Sunny,1,64.6,Spring,0,217
2022-04-07,S003,P0003,Electronics,East,141,79,76,91.36,0,Sunny,0,81.09,Spring,0,86
2022-04-07,S003,P0004,Groceries,East,265,49,0,20.54,0,Sunny,0,18.61,Spring,0,51
2022-04-07,S003,P0005,Toys,East,955,74,0,19.49,10,Sunny,1,18.81,Spring,0,67
2022-04-07,S003,P0006,Toys,East,142,79,153,32.94,25,Sunny,1,37.92,Spring,0,131
2022-04-07,S003,P0007,Groceries,East,695,191,929,17.3,25,Sunny,1,16.19,Spring,0,202
2022-04-07,S003,P0008,Clothing,East,128,128,0,134.68,5,Sunny,0,133.09,Spring,0,145
2022-04-07,S003,P0009,Groceries,East,173,102,0,49.61,5,Sunny,0,55.8,Spring,0,87
2022-04-07,S003,P0010,Groceries,East,104,90,79,37.2,10,Sunny,0,35.12,Spring,0,99
2022-04-07,S003,P0011,Electronics,East,53,53,0,144.3,10,Sunny,1,172.95,Spring,0,184
2022-04-07,S003,P0012,Furniture,East,140,140,0,100.7,20,Sunny,1,114.9,Spring,0,151
2022-04-07,S003,P0013,Groceries,East,57,57,0,72.85,10,Sunny,0,87.79,Spring,0,132
2022-04-07,S003,P0014,Groceries,East,500,132,0,93.06,10,Sunny,1,98.32,Spring,0,125
2022-04-07,S003,P0015,Groceries,East,197,114,0,108.93,0,Sunny,0,118.85,Spring,0,132
2022-04-07,S003,P0016,Electronics,East,360,86,0,90.24,10,Sunny,0,99.77,Spring,0,95
2022-04-07,S003,P0017,Furniture,East,223,111,0,138.94,0,Sunny,0,126.98,Spring,0,98
2022-04-07,S003,P0018,Furniture,East,626,72,0,125.86,5,Sunny,0,139.71,Spring,0,70
2022-04-07,S003,P0019,Groceries,East,71,69,69,51.48,0,Sunny,0,61.03,Spring,0,78
2022-04-07,S003,P0020,Clothing,East,394,179,0,75.79,15,Sunny,1,86.91,Spring,0,155
2022-04-07,S004,P0001,Groceries,West,650,96,0,10.77,5,Cloudy,0,12.72,Spring,0,104
2022-04-07,S004,P0002,Groceries,West,346,222,350,22.56,20,Cloudy,1,20.37,Spring,0,195
2022-04-07,S004,P0003,Furniture,West,277,81,250,140.74,5,Cloudy,0,159.17,Spring,0,91
2022-04-07,S004,P0004,Groceries,West,401,86,0,51.69,5,Cloudy,0,55.25,Spring,0,102
2022-04-07,S004,P0005,Clothing,West,87,87,185,76.29,25,Cloudy,1,91.61,Spring,0,213
2022-04-07,S004,P0006,Groceries,West,374,133,0,34.17,20,Cloudy,1,37.37,Spring,0,149
2022-04-07,S004,P0007,Groceries,West,606,130,0,26.12,20,Cloudy,1,28.07,Spring,0,139
2022-04-07,S004,P0008,Furniture,West,135,69,0,96.94,5,Cloudy,0,83.0,Spring,0,70
2022-04-07,S004,P0009,Clothing,West,345,51,0,95.13,10,Cloudy,0,106.14,Spring,0,70
2022-04-07,S004,P0010,Groceries,West,283,56,0,24.73,0,Cloudy,0,29.65,Spring,0,84
2022-04-07,S004,P0011,Clothing,West,360,140,0,54.59,20,Cloudy,1,47.64,Spring,0,121
2022-04-07,S004,P0012,Electronics,West,154,131,128,98.43,25,Cloudy,1,110.19,Spring,0,137
2022-04-07,S004,P0013,Groceries,West,554,174,437,26.7,0,Cloudy,0,24.96,Spring,0,169
2022-04-07,S004,P0014,Furniture,West,220,60,0,124.45,25,Cloudy,1,147.75,Spring,0,72
2022-04-07,S004,P0015,Furniture,West,358,41,0,97.76,0,Cloudy,0,87.24,Spring,0,63
2022-04-07,S004,P0016,Furniture,West,244,57,276,121.57,5,Cloudy,0,118.23,Spring,0,83
2022-04-07,S004,P0017,Clothing,West,173,61,0,95.44,5,Cloudy,0,86.83,Spring,0,89
2022-04-07,S004,P0018,Furniture,West,136,98,72,167.56,0,Cloudy,0,200.74,Spring,0,85
2022-04-07,S004,P0019,Clothing,West,177,73,0,55.52,5,Cloudy,0,54.92,Spring,0,73
2022-04-07,S004,P0020,Furniture,West,44,44,0,114.14,25,Cloudy,1,100.1,Spring,0,103
2022-04-07,S005,P0001,Groceries,North,101,101,0,12.23,10,Sunny,0,12.95,Spring,0,138
2022-04-07,S005,P0002,Electronics,North,321,170,477,37.81,25,Sunny,1,42.76,Spring,0,159
2022-04-07,S005,P0003,Toys,North,194,194,188,38.06,5,Sunny,0,44.85,Spring,0,192
2022-04-07,S005,P0004,Groceries,North,177,22,0,6.15,5,Sunny,0,5.8,Spring,0,37
2022-04-07,S005,P0005,Groceries,North,380,179,0,17.53,10,Sunny,1,20.44,Spring,0,156
2022-04-07,S005,P0006,Groceries,North,180,113,0,52.32,25,Sunny,1,51.74,Spring,0,132
2022-04-07,S005,P0007,Groceries,North,155,79,0,64.26,20,Sunny,1,54.85,Spring,0,76
2022-04-07,S005,P0008,Groceries,North,130,130,169,66.74,10,Sunny,0,77.6,Spring,0,153
2022-04-07,S005,P0009,Groceries,North,32,32,0,101.22,0,Sunny,0,99.07,Spring,0,99
2022-04-07,S005,P0010,Groceries,North,389,125,539,74.52,0,Sunny,0,89.75,Spring,0,173
2022-04-07,S005,P0011,Electronics,North,553,64,0,63.82,15,Sunny,1,67.85,Spring,0,75
2022-04-07,S005,P0012,Furniture,North,356,87,0,143.69,10,Sunny,1,159.58,Spring,0,140
2022-04-07,S005,P0013,Groceries,North,421,116,0,80.58,0,Sunny,0,77.62,Spring,0,106
2022-04-07,S005,P0014,Furniture,North,124,102,0,144.43,25,Sunny,1,132.43,Spring,0,104
2022-04-07,S005,P0015,Groceries,North,134,64,0,44.75,10,Sunny,0,49.85,Spring,0,96
2022-04-07,S005,P0016,Toys,North,361,128,326,35.7,10,Sunny,0,30.59,Spring,0,118
2022-04-07,S005,P0017,Toys,North,113,113,133,40.13,0,Sunny,0,47.78,Spring,0,115
2022-04-07,S005,P0018,Clothing,North,165,64,0,19.77,10,Sunny,0,18.35,Spring,0,83
2022-04-07,S005,P0019,Furniture,North,125,43,0,119.19,10,Sunny,0,113.34,Spring,0,47
2022-04-07,S005,P0020,Toys,North,127,127,175,34.31,20,Sunny,1,34.23,Spring,0,190
2022-04-08,S001,P0001,Electronics,North,217,69,264,68.91,10,Sunny,0,76.29,Spring,0,115
2022-04-08,S001,P0002,Clothing,North,83,83,94,65.65,5,Sunny,0,62.36,Spring,0,97
2022-04-08,S001,P0003,Clothing,North,433,101,0,67.88,5,Sunny,0,63.52,Spring,0,165
2022-04-08,S001,P0004,Electronics,North,359,145,0,89.51,25,Sunny,1,104.87,Spring,0,126
2022-04-08,S001,P0005,Groceries,North,743,123,0,69.93,0,Sunny,0,69.14,Spring,0,135
2022-04-08,S001,P0006,Toys,North,768,75,0,40.69,10,Sunny,0,39.2,Spring,0,109
2022-04-08,S001,P0007,Groceries,North,405,49,0,23.07,0,Sunny,0,27.01,Spring,0,76
2022-04-08,S001,P0008,Electronics,North,56,56,107,38.6,20,Sunny,1,41.85,Spring,0,117
2022-04-08,S001,P0009,Clothing,North,175,78,127,100.4,0,Sunny,0,90.25,Spring,0,116
2022-04-08,S001,P0010,Furniture,North,163,65,0,116.66,15,Sunny,1,104.28,Spring,0,79
2022-04-08,S001,P0011,Furniture,North,199,65,0,149.6,20,Sunny,1,141.12,Spring,0,101
2022-04-08,S001,P0012,Groceries,North,108,61,0,78.04,10,Sunny,1,69.65,Spring,0,97
2022-04-08,S001,P0013,Toys,North,109,109,181,40.83,10,Sunny,0,40.82,Spring,0,184
2022-04-08,S001,P0014,Groceries,North,361,245,0,80.1,25,Sunny,1,74.0,Spring,0,217
2022-04-08,S001,P0015,Toys,North,162,41,0,13.63,5,Sunny,0,16.38,Spring,0,63
2022-04-08,S001,P0016,Groceries,North,602,27,0,28.07,10,Sunny,1,31.94,Spring,0,39
2022-04-08,S001,P0017,Toys,North,133,133,312,29.19,20,Sunny,1,35.22,Spring,0,276
2022-04-08,S001,P0018,Groceries,North,196,158,198,62.54,20,Sunny,1,55.09,Spring,0,165
2022-04-08,S001,P0019,Furniture,North,107,107,179,130.89,10,Sunny,1,155.77,Spring,0,155
2022-04-08,S001,P0020,Furniture,North,334,104,0,130.41,10,Sunny,1,119.11,Spring,0,118
2022-04-08,S002,P0001,Groceries,South,275,82,316,78.72,10,Sunny,0,90.98,Spring,0,122
2022-04-08,S002,P0002,Toys,South,304,75,0,29.53,10,Sunny,0,34.19,Spring,0,92
2022-04-08,S002,P0003,Groceries,South,644,71,0,75.66,10,Sunny,0,85.08,Spring,0,109
2022-04-08,S002,P0004,Groceries,South,825,281,0,55.53,10,Sunny,1,64.56,Spring,0,238
2022-04-08,S002,P0005,Electronics,South,592,91,520,104.4,0,Sunny,0,122.05,Spring,0,133
2022-04-08,S002,P0006,Clothing,South,140,113,97,63.58,10,Sunny,0,60.34,Spring,0,102
2022-04-08,S002,P0007,Toys,South,811,80,0,26.81,5,Sunny,0,29.0,Spring,0,92
2022-04-08,S002,P0008,Groceries,South,75,75,152,23.92,20,Sunny,1,22.97,Spring,0,129
2022-04-08,S002,P0009,Groceries,South,478,70,0,66.68,0,Sunny,0,59.21,Spring,0,103
2022-04-08,S002,P0010,Groceries,South,187,143,0,86.96,15,Sunny,1,86.72,Spring,0,127
2022-04-08,S002,P0011,Groceries,South,231,183,0,91.05,25,Sunny,1,90.08,Spring,0,162
2022-04-08,S002,P0012,Electronics,South,139,82,0,59.48,25,Sunny,1,51.17,Spring,0,123
2022-04-08,S002,P0013,Groceries,South,428,152,0,29.28,0,Sunny,0,31.44,Spring,0,195
2022-04-08,S002,P0014,Electronics,South,281,127,0,127.78,20,Sunny,1,149.92,Spring,0,179
2022-04-08,S002,P0015,Clothing,South,505,57,0,66.79,0,Sunny,0,66.25,Spring,0,73
2022-04-08,S002,P0016,Clothing,South,413,159,0,88.59,20,Sunny,1,96.75,Spring,0,170
2022-04-08,S002,P0017,Toys,South,419,112,348,20.34,10,Sunny,1,24.57,Spring,0,118
2022-04-08,S002,P0018,Clothing,South,80,80,81,22.6,15,Sunny,1,27.32,Spring,0,82
2022-04-08,S002,P0019,Clothing,South,433,148,723,96.45,10,Sunny,1,108.07,Spring,0,163
2022-04-08,S002,P0020,Furniture,South,370,70,388,133.54,10,Sunny,1,144.06,Spring,0,115
2022-04-08,S003,P0001,Toys,East,194,121,276,17.89,10,Rainy,0,16.13,Spring,0,132
2022-04-08,S003,P0002,Groceries,East,324,85,0,53.42,10,Rainy,0,48.72,Spring,0,99
2022-04-08,S003,P0003,Electronics,East,138,136,136,94.37,10,Rainy,0,81.01,Spring,0,129
2022-04-08,S003,P0004,Groceries,East,216,216,0,27.45,15,Rainy,1,25.19,Spring,0,197
2022-04-08,S003,P0005,Toys,East,881,98,0,22.49,0,Rainy,0,25.46,Spring,0,93
2022-04-08,S003,P0006,Toys,East,216,91,0,35.14,10,Rainy,0,41.64,Spring,0,94
2022-04-08,S003,P0007,Groceries,East,504,119,0,15.76,5,Rainy,0,18.72,Spring,0,103
2022-04-08,S003,P0008,Clothing,East,350,62,0,83.84,25,Rainy,1,98.44,Spring,0,85
2022-04-08,S003,P0009,Groceries,East,71,71,112,52.65,5,Rainy,0,59.54,Spring,0,105
2022-04-08,S003,P0010,Groceries,East,93,93,165,39.57,20,Rainy,1,37.06,Spring,0,158
2022-04-08,S003,P0011,Electronics,East,465,74,0,113.35,10,Rainy,1,136.36,Spring,0,101
2022-04-08,S003,P0012,Furniture,East,448,80,0,95.5,15,Rainy,1,109.13,Spring,0,113
2022-04-08,S003,P0013,Groceries,East,930,113,0,66.57,10,Rainy,0,77.28,Spring,0,103
2022-04-08,S003,P0014,Groceries,East,368,54,0,66.96,25,Rainy,1,62.82,Spring,0,65
2022-04-08,S003,P0015,Groceries,East,792,106,0,99.25,5,Rainy,0,110.62,Spring,0,118
2022-04-08,S003,P0016,Electronics,East,274,141,263,95.51,25,Rainy,1,82.93,Spring,0,157
2022-04-08,S003,P0017,Furniture,East,112,96,318,115.49,15,Rainy,1,103.32,Spring,0,92
2022-04-08,S003,P0018,Furniture,East,554,83,424,141.82,10,Rainy,1,162.51,Spring,0,122
2022-04-08,S003,P0019,Groceries,East,71,53,63,46.4,10,Rainy,1,52.71,Spring,0,78
2022-04-08,S003,P0020,Clothing,East,215,115,0,75.96,10,Rainy,1,72.79,Spring,0,119
2022-04-08,S004,P0001,Groceries,West,554,77,0,9.96,0,Rainy,0,11.5,Spring,0,67
2022-04-08,S004,P0002,Groceries,West,124,87,0,20.08,0,Rainy,0,21.65,Spring,0,95
2022-04-08,S004,P0003,Furniture,West,196,93,0,152.34,0,Rainy,0,137.93,Spring,0,84
2022-04-08,S004,P0004,Groceries,West,315,138,444,47.32,25,Rainy,1,50.66,Spring,0,151
2022-04-08,S004,P0005,Clothing,West,185,54,0,69.7,0,Rainy,0,78.45,Spring,0,82
2022-04-08,S004,P0006,Groceries,West,241,61,0,33.36,5,Rainy,0,36.57,Spring,0,86
2022-04-08,S004,P0007,Groceries,West,476,89,565,31.1,10,Rainy,0,30.98,Spring,0,141
2022-04-08,S004,P0008,Furniture,West,66,66,113,85.72,25,Rainy,1,102.08,Spring,0,119
2022-04-08,S004,P0009,Clothing,West,294,90,250,120.32,0,Rainy,0,112.82,Spring,0,92
2022-04-08,S004,P0010,Groceries,West,227,147,0,24.61,15,Rainy,1,29.78,Spring,0,133
2022-04-08,S004,P0011,Clothing,West,220,54,0,45.95,25,Rainy,1,42.14,Spring,0,88
2022-04-08,S004,P0012,Electronics,West,151,112,154,115.8,15,Rainy,1,111.21,Spring,0,132
2022-04-08,S004,P0013,Groceries,West,380,117,0,23.92,0,Rainy,0,23.39,Spring,0,130
2022-04-08,S004,P0014,Furniture,West,160,74,232,137.96,25,Rainy,1,163.83,Spring,0,102
2022-04-08,S004,P0015,Furniture,West,317,60,216,100.48,0,Rainy,0,118.75,Spring,0,84
2022-04-08,S004,P0016,Furniture,West,187,66,0,103.62,10,Rainy,1,110.21,Spring,0,68
2022-04-08,S004,P0017,Clothing,West,112,93,119,106.62,10,Rainy,1,104.72,Spring,0,142
2022-04-08,S004,P0018,Furniture,West,110,43,50,117.54,20,Rainy,1,139.57,Spring,0,49
2022-04-08,S004,P0019,Clothing,West,104,104,160,61.41,10,Rainy,1,66.15,Spring,0,136
2022-04-08,S004,P0020,Furniture,West,228,65,0,122.7,10,Rainy,1,116.9,Spring,0,71
2022-04-08,S005,P0001,Groceries,North,300,108,0,13.19,0,Sunny,0,14.72,Spring,0,127
2022-04-08,S005,P0002,Electronics,North,151,96,0,42.83,0,Sunny,0,39.12,Spring,0,89
2022-04-08,S005,P0003,Toys,North,188,118,170,37.79,5,Sunny,0,36.75,Spring,0,170
2022-04-08,S005,P0004,Groceries,North,155,155,225,8.25,25,Sunny,1,9.55,Spring,0,228
2022-04-08,S005,P0005,Groceries,North,201,95,188,16.26,0,Sunny,0,18.16,Spring,0,97
2022-04-08,S005,P0006,Groceries,North,67,67,0,54.21,10,Sunny,0,64.86,Spring,0,102
2022-04-08,S005,P0007,Groceries,North,405,134,0,87.24,5,Sunny,0,100.78,Spring,0,134
2022-04-08,S005,P0008,Groceries,North,169,169,168,73.56,15,Sunny,1,64.45,Spring,0,192
2022-04-08,S005,P0009,Groceries,North,419,57,0,94.0,0,Sunny,0,92.81,Spring,0,77
2022-04-08,S005,P0010,Groceries,North,264,134,0,57.07,15,Sunny,1,64.04,Spring,0,135
2022-04-08,S005,P0011,Electronics,North,489,143,622,85.75,15,Sunny,1,99.11,Spring,0,171
2022-04-08,S005,P0012,Furniture,North,269,114,0,116.22,25,Sunny,1,135.47,Spring,0,130
2022-04-08,S005,P0013,Groceries,North,305,110,305,73.22,5,Sunny,0,84.3,Spring,0,109
2022-04-08,S005,P0014,Furniture,North,433,109,0,154.86,20,Sunny,1,143.22,Spring,0,105
2022-04-08,S005,P0015,Groceries,North,391,168,0,51.44,10,Sunny,0,56.34,Spring,0,140
2022-04-08,S005,P0016,Toys,North,233,218,517,36.78,20,Sunny,1,42.94,Spring,0,189
2022-04-08,S005,P0017,Toys,North,133,133,197,40.82,20,Sunny,1,48.32,Spring,0,201
2022-04-08,S005,P0018,Clothing,North,101,101,142,21.7,10,Sunny,1,25.66,Spring,0,127
2022-04-08,S005,P0019,Furniture,North,233,72,231,151.39,10,Sunny,1,137.06,Spring,0,115
2022-04-08,S005,P0020,Toys,North,175,116,160,34.99,15,Sunny,1,30.63,Spring,0,174
2022-04-09,S001,P0001,Electronics,North,148,43,0,64.08,0,Cloudy,0,69.55,Spring,0,63
2022-04-09,S001,P0002,Clothing,North,94,94,177,67.38,25,Cloudy,1,58.23,Spring,0,187
2022-04-09,S001,P0003,Clothing,North,332,166,0,58.43,25,Cloudy,1,61.94,Spring,0,220
2022-04-09,S001,P0004,Electronics,North,214,94,0,98.66,5,Cloudy,0,117.39,Spring,0,83
2022-04-09,S001,P0005,Groceries,North,620,98,0,59.56,5,Cloudy,0,67.04,Spring,0,115
2022-04-09,S001,P0006,Toys,North,693,82,0,37.56,0,Cloudy,0,43.76,Spring,0,69
2022-04-09,S001,P0007,Groceries,North,356,129,0,26.88,10,Cloudy,1,26.57,Spring,0,141
2022-04-09,S001,P0008,Electronics,North,107,70,0,35.43,10,Cloudy,0,40.96,Spring,0,58
2022-04-09,S001,P0009,Clothing,North,224,64,0,81.05,10,Cloudy,0,94.22,Spring,0,98
2022-04-09,S001,P0010,Furniture,North,609,46,0,123.66,0,Cloudy,0,139.26,Spring,0,64
2022-04-09,S001,P0011,Furniture,North,377,62,0,166.36,10,Cloudy,1,157.76,Spring,0,98
2022-04-09,S001,P0012,Groceries,North,456,110,0,77.12,10,Cloudy,0,73.68,Spring,0,93
2022-04-09,S001,P0013,Toys,North,181,107,0,28.69,20,Cloudy,1,24.48,Spring,0,103
2022-04-09,S001,P0014,Groceries,North,116,100,0,74.98,5,Cloudy,0,65.07,Spring,0,107
2022-04-09,S001,P0015,Toys,North,121,121,100,16.63,5,Cloudy,0,15.82,Spring,0,106
2022-04-09,S001,P0016,Groceries,North,575,120,0,42.9,0,Cloudy,0,41.02,Spring,0,113
2022-04-09,S001,P0017,Toys,North,312,132,0,26.45,5,Cloudy,0,23.12,Spring,0,144
2022-04-09,S001,P0018,Groceries,North,236,68,0,63.08,0,Cloudy,0,73.23,Spring,0,110
2022-04-09,S001,P0019,Furniture,North,179,30,0,85.08,15,Cloudy,1,74.6,Spring,0,31
2022-04-09,S001,P0020,Furniture,North,230,44,0,120.72,0,Cloudy,0,108.77,Spring,0,64
2022-04-09,S002,P0001,Groceries,South,193,135,0,79.58,10,Sunny,0,88.52,Spring,0,126
2022-04-09,S002,P0002,Toys,South,229,39,0,25.01,20,Sunny,1,24.83,Spring,0,64
2022-04-09,S002,P0003,Groceries,South,573,212,700,88.45,25,Sunny,1,95.77,Spring,0,236
2022-04-09,S002,P0004,Groceries,South,544,164,0,46.0,5,Sunny,0,54.06,Spring,0,143
2022-04-09,S002,P0005,Electronics,South,501,98,0,98.21,0,Sunny,0,84.5,Spring,0,97
2022-04-09,S002,P0006,Clothing,South,124,81,70,66.66,0,Sunny,0,62.62,Spring,0,85
2022-04-09,S002,P0007,Toys,South,731,77,0,23.89,15,Sunny,1,20.59,Spring,0,76
2022-04-09,S002,P0008,Groceries,South,152,73,90,26.95,5,Sunny,0,25.77,Spring,0,112
2022-04-09,S002,P0009,Groceries,South,408,119,0,56.92,10,Sunny,0,60.7,Spring,0,102
2022-04-09,S002,P0010,Groceries,South,44,44,128,101.72,0,Sunny,0,87.44,Spring,0,125
2022-04-09,S002,P0011,Groceries,South,754,88,0,104.36,10,Sunny,1,102.06,Spring,0,145
2022-04-09,S002,P0012,Electronics,South,57,57,0,54.06,10,Sunny,0,61.69,Spring,0,57
2022-04-09,S002,P0013,Groceries,South,276,177,0,23.45,20,Sunny,1,21.37,Spring,0,175
2022-04-09,S002,P0014,Electronics,South,154,77,0,115.94,10,Sunny,0,134.8,Spring,0,105
2022-04-09,S002,P0015,Clothing,South,448,198,775,83.91,5,Sunny,0,99.19,Spring,0,182
2022-04-09,S002,P0016,Clothing,South,254,81,256,90.44,10,Sunny,0,86.57,Spring,0,119
2022-04-09,S002,P0017,Toys,South,307,149,0,23.58,5,Sunny,0,20.83,Spring,0,132
2022-04-09,S002,P0018,Clothing,South,81,81,108,27.17,5,Sunny,0,29.57,Spring,0,104
2022-04-09,S002,P0019,Clothing,South,285,89,0,76.62,10,Sunny,1,91.55,Spring,0,87
2022-04-09,S002,P0020,Furniture,South,300,106,0,138.86,5,Sunny,0,148.35,Spring,0,110
2022-04-09,S003,P0001,Toys,East,73,56,0,15.47,5,Rainy,0,13.45,Spring,0,71
2022-04-09,S003,P0002,Groceries,East,239,182,0,52.2,25,Rainy,1,59.24,Spring,0,170
2022-04-09,S003,P0003,Electronics,East,138,57,82,69.3,15,Rainy,1,73.22,Spring,0,68
2022-04-09,S003,P0004,Groceries,East,499,56,0,20.38,10,Rainy,0,19.57,Spring,0,77
2022-04-09,S003,P0005,Toys,East,783,110,0,24.37,5,Rainy,0,27.87,Spring,0,134
2022-04-09,S003,P0006,Toys,East,125,103,115,42.37,5,Rainy,0,39.78,Spring,0,119
2022-04-09,S003,P0007,Groceries,East,385,98,0,15.8,10,Rainy,1,17.76,Spring,0,121
2022-04-09,S003,P0008,Clothing,East,288,51,0,103.0,0,Rainy,0,118.27,Spring,0,63
2022-04-09,S003,P0009,Groceries,East,112,95,108,53.94,10,Rainy,0,60.62,Spring,0,130
2022-04-09,S003,P0010,Groceries,East,165,38,0,33.95,0,Rainy,0,37.65,Spring,0,58
2022-04-09,S003,P0011,Electronics,East,391,127,0,113.43,25,Rainy,1,122.9,Spring,0,162
2022-04-09,S003,P0012,Furniture,East,368,61,0,107.41,0,Rainy,0,106.63,Spring,0,84
2022-04-09,S003,P0013,Groceries,East,817,112,0,65.39,20,Rainy,1,56.8,Spring,0,118
2022-04-09,S003,P0014,Groceries,East,314,104,292,90.42,10,Rainy,0,89.33,Spring,0,99
2022-04-09,S003,P0015,Groceries,East,686,32,0,78.59,5,Rainy,0,87.58,Spring,0,51
2022-04-09,S003,P0016,Electronics,East,133,51,0,83.86,5,Rainy,0,81.69,Spring,0,46
2022-04-09,S003,P0017,Furniture,East,331,46,0,115.32,5,Rainy,0,130.92,Spring,0,74
2022-04-09,S003,P0018,Furniture,East,471,39,0,127.29,5,Rainy,0,116.71,Spring,0,59
2022-04-09,S003,P0019,Groceries,East,81,81,99,50.25,20,Rainy,1,43.18,Spring,0,123
2022-04-09,S003,P0020,Clothing,East,100,100,0,76.15,5,Rainy,0,72.02,Spring,0,103
2022-04-09,S004,P0001,Groceries,West,477,39,0,8.23,10,Rainy,0,9.4,Spring,0,45
2022-04-09,S004,P0002,Groceries,West,387,71,0,18.34,10,Rainy,1,19.62,Spring,0,99
2022-04-09,S004,P0003,Furniture,West,103,103,377,135.93,15,Rainy,1,150.65,Spring,0,115
2022-04-09,S004,P0004,Groceries,West,177,76,0,44.83,10,Rainy,0,50.68,Spring,0,76
2022-04-09,S004,P0005,Clothing,West,131,86,137,70.15,10,Rainy,0,83.62,Spring,0,116
2022-04-09,S004,P0006,Groceries,West,180,68,254,34.34,10,Rainy,0,40.1,Spring,0,111
2022-04-09,S004,P0007,Groceries,West,387,74,0,24.99,15,Rainy,1,29.21,Spring,0,105
2022-04-09,S004,P0008,Furniture,West,113,55,74,89.7,10,Rainy,0,107.82,Spring,0,77
2022-04-09,S004,P0009,Clothing,West,204,106,0,123.4,0,Rainy,0,144.2,Spring,0,116
2022-04-09,S004,P0010,Groceries,West,717,144,0,30.4,0,Rainy,0,28.93,Spring,0,132
2022-04-09,S004,P0011,Clothing,West,166,102,0,47.17,20,Rainy,1,49.92,Spring,0,92
2022-04-09,S004,P0012,Electronics,West,193,105,0,117.55,10,Rainy,0,134.6,Spring,0,135
2022-04-09,S004,P0013,Groceries,West,263,154,0,20.93,15,Rainy,1,25.02,Spring,0,158
2022-04-09,S004,P0014,Furniture,West,86,68,0,159.16,10,Rainy,0,142.05,Spring,0,75
2022-04-09,S004,P0015,Furniture,West,257,23,0,77.83,5,Rainy,0,67.32,Spring,0,19
2022-04-09,S004,P0016,Furniture,West,121,57,0,115.79,5,Rainy,0,105.14,Spring,0,69
2022-04-09,S004,P0017,Clothing,West,138,75,88,83.53,10,Rainy,0,92.4,Spring,0,81
2022-04-09,S004,P0018,Furniture,West,117,56,74,159.74,10,Rainy,0,152.13,Spring,0,87
2022-04-09,S004,P0019,Clothing,West,160,90,0,48.25,20,Rainy,1,43.28,Spring,0,82
2022-04-09,S004,P0020,Furniture,West,163,58,0,113.76,10,Rainy,0,113.47,Spring,0,51
2022-04-09,S005,P0001,Groceries,North,192,98,283,13.15,10,Cloudy,0,14.21,Spring,0,163
2022-04-09,S005,P0002,Electronics,North,55,55,0,34.95,25,Cloudy,1,32.28,Spring,0,115
2022-04-09,S005,P0003,Toys,North,240,150,144,28.71,20,Cloudy,1,30.54,Spring,0,151
2022-04-09,S005,P0004,Groceries,North,225,136,0,8.54,5,Cloudy,0,8.11,Spring,0,131
2022-04-09,S005,P0005,Groceries,North,106,68,0,16.03,5,Cloudy,0,13.89,Spring,0,93
2022-04-09,S005,P0006,Groceries,North,609,67,0,61.38,5,Cloudy,0,54.93,Spring,0,107
2022-04-09,S005,P0007,Groceries,North,271,70,0,58.92,25,Cloudy,1,56.64,Spring,0,70
2022-04-09,S005,P0008,Groceries,North,168,53,0,57.64,0,Cloudy,0,55.22,Spring,0,59
2022-04-09,S005,P0009,Groceries,North,362,89,0,92.97,0,Cloudy,0,83.52,Spring,0,74
2022-04-09,S005,P0010,Groceries,North,130,46,0,54.18,0,Cloudy,0,63.24,Spring,0,70
2022-04-09,S005,P0011,Electronics,North,346,105,0,76.66,20,Cloudy,1,65.36,Spring,0,135
2022-04-09,S005,P0012,Furniture,North,565,82,0,121.59,5,Cloudy,0,136.24,Spring,0,72
2022-04-09,S005,P0013,Groceries,North,195,145,0,79.34,10,Cloudy,1,70.64,Spring,0,136
2022-04-09,S005,P0014,Furniture,North,324,100,241,189.45,0,Cloudy,0,167.12,Spring,0,99
2022-04-09,S005,P0015,Groceries,North,223,105,213,47.55,5,Cloudy,0,56.4,Spring,0,98
2022-04-09,S005,P0016,Toys,North,15,15,0,30.13,5,Cloudy,0,26.56,Spring,0,53
2022-04-09,S005,P0017,Toys,North,197,88,0,40.14,0,Cloudy,0,44.35,Spring,0,115
2022-04-09,S005,P0018,Clothing,North,142,57,0,19.59,5,Cloudy,0,18.92,Spring,0,65
2022-04-09,S005,P0019,Furniture,North,161,149,0,131.57,25,Cloudy,1,124.2,Spring,0,129
2022-04-09,S005,P0020,Toys,North,219,81,0,26.9,10,Cloudy,0,28.34,Spring,0,85
2022-04-10,S001,P0001,Electronics,North,369,131,333,86.0,5,Rainy,0,76.77,Spring,0,154
2022-04-10,S001,P0002,Clothing,North,177,79,0,62.23,5,Rainy,0,66.62,Spring,0,96
2022-04-10,S001,P0003,Clothing,North,166,121,0,57.76,5,Rainy,0,55.57,Spring,0,110
2022-04-10,S001,P0004,Electronics,North,120,46,146,100.98,0,Rainy,0,116.04,Spring,0,75
2022-04-10,S001,P0005,Groceries,North,522,105,684,51.4,25,Rainy,1,61.91,Spring,0,145
2022-04-10,S001,P0006,Toys,North,611,130,0,42.07,10,Rainy,1,47.58,Spring,0,136
2022-04-10,S001,P0007,Groceries,North,1233,156,0,28.07,5,Rainy,0,26.87,Spring,0,137
2022-04-10,S001,P0008,Electronics,North,37,37,71,37.83,10,Rainy,0,42.75,Spring,0,76
2022-04-10,S001,P0009,Clothing,North,160,151,145,109.89,5,Rainy,0,100.07,Spring,0,165
2022-04-10,S001,P0010,Furniture,North,563,32,0,116.15,5,Rainy,0,108.14,Spring,0,48
2022-04-10,S001,P0011,Furniture,North,315,38,0,138.34,10,Rainy,0,127.15,Spring,0,47
2022-04-10,S001,P0012,Groceries,North,346,86,0,77.52,5,Rainy,0,88.93,Spring,0,94
2022-04-10,S001,P0013,Toys,North,74,74,132,38.09,0,Rainy,0,33.59,Spring,0,122
2022-04-10,S001,P0014,Groceries,North,579,87,0,74.48,5,Rainy,0,73.02,Spring,0,105
2022-04-10,S001,P0015,Toys,North,100,100,158,17.38,20,Rainy,1,16.91,Spring,0,180
2022-04-10,S001,P0016,Groceries,North,455,74,0,35.2,5,Rainy,0,40.26,Spring,0,84
2022-04-10,S001,P0017,Toys,North,180,93,0,21.49,5,Rainy,0,25.31,Spring,0,93
2022-04-10,S001,P0018,Groceries,North,168,75,100,62.86,0,Rainy,0,58.45,Spring,0,93
2022-04-10,S001,P0019,Furniture,North,149,105,0,107.86,10,Rainy,0,127.13,Spring,0,92
2022-04-10,S001,P0020,Furniture,North,186,108,0,119.39,10,Rainy,0,118.53,Spring,0,91
2022-04-10,S002,P0001,Groceries,South,58,58,376,85.37,0,Cloudy,0,96.71,Spring,0,114
2022-04-10,S002,P0002,Toys,South,190,77,225,33.29,5,Cloudy,0,32.95,Spring,0,97
2022-04-10,S002,P0003,Groceries,South,361,72,0,73.74,10,Cloudy,0,64.52,Spring,0,86
2022-04-10,S002,P0004,Groceries,South,380,168,480,49.66,5,Cloudy,0,48.51,Spring,0,151
2022-04-10,S002,P0005,Electronics,South,403,115,0,84.57,25,Cloudy,1,95.51,Spring,0,160
2022-04-10,S002,P0006,Clothing,South,113,28,0,45.16,10,Cloudy,1,52.96,Spring,0,25
2022-04-10,S002,P0007,Toys,South,654,107,0,30.04,10,Cloudy,0,36.32,Spring,0,146
2022-04-10,S002,P0008,Groceries,South,169,169,147,30.12,5,Cloudy,0,26.76,Spring,0,149
2022-04-10,S002,P0009,Groceries,South,289,71,0,57.64,5,Cloudy,0,66.96,Spring,0,90
2022-04-10,S002,P0010,Groceries,South,128,111,79,88.66,5,Cloudy,0,87.29,Spring,0,97
2022-04-10,S002,P0011,Groceries,South,666,113,0,106.15,5,Cloudy,0,97.84,Spring,0,133
2022-04-10,S002,P0012,Electronics,South,898,116,0,64.98,10,Cloudy,0,77.5,Spring,0,110
2022-04-10,S002,P0013,Groceries,South,523,92,0,22.12,0,Cloudy,0,21.42,Spring,0,82
2022-04-10,S002,P0014,Electronics,South,77,77,0,106.41,10,Cloudy,0,122.37,Spring,0,79
2022-04-10,S002,P0015,Clothing,South,250,113,0,57.71,25,Cloudy,1,57.34,Spring,0,115
2022-04-10,S002,P0016,Clothing,South,173,74,0,95.0,5,Cloudy,0,87.22,Spring,0,117
2022-04-10,S002,P0017,Toys,South,158,136,0,20.05,10,Cloudy,0,22.41,Spring,0,114
2022-04-10,S002,P0018,Clothing,South,108,65,75,23.79,10,Cloudy,0,22.02,Spring,0,66
2022-04-10,S002,P0019,Clothing,South,196,93,0,81.17,5,Cloudy,0,92.76,Spring,0,88
2022-04-10,S002,P0020,Furniture,South,194,67,0,136.14,0,Cloudy,0,130.66,Spring,0,74
2022-04-10,S003,P0001,Toys,East,293,76,0,16.81,0,Cloudy,0,18.11,Spring,0,95
2022-04-10,S003,P0002,Groceries,East,613,89,0,55.47,0,Cloudy,0,61.91,Spring,0,94
2022-04-10,S003,P0003,Electronics,East,163,122,129,98.2,5,Cloudy,0,91.47,Spring,0,124
2022-04-10,S003,P0004,Groceries,East,443,120,0,22.41,10,Cloudy,0,24.94,Spring,0,121
2022-04-10,S003,P0005,Toys,East,673,167,618,23.43,20,Cloudy,1,26.24,Spring,0,183
2022-04-10,S003,P0006,Toys,East,137,106,103,32.78,15,Cloudy,1,37.92,Spring,0,90
2022-04-10,S003,P0007,Groceries,East,287,50,0,14.28,0,Cloudy,0,15.09,Spring,0,61
2022-04-10,S003,P0008,Clothing,East,237,65,0,96.12,5,Cloudy,0,115.74,Spring,0,58
2022-04-10,S003,P0009,Groceries,East,125,62,81,50.06,5,Cloudy,0,55.37,Spring,0,89
2022-04-10,S003,P0010,Groceries,East,127,92,124,40.63,10,Cloudy,0,45.39,Spring,0,144
2022-04-10,S003,P0011,Electronics,East,264,138,368,135.58,10,Cloudy,0,154.56,Spring,0,161
2022-04-10,S003,P0012,Furniture,East,307,52,0,87.21,5,Cloudy,0,103.11,Spring,0,55
2022-04-10,S003,P0013,Groceries,East,705,139,0,75.96,10,Cloudy,0,82.75,Spring,0,146
2022-04-10,S003,P0014,Groceries,East,210,109,0,96.73,10,Cloudy,0,108.44,Spring,0,138
2022-04-10,S003,P0015,Groceries,East,654,160,877,126.11,15,Cloudy,1,139.95,Spring,0,253
2022-04-10,S003,P0016,Electronics,East,345,149,286,124.95,0,Cloudy,0,110.77,Spring,0,150
2022-04-10,S003,P0017,Furniture,East,285,88,0,130.26,5,Cloudy,0,119.91,Spring,0,94
2022-04-10,S003,P0018,Furniture,East,432,64,0,130.63,5,Cloudy,0,151.54,Spring,0,80
2022-04-10,S003,P0019,Groceries,East,99,99,123,65.01,0,Cloudy,0,75.61,Spring,0,152
2022-04-10,S003,P0020,Clothing,East,676,43,0,63.01,5,Cloudy,0,75.5,Spring,0,63
2022-04-10,S004,P0001,Groceries,West,438,113,395,10.38,10,Cloudy,0,10.16,Spring,0,94
2022-04-10,S004,P0002,Groceries,West,316,133,0,20.55,10,Cloudy,0,19.7,Spring,0,119
2022-04-10,S004,P0003,Furniture,West,250,81,0,141.33,5,Cloudy,0,160.06,Spring,0,93
2022-04-10,S004,P0004,Groceries,West,101,101,489,63.21,5,Cloudy,0,68.93,Spring,0,170
2022-04-10,S004,P0005,Clothing,West,182,126,0,59.46,25,Cloudy,1,65.83,Spring,0,121
2022-04-10,S004,P0006,Groceries,West,112,65,0,25.18,20,Cloudy,1,30.32,Spring,0,56
2022-04-10,S004,P0007,Groceries,West,313,119,0,34.6,5,Cloudy,0,34.52,Spring,0,160
2022-04-10,S004,P0008,Furniture,West,132,58,0,96.7,5,Cloudy,0,94.22,Spring,0,69
2022-04-10,S004,P0009,Clothing,West,98,40,0,105.63,0,Cloudy,0,101.3,Spring,0,56
2022-04-10,S004,P0010,Groceries,West,573,101,0,28.85,5,Cloudy,0,25.02,Spring,0,132
2022-04-10,S004,P0011,Clothing,West,975,124,0,59.64,10,Cloudy,0,69.46,Spring,0,128
2022-04-10,S004,P0012,Electronics,West,88,88,117,127.79,0,Cloudy,0,141.08,Spring,0,128
2022-04-10,S004,P0013,Groceries,West,546,164,497,23.67,5,Cloudy,0,25.42,Spring,0,162
2022-04-10,S004,P0014,Furniture,West,250,57,0,167.62,5,Cloudy,0,146.07,Spring,0,74
2022-04-10,S004,P0015,Furniture,West,234,67,0,87.39,15,Cloudy,1,85.66,Spring,0,76
2022-04-10,S004,P0016,Furniture,West,340,73,0,110.3,10,Cloudy,0,130.28,Spring,0,85
2022-04-10,S004,P0017,Clothing,West,151,109,127,97.88,10,Cloudy,0,92.82,Spring,0,113
2022-04-10,S004,P0018,Furniture,West,135,45,0,153.93,0,Cloudy,0,135.72,Spring,0,48
2022-04-10,S004,P0019,Clothing,West,70,64,61,46.61,10,Cloudy,0,55.52,Spring,0,54
2022-04-10,S004,P0020,Furniture,West,105,78,114,115.76,10,Cloudy,0,131.76,Spring,0,69
2022-04-10,S005,P0001,Groceries,North,94,68,0,11.79,0,Rainy,0,13.58,Spring,0,92
2022-04-10,S005,P0002,Electronics,North,477,168,543,53.93,0,Rainy,0,53.45,Spring,0,165
2022-04-10,S005,P0003,Toys,North,234,110,0,31.94,0,Rainy,0,27.97,Spring,0,96
2022-04-10,S005,P0004,Groceries,North,89,89,82,7.68,5,Rainy,0,6.78,Spring,0,97
2022-04-10,S005,P0005,Groceries,North,226,91,202,14.65,15,Rainy,1,12.55,Spring,0,99
2022-04-10,S005,P0006,Groceries,North,542,216,804,73.47,10,Rainy,1,88.46,Spring,0,210
2022-04-10,S005,P0007,Groceries,North,201,132,261,82.59,10,Rainy,0,78.17,Spring,0,116
2022-04-10,S005,P0008,Groceries,North,115,115,153,65.47,5,Rainy,0,72.81,Spring,0,128
2022-04-10,S005,P0009,Groceries,North,273,38,0,79.84,5,Rainy,0,76.26,Spring,0,47
2022-04-10,S005,P0010,Groceries,North,623,60,0,57.69,5,Rainy,0,55.75,Spring,0,88
2022-04-10,S005,P0011,Electronics,North,241,58,0,72.62,5,Rainy,0,71.65,Spring,0,66
2022-04-10,S005,P0012,Furniture,North,483,39,0,116.85,5,Rainy,0,137.94,Spring,0,61
2022-04-10,S005,P0013,Groceries,North,50,40,0,59.07,10,Rainy,0,64.3,Spring,0,62
2022-04-10,S005,P0014,Furniture,North,224,43,0,154.05,5,Rainy,0,152.92,Spring,0,55
2022-04-10,S005,P0015,Groceries,North,118,85,0,41.57,20,Rainy,1,36.56,Spring,0,93
2022-04-10,S005,P0016,Toys,North,326,74,0,34.62,0,Rainy,0,38.98,Spring,0,92
2022-04-10,S005,P0017,Toys,North,109,95,91,37.23,5,Rainy,0,42.38,Spring,0,107
2022-04-10,S005,P0018,Clothing,North,85,25,0,16.72,5,Rainy,0,20.17,Spring,0,37
2022-04-10,S005,P0019,Furniture,North,243,73,0,132.48,5,Rainy,0,152.33,Spring,0,75
2022-04-10,S005,P0020,Toys,North,138,72,0,26.18,5,Rainy,0,28.84,Spring,0,62
